# File generated by ImageToStl.com - Free Image and 3D model conversion tools

mtllib kris_from_deltarune_low_poly_model_dark.mtl

o obj1
v 0.12857448 0.86563458 0.03180191
v -0.12857448 0.86563458 0.03180191
v 0 0.69992937 -0.01728221
v -0.12857448 0.86563458 0.03180191
v 0.12857448 0.86563458 0.03180191
v 0.12857448 0.92453551 -0.16704434
v -0.12857448 0.92453551 -0.16704434
v -0.12857448 0.92453551 -0.16704434
v 0.12857448 0.92453551 -0.16704434
v 0 0.82744111 -0.22531217
v 0 0.69992937 -0.01728221
v 0.11329009 0.48929099 -0.06035106
v 0.15105345 0.53373726 -0.05729595
v 0.15105345 0.53373726 -0.05729595
v 0.11329009 0.48929099 -0.06035106
v 0.11329009 0.54819193 -0.22290469
v 0.15105345 0.59263821 -0.21984956
v 0 0.82744111 -0.22531217
v 0.05824452 0.53485364 -0.22595981
v 0 0.5323721 -0.23207005
v 0 0.69992937 -0.01728221
v 0.17818394 0.60152277 -0.04182426
v 0.18111935 0.66930828 -0.02635258
v 0.18111935 0.66930828 -0.02635258
v 0.17818394 0.60152277 -0.04182426
v 0.17818394 0.66042372 -0.20783432
v 0.17593468 0.72820922 -0.20446019
v 0 0.82744111 -0.22531217
v 0.17818394 0.66042372 -0.20783432
v 0.15105345 0.59263821 -0.21984956
v 0.15927368 0.78809927 0.00883491
v 0.15927368 0.84700021 -0.19001134
v 0.15927368 0.78809927 0.00883491
v 0.17593468 0.72820922 -0.20446019
v 0.15927368 0.84700021 -0.19001134
v 0.17593468 0.72820922 -0.20446019
v 0 0.82744111 -0.22531217
v 0.12857448 0.92453551 -0.16704434
v 0.12857448 0.86563458 0.03180191
v 0 0.82744111 -0.22531217
v 0 0.5323721 -0.23207005
v 0.05824452 0.53485364 -0.22595981
v 0.05824452 0.47595269 -0.06340619
v 0 0.47347117 -0.06951643
v 0 0.47347117 -0.06951643
v 0.05824452 0.47595269 -0.06340619
v 0 0.69992937 -0.01728221
v 0.11329009 0.54819193 -0.22290469
v 0.05824452 0.53485364 -0.22595981
v 0.11329009 0.54819193 -0.22290469
v 0.11329009 0.48929099 -0.06035106
v 0.05824452 0.47595269 -0.06340619
v 0.11329009 0.48929099 -0.06035106
v 0.15105345 0.59263821 -0.21984956
v 0.17818394 0.60152277 -0.04182426
v 0.15105345 0.53373726 -0.05729595
v 0.17818394 0.60152277 -0.04182426
v 0 0.82744111 -0.22531217
v -0.11329009 0.48929099 -0.06035106
v 0 0.69992937 -0.01728221
v -0.15105345 0.53373726 -0.05729595
v -0.11329009 0.54819193 -0.22290469
v -0.11329009 0.48929099 -0.06035106
v -0.15105345 0.53373726 -0.05729595
v -0.15105345 0.59263821 -0.21984956
v -0.05824452 0.53485364 -0.22595981
v 0 0.82744111 -0.22531217
v 0 0.5323721 -0.23207005
v -0.17818394 0.60152277 -0.04182426
v 0 0.69992937 -0.01728221
v -0.18111935 0.66930828 -0.02635258
v -0.17818394 0.66042372 -0.20783432
v -0.17818394 0.60152277 -0.04182426
v -0.18111935 0.66930828 -0.02635258
v -0.17593468 0.72820922 -0.20446019
v -0.17818394 0.66042372 -0.20783432
v 0 0.82744111 -0.22531217
v -0.15105345 0.59263821 -0.21984956
v -0.15927368 0.78809927 0.00883491
v -0.15927368 0.78809927 0.00883491
v -0.15927368 0.84700021 -0.19001134
v -0.17593468 0.72820922 -0.20446019
v -0.17593468 0.72820922 -0.20446019
v -0.15927368 0.84700021 -0.19001134
v 0 0.82744111 -0.22531217
v -0.12857448 0.86563458 0.03180191
v -0.12857448 0.92453551 -0.16704434
v 0 0.82744111 -0.22531217
v -0.05824452 0.47595269 -0.06340619
v -0.05824452 0.53485364 -0.22595981
v 0 0.5323721 -0.23207005
v 0 0.47347117 -0.06951643
v -0.05824452 0.47595269 -0.06340619
v 0 0.47347117 -0.06951643
v 0 0.69992937 -0.01728221
v -0.11329009 0.54819193 -0.22290469
v -0.05824452 0.53485364 -0.22595981
v -0.11329009 0.48929099 -0.06035106
v -0.11329009 0.54819193 -0.22290469
v -0.05824452 0.47595269 -0.06340619
v 0 0.69992937 -0.01728221
v -0.15105345 0.59263821 -0.21984956
v -0.17818394 0.60152277 -0.04182426
v -0.15105345 0.53373726 -0.05729595
v 0 0.69992937 -0.01728221
v 0 0.82744111 -0.22531217
vn -0 -1 0
vn 0 0 1
vn -0 0.96828 0.24985
vn 0.09627 -0.98599 0.13621
vn 0.75007 0.03943 -0.66019
vn 0.10335 0.9599 -0.26058
vn 0.01112 -0.99795 0.06306
vn 0.9991 0.00225 -0.04241
vn 0.18779 0.96491 -0.18354
vn 0.98481 0 0.17365
vn 0.19701 0.97095 -0.1358
vn 0.9349 0 0.35492
vn 0.16366 0.98456 0.06213
vn 0.07558 0.05945 -0.99537
vn -0.09225 -0.99387 0.06099
vn 0.05236 0.96102 -0.27149
vn 0.23954 0.05788 -0.96916
vn -0.00516 -0.9965 0.08347
vn 0.0615 0.96152 -0.26777
vn 0.92862 0.01964 -0.37052
vn 0.00932 -0.99816 0.0599
vn 0.14754 0.96226 -0.22866
vn -0.09627 -0.98599 0.13621
vn -0.75007 0.03943 -0.66019
vn -0.10335 0.9599 -0.26058
vn -0.01112 -0.99795 0.06306
vn -0.9991 0.00225 -0.04241
vn -0.18779 0.96491 -0.18354
vn -0.98481 0 0.17365
vn -0.19701 0.97095 -0.1358
vn -0.9349 0 0.35492
vn -0.16366 0.98456 0.06213
vn -0.07558 0.05945 -0.99537
vn 0.09225 -0.99387 0.06099
vn -0.05236 0.96102 -0.27149
vn -0.23954 0.05788 -0.96916
vn 0.00516 -0.9965 0.08347
vn -0.0615 0.96152 -0.26777
vn -0.92862 0.01964 -0.37052
vn -0.00932 -0.99816 0.0599
vn -0.14754 0.96226 -0.22866
vt 0.03601 0.68642
vt 0.00695 0.68642
vt 0.02148 0.66689
vt 0.13281 0.73438
vt 0.16406 0.73438
vt 0.16406 0.75781
vt 0.13281 0.75781
vt 0.14172 0.68049
vt 0.17078 0.68049
vt 0.15625 0.69329
vt 0.02148 0.66689
vt 0.03424 0.64257
vt 0.03855 0.64757
vt 0.37624 0.82702
vt 0.38277 0.82602
vt 0.38161 0.84553
vt 0.37509 0.84653
vt 0.15625 0.69329
vt 0.16519 0.7258
vt 0.15861 0.72656
vt 0.02148 0.66689
vt 0.04162 0.65542
vt 0.04195 0.66328
vt 0.35997 0.82799
vt 0.36782 0.82749
vt 0.36677 0.84737
vt 0.35933 0.84919
vt 0.15625 0.69329
vt 0.17785 0.71059
vt 0.1752 0.71852
vt 0.03948 0.67728
vt 0.34589 0.85151
vt 0.34576 0.82807
vt 0.35933 0.84919
vt 0.17444 0.68956
vt 0.17706 0.70296
vt 0.15625 0.69329
vt 0.33611 0.85156
vt 0.33598 0.82813
vt 0.15625 0.69329
vt 0.42052 0.55469
vt 0.41392 0.5541
vt 0.41401 0.53456
vt 0.42061 0.53515
vt 0.0214 0.64062
vt 0.02802 0.64103
vt 0.02148 0.66689
vt 0.1713 0.72384
vt 0.16519 0.7258
vt 0.40751 0.55426
vt 0.4076 0.53472
vt 0.41401 0.53456
vt 0.03424 0.64257
vt 0.1752 0.71852
vt 0.36782 0.82749
vt 0.37624 0.82702
vt 0.04162 0.65542
vt 0.15625 0.69329
vt 0.00873 0.64257
vt 0.02148 0.66689
vt 0.00442 0.64757
vt 0.1262 0.66584
vt 0.12504 0.64633
vt 0.13157 0.64734
vt 0.13272 0.66684
vt 0.14731 0.7258
vt 0.15625 0.69329
vt 0.15389 0.72656
vt 0.00135 0.65542
vt 0.02148 0.66689
vt 0.00102 0.66328
vt 0.14104 0.66769
vt 0.13999 0.64781
vt 0.14784 0.64831
vt 0.14848 0.6695
vt 0.13465 0.71059
vt 0.15625 0.69329
vt 0.1373 0.71852
vt 0.00348 0.67728
vt 0.16206 0.64838
vt 0.16193 0.67182
vt 0.14848 0.6695
vt 0.13544 0.70296
vt 0.13806 0.68956
vt 0.15625 0.69329
vt 0.17183 0.64844
vt 0.1717 0.67188
vt 0.15625 0.69329
vt 0.29693 0.53456
vt 0.29701 0.5541
vt 0.29042 0.55469
vt 0.29033 0.53515
vt 0.01495 0.64103
vt 0.02156 0.64062
vt 0.02148 0.66689
vt 0.1412 0.72384
vt 0.14731 0.7258
vt 0.30333 0.53472
vt 0.30342 0.55426
vt 0.29693 0.53456
vt 0.02148 0.66689
vt 0.1373 0.71852
vt 0.13999 0.64781
vt 0.13157 0.64734
vt 0.02148 0.66689
vt 0.15625 0.69329
usemtl mat0
f 1/1/1 2/2/1 3/3/1
f 4/4/2 5/5/2 6/6/2
f 4/4/2 6/6/2 7/7/2
f 8/8/3 9/9/3 10/10/3
f 11/11/4 12/12/4 13/13/4
f 14/14/5 15/15/5 16/16/5
f 14/14/5 16/16/5 17/17/5
f 18/18/6 19/19/6 20/20/6
f 21/21/7 22/22/7 23/23/7
f 24/24/8 25/25/8 26/26/8
f 24/24/8 26/26/8 27/27/8
f 28/28/9 29/29/9 30/30/9
f 23/23/1 31/31/1 3/3/1
f 32/32/10 33/33/10 24/24/10
f 32/32/10 24/24/10 34/34/10
f 35/35/11 36/36/11 37/37/11
f 31/31/1 1/1/1 3/3/1
f 38/38/12 39/39/12 33/33/12
f 38/38/12 33/33/12 32/32/12
f 9/9/13 35/35/13 40/40/13
f 41/41/14 42/42/14 43/43/14
f 41/41/14 43/43/14 44/44/14
f 45/45/15 46/46/15 47/47/15
f 18/18/16 48/48/16 49/49/16
f 42/42/17 50/50/17 51/51/17
f 42/42/17 51/51/17 52/52/17
f 46/46/18 53/53/18 11/11/18
f 54/54/19 48/48/19 28/28/19
f 17/17/20 26/26/20 55/55/20
f 17/17/20 55/55/20 56/56/20
f 13/13/21 57/57/21 21/21/21
f 36/36/22 29/29/22 58/58/22
f 59/59/23 60/60/23 61/61/23
f 62/62/24 63/63/24 64/64/24
f 62/62/24 64/64/24 65/65/24
f 66/66/25 67/67/25 68/68/25
f 69/69/26 70/70/26 71/71/26
f 72/72/27 73/73/27 74/74/27
f 72/72/27 74/74/27 75/75/27
f 76/76/28 77/77/28 78/78/28
f 79/79/1 71/71/1 3/3/1
f 74/74/29 80/80/29 81/81/29
f 74/74/29 81/81/29 82/82/29
f 83/83/30 84/84/30 85/85/30
f 2/2/1 79/79/1 3/3/1
f 80/80/31 86/86/31 87/87/31
f 80/80/31 87/87/31 81/81/31
f 84/84/32 8/8/32 88/88/32
f 89/89/33 90/90/33 91/91/33
f 89/89/33 91/91/33 92/92/33
f 93/93/34 94/94/34 95/95/34
f 96/96/35 67/67/35 97/97/35
f 98/98/36 99/99/36 90/90/36
f 98/98/36 90/90/36 100/100/36
f 59/59/37 93/93/37 101/101/37
f 96/96/38 102/102/38 77/77/38
f 103/103/39 72/72/39 65/65/39
f 103/103/39 65/65/39 104/104/39
f 69/69/40 61/61/40 105/105/40
f 76/76/41 83/83/41 106/106/41
# Vertices: 106, normals: 41, texture coordinates: 106, faces: 60

o obj2
v -0.12857448 0.87085313 -0.04282694
v 0.12857448 0.87085313 -0.04282694
v 0 0.69992937 -0.01728221
v 0.12857448 0.90150681 0.16228159
v 0.12857448 0.87085313 -0.04282694
v -0.12857448 0.87085313 -0.04282694
v -0.12857448 0.90150681 0.16228159
v 0.12857448 0.90150681 0.16228159
v -0.12857448 0.90150681 0.16228159
v -0 0.797248 0.20646943
v 0 0.69992937 -0.01728221
v -0.11329009 0.54583461 -0.00394768
v -0.15105345 0.56262199 -0.00078735
v -0.15105345 0.56262199 -0.00078735
v -0.11329009 0.54583461 -0.00394768
v -0.11329009 0.58153923 0.16522141
v -0.15105345 0.59832663 0.16838174
v -0 0.797248 0.20646943
v -0.05824452 0.57827488 0.16639045
v 0 0.57669534 0.17209587
v 0 0.69992937 -0.01728221
v -0.17818394 0.59906486 -0.00667454
v -0.18111935 0.66834393 -0.01256173
v -0.18111935 0.66834393 -0.01256173
v -0.17818394 0.59906486 -0.00667454
v -0.17818394 0.63428846 0.16591734
v -0.17593468 0.70188387 0.17200997
v -0 0.797248 0.20646943
v -0.17818394 0.63428846 0.16591734
v -0.15105345 0.59832663 0.16838174
v -0.15927368 0.790876 -0.03087427
v -0.15927368 0.82152968 0.17423425
v -0.15927368 0.790876 -0.03087427
v -0.17593468 0.70188387 0.17200997
v -0.15927368 0.82152968 0.17423425
v -0.17593468 0.70188387 0.17200997
v -0 0.797248 0.20646943
v -0.12857448 0.90150681 0.16228159
v -0.12857448 0.87085313 -0.04282694
v 0 0.57669534 0.17209587
v -0.05824452 0.57827488 0.16639045
v -0.05824452 0.54257024 -0.00277863
v 0 0.54099072 0.00292679
v 0 0.54099072 0.00292679
v -0.05824452 0.54257024 -0.00277863
v 0 0.69992937 -0.01728221
v -0.11329009 0.58153923 0.16522141
v -0.05824452 0.57827488 0.16639045
v -0.11329009 0.54583461 -0.00394768
v -0.05824452 0.54257024 -0.00277863
v -0.11329009 0.54583461 -0.00394768
v -0.15105345 0.59832663 0.16838174
v -0.15105345 0.59832663 0.16838174
v -0.17818394 0.59906486 -0.00667454
v -0.15105345 0.56262199 -0.00078735
v -0.17818394 0.59906486 -0.00667454
v -0 0.797248 0.20646943
v 0.11329009 0.54583461 -0.00394768
v 0 0.69992937 -0.01728221
v 0.15105345 0.56262199 -0.00078735
v 0.11329009 0.58153923 0.16522141
v 0.11329009 0.54583461 -0.00394768
v 0.15105345 0.56262199 -0.00078735
v 0.15105345 0.59832663 0.16838174
v 0.05824452 0.57827488 0.16639045
v -0 0.797248 0.20646943
v 0 0.57669534 0.17209587
v 0.17818394 0.59906486 -0.00667454
v 0 0.69992937 -0.01728221
v 0.18111935 0.66834393 -0.01256173
v 0.17818394 0.63428846 0.16591734
v 0.17818394 0.59906486 -0.00667454
v 0.18111935 0.66834393 -0.01256173
v 0.17593468 0.70188387 0.17200997
v 0.17818394 0.63428846 0.16591734
v -0 0.797248 0.20646943
v 0.15105345 0.59832663 0.16838174
v 0.15927368 0.790876 -0.03087427
v 0.15927368 0.790876 -0.03087427
v 0.15927368 0.82152968 0.17423425
v 0.17593468 0.70188387 0.17200997
v 0.17593468 0.70188387 0.17200997
v 0.15927368 0.82152968 0.17423425
v -0 0.797248 0.20646943
v 0.12857448 0.87085313 -0.04282694
v 0.12857448 0.90150681 0.16228159
v 0.05824452 0.54257024 -0.00277863
v 0.05824452 0.57827488 0.16639045
v 0 0.57669534 0.17209587
v 0 0.54099072 0.00292679
v 0.05824452 0.54257024 -0.00277863
v 0 0.54099072 0.00292679
v 0 0.69992937 -0.01728221
v 0.11329009 0.58153923 0.16522141
v 0.05824452 0.57827488 0.16639045
v 0.11329009 0.54583461 -0.00394768
v 0.05824452 0.54257024 -0.00277863
v 0 0.69992937 -0.01728221
v 0.15105345 0.59832663 0.16838174
v 0.17818394 0.59906486 -0.00667454
v 0.15105345 0.59832663 0.16838174
v 0.15105345 0.56262199 -0.00078735
v 0 0.69992937 -0.01728221
v -0 0.797248 0.20646943
vn -0 -1 0
vn 0 0 1
vn -0 0.96828 0.24985
vn 0.09166 -0.98745 0.1286
vn 0.38541 0.05501 -0.9211
vn 0.10045 0.94963 -0.29684
vn 0.01112 -0.99795 0.06306
vn 0.9991 0.00225 -0.04241
vn 0.16897 0.96411 -0.20481
vn 0.98481 0 0.17365
vn 0.19701 0.97095 -0.1358
vn 0.9349 0 0.35492
vn 0.16366 0.98456 0.06213
vn 0.04671 0.05955 -0.99713
vn -0.09334 -0.9954 0.02178
vn 0.03111 0.94839 -0.31559
vn 0.06229 0.0595 -0.99628
vn -0.01536 -0.99859 0.05075
vn 0.00105 0.94383 -0.33042
vn 0.79641 0.03202 -0.60391
vn -0.02221 -0.99974 0.00452
vn 0.14754 0.96226 -0.22866
vn -0.09166 -0.98745 0.1286
vn -0.38541 0.05501 -0.9211
vn -0.10045 0.94963 -0.29684
vn -0.01112 -0.99795 0.06306
vn -0.9991 0.00225 -0.04241
vn -0.16897 0.96411 -0.20481
vn -0.98481 0 0.17365
vn -0.19701 0.97095 -0.1358
vn -0.9349 0 0.35492
vn -0.16366 0.98456 0.06213
vn -0.04671 0.05955 -0.99713
vn 0.09334 -0.9954 0.02178
vn -0.03111 0.94839 -0.31559
vn -0.06229 0.0595 -0.99628
vn 0.01536 -0.99859 0.05075
vn -0.00105 0.94383 -0.33042
vn -0.79641 0.03202 -0.60391
vn 0.02221 -0.99974 0.00452
vn -0.14754 0.96226 -0.22866
vt 0.36414 0.99858
vt 0.33508 0.99858
vt 0.34961 0.97905
vt 0.25781 0.63281
vt 0.25781 0.60938
vt 0.28906 0.60938
vt 0.28906 0.63281
vt 0.25109 0.64173
vt 0.28016 0.64173
vt 0.26562 0.65453
vt 0.34961 0.97905
vt 0.36238 0.96154
vt 0.36667 0.96341
vt 0.42294 0.98046
vt 0.42757 0.97973
vt 0.42752 0.99927
vt 0.42289 1
vt 0.26563 0.65453
vt 0.27409 0.67912
vt 0.2675 0.67969
vt 0.34961 0.97905
vt 0.36974 0.96758
vt 0.37008 0.97544
vt 0.38439 0.67956
vt 0.39224 0.67906
vt 0.39119 0.69894
vt 0.38375 0.70075
vt 0.26563 0.65453
vt 0.28722 0.67183
vt 0.28438 0.67606
vt 0.36761 0.98944
vt 0.3703 0.70307
vt 0.37017 0.67963
vt 0.38375 0.70075
vt 0.28381 0.6508
vt 0.28644 0.6642
vt 0.26563 0.65453
vt 0.36053 0.70312
vt 0.3604 0.67969
vt 0.44034 0.99996
vt 0.43375 0.99934
vt 0.4338 0.9798
vt 0.44039 0.98042
vt 0.34955 0.96094
vt 0.35616 0.96117
vt 0.34961 0.97904
vt 0.28027 0.67831
vt 0.27409 0.67912
vt 0.42757 0.97973
vt 0.4338 0.9798
vt 0.36238 0.96154
vt 0.28438 0.67606
vt 0.39628 0.69866
vt 0.39224 0.67906
vt 0.39741 0.67916
vt 0.36974 0.96758
vt 0.26563 0.65453
vt 0.33684 0.96154
vt 0.34961 0.97905
vt 0.33254 0.96341
vt 0.2092 0.5774
vt 0.20915 0.55786
vt 0.21378 0.55859
vt 0.21383 0.57812
vt 0.25716 0.67912
vt 0.26562 0.65453
vt 0.26375 0.67969
vt 0.32948 0.96758
vt 0.34961 0.97905
vt 0.32914 0.97544
vt 0.36663 0.738
vt 0.36557 0.71812
vt 0.37342 0.71862
vt 0.37406 0.73981
vt 0.24403 0.67183
vt 0.26562 0.65453
vt 0.24687 0.67606
vt 0.33161 0.98944
vt 0.38764 0.7187
vt 0.38751 0.74213
vt 0.37406 0.73981
vt 0.24481 0.6642
vt 0.24744 0.6508
vt 0.26562 0.65453
vt 0.39741 0.71875
vt 0.39729 0.74219
vt 0.20291 0.55793
vt 0.20297 0.57747
vt 0.19638 0.57808
vt 0.19633 0.55854
vt 0.34306 0.96117
vt 0.34967 0.96094
vt 0.34961 0.97904
vt 0.25098 0.67831
vt 0.25716 0.67912
vt 0.20915 0.55786
vt 0.20291 0.55793
vt 0.34961 0.97904
vt 0.24687 0.67606
vt 0.36557 0.71812
vt 0.36154 0.73773
vt 0.3604 0.71822
vt 0.34961 0.97905
vt 0.26562 0.65453
usemtl mat0
f 107/107/42 108/108/42 109/109/42
f 110/110/43 111/111/43 112/112/43
f 110/110/43 112/112/43 113/113/43
f 114/114/44 115/115/44 116/116/44
f 117/117/45 118/118/45 119/119/45
f 120/120/46 121/121/46 122/122/46
f 120/120/46 122/122/46 123/123/46
f 124/124/47 125/125/47 126/126/47
f 127/127/48 128/128/48 129/129/48
f 130/130/49 131/131/49 132/132/49
f 130/130/49 132/132/49 133/133/49
f 134/134/50 135/135/50 136/136/50
f 129/129/42 137/137/42 109/109/42
f 138/138/51 139/139/51 130/130/51
f 138/138/51 130/130/51 140/140/51
f 141/141/52 142/142/52 143/143/52
f 137/137/42 107/107/42 109/109/42
f 144/144/53 145/145/53 139/139/53
f 144/144/53 139/139/53 138/138/53
f 115/115/54 141/141/54 116/116/54
f 146/146/55 147/147/55 148/148/55
f 146/146/55 148/148/55 149/149/55
f 150/150/56 151/151/56 152/152/56
f 124/124/57 153/153/57 154/154/57
f 147/147/58 122/122/58 155/155/58
f 147/147/58 155/155/58 156/156/58
f 151/151/59 157/157/59 117/117/59
f 158/158/60 153/153/60 134/134/60
f 159/159/61 132/132/61 160/160/61
f 159/159/61 160/160/61 161/161/61
f 119/119/62 162/162/62 127/127/62
f 142/142/63 135/135/63 163/163/63
f 164/164/64 165/165/64 166/166/64
f 167/167/65 168/168/65 169/169/65
f 167/167/65 169/169/65 170/170/65
f 171/171/66 172/172/66 173/173/66
f 174/174/67 175/175/67 176/176/67
f 177/177/68 178/178/68 179/179/68
f 177/177/68 179/179/68 180/180/68
f 181/181/69 182/182/69 183/183/69
f 184/184/42 176/176/42 109/109/42
f 179/179/70 185/185/70 186/186/70
f 179/179/70 186/186/70 187/187/70
f 188/188/71 189/189/71 190/190/71
f 108/108/42 184/184/42 109/109/42
f 185/185/72 191/191/72 192/192/72
f 185/185/72 192/192/72 186/186/72
f 189/189/73 114/114/73 116/116/73
f 193/193/74 194/194/74 195/195/74
f 193/193/74 195/195/74 196/196/74
f 197/197/75 198/198/75 199/199/75
f 200/200/76 172/172/76 201/201/76
f 202/202/77 167/167/77 194/194/77
f 202/202/77 194/194/77 203/203/77
f 164/164/78 197/197/78 204/204/78
f 200/200/79 205/205/79 182/182/79
f 206/206/80 177/177/80 207/207/80
f 206/206/80 207/207/80 208/208/80
f 174/174/81 166/166/81 209/209/81
f 181/181/82 188/188/82 210/210/82
# Vertices: 104, normals: 41, texture coordinates: 104, faces: 60

o obj3
v -0.16120695 0.9784309 0.08620578
v -0.11615545 0.98296735 0.05320141
v -0.19263766 0.99558445 0.01567023
v -0.13773086 0.92760042 0.12979914
v -0.064836 0.93494054 0.07639695
v -0.18415345 0.91132772 0.01567023
v -0.13773086 0.92760042 0.12979914
v -0.064836 0.93494054 0.07639695
v -0.10594311 0.98399568 0.00263579
v -0.19263766 0.99558445 0.01567023
v -0.11615545 0.98296735 0.05320141
v -0.064836 0.93494054 0.07639695
v -0.04831208 0.93660442 -0.00541994
v -0.10594311 0.98399568 0.00263579
v -0.064836 0.93494054 0.07639695
v -0.04831208 0.93660442 -0.00541994
v -0.13534839 0.98103473 -0.04183087
v -0.19263766 0.99558445 0.01567023
v -0.10594311 0.98399568 0.00263579
v -0.09589082 0.93181349 -0.0773685
v -0.13534839 0.98103473 -0.04183087
v -0.04831208 0.93660442 -0.00541994
v -0.09589082 0.93181349 -0.0773685
v -0.19061224 0.97546995 -0.05939213
v -0.19263766 0.99558445 0.01567023
v -0.13534839 0.98103473 -0.04183087
v -0.09589082 0.93181349 -0.0773685
v -0.18530961 0.92280949 -0.10578321
v -0.19061224 0.97546995 -0.05939213
v -0.09589082 0.93181349 -0.0773685
v -0.18530961 0.92280949 -0.10578321
v -0.22001752 0.97250899 0.08620578
v -0.16120695 0.9784309 0.08620578
v -0.19263766 0.99558445 0.01567023
v -0.23288835 0.91801856 0.12979914
v -0.23288835 0.91801856 0.12979914
v -0.13773086 0.92760042 0.12979914
v -0.26506902 0.96797254 0.05320141
v -0.19263766 0.99558445 0.01567023
v -0.30578321 0.91067843 0.07639695
v -0.23288835 0.91801856 0.12979914
v -0.18415345 0.91132772 0.01567023
v -0.23288835 0.91801856 0.12979914
v -0.30578321 0.91067843 0.07639695
v -0.27528136 0.96694421 0.00263579
v -0.19263766 0.99558445 0.01567023
v -0.32230714 0.90901456 -0.00541994
v -0.30578321 0.91067843 0.07639695
v -0.26506902 0.96797254 0.05320141
v -0.27528136 0.96694421 0.00263579
v -0.30578321 0.91067843 0.07639695
v -0.32230714 0.90901456 -0.00541994
v -0.24587609 0.96990517 -0.04183087
v -0.19263766 0.99558445 0.01567023
v -0.2747284 0.91380549 -0.0773685
v -0.27528136 0.96694421 0.00263579
v -0.24587609 0.96990517 -0.04183087
v -0.32230714 0.90901456 -0.00541994
v -0.2747284 0.91380549 -0.0773685
v -0.19061224 0.97546995 -0.05939213
v -0.19263766 0.99558445 0.01567023
v -0.18530961 0.92280949 -0.10578321
v -0.2747284 0.91380549 -0.0773685
v -0.24587609 0.96990517 -0.04183087
v -0.19061224 0.97546995 -0.05939213
v -0.2747284 0.91380549 -0.0773685
v -0.18530961 0.92280949 -0.10578321
vn 0.15444 0.96502 0.21188
vn 0.44464 0.65588 0.61001
vn -0.0562 0.99544 -0.0771
vn 0.23786 0.9701 0.04828
vn 0.7128 0.68628 0.14469
vn -0.08616 0.99613 -0.01749
vn 0.20873 0.96808 -0.13873
vn 0.61541 0.67378 -0.40902
vn -0.07575 0.99585 0.05035
vn 0.08195 0.96235 -0.25918
vn 0.23132 0.64127 -0.73162
vn -0.02989 0.99507 0.09455
vn -0 0.9613 0.27552
vn 0 0.63576 0.77188
vn 0 0.99493 -0.1006
vn -0.15444 0.96502 0.21188
vn -0.44464 0.65588 0.61001
vn -0.0562 -0.99544 0.0771
vn -0.23786 0.9701 0.04828
vn -0.7128 0.68628 0.14469
vn -0.08616 -0.99613 0.01749
vn -0.20873 0.96808 -0.13873
vn -0.61541 0.67378 -0.40902
vn -0.07575 -0.99585 -0.05035
vn -0.08195 0.96235 -0.25918
vn -0.23132 0.64127 -0.73162
vn -0.02989 -0.99507 -0.09455
vt 0.23796 0.61562
vt 0.24375 0.61817
vt 0.23627 0.6244
vt 0.24002 0.60787
vt 0.2494 0.612
vt 0.27464 0.5886
vt 0.26924 0.60156
vt 0.26094 0.59555
vt 0.24622 0.62345
vt 0.23627 0.6244
vt 0.46424 0.75466
vt 0.46271 0.74643
vt 0.47215 0.74643
vt 0.47007 0.75466
vt 0.26094 0.59555
vt 0.25901 0.58632
vt 0.24428 0.62917
vt 0.23627 0.6244
vt 0.47007 0.75466
vt 0.48047 0.75154
vt 0.47521 0.75781
vt 0.25901 0.58632
vt 0.26435 0.57814
vt 0.2388 0.63281
vt 0.23627 0.6244
vt 0.14311 0.50781
vt 0.14062 0.5
vt 0.15128 0.5
vt 0.1497 0.50781
vt 0.26435 0.57814
vt 0.27447 0.57481
vt 0.23128 0.61562
vt 0.23796 0.61562
vt 0.23462 0.62391
vt 0.22921 0.60787
vt 0.28005 0.60156
vt 0.26924 0.60156
vt 0.22608 0.61924
vt 0.23462 0.62391
vt 0.21935 0.61426
vt 0.22776 0.60841
vt 0.41049 0.78016
vt 0.41967 0.76953
vt 0.42568 0.77783
vt 0.22467 0.62489
vt 0.23462 0.62391
vt 0.46926 0.848
vt 0.47869 0.848
vt 0.47717 0.85622
vt 0.47133 0.85622
vt 0.42568 0.77783
vt 0.42463 0.78721
vt 0.22767 0.63013
vt 0.23462 0.62391
vt 0.46094 0.8531
vt 0.47133 0.85622
vt 0.46619 0.85938
vt 0.42463 0.78721
vt 0.41701 0.79331
vt 0.23375 0.63265
vt 0.23462 0.62391
vt 0.087 0.5
vt 0.09766 0.5
vt 0.09517 0.50781
vt 0.08858 0.50781
vt 0.41701 0.79331
vt 0.40635 0.79331
usemtl mat0
f 211/211/83 212/212/83 213/213/83
f 211/211/84 214/214/84 215/215/84
f 211/211/84 215/215/84 212/212/84
f 216/216/85 217/217/85 218/218/85
f 212/212/86 219/219/86 220/220/86
f 221/221/87 222/222/87 223/223/87
f 221/221/87 223/223/87 224/224/87
f 216/216/88 225/225/88 226/226/88
f 219/219/89 227/227/89 228/228/89
f 229/229/90 223/223/90 230/230/90
f 229/229/90 230/230/90 231/231/90
f 216/216/91 232/232/91 233/233/91
f 227/227/92 234/234/92 235/235/92
f 236/236/93 237/237/93 238/238/93
f 236/236/93 238/238/93 239/239/93
f 216/216/94 240/240/94 241/241/94
f 242/242/95 243/243/95 244/244/95
f 242/242/96 245/245/96 214/214/96
f 242/242/96 214/214/96 243/243/96
f 216/216/97 246/246/97 247/247/97
f 248/248/98 242/242/98 249/249/98
f 250/250/99 251/251/99 242/242/99
f 250/250/99 242/242/99 248/248/99
f 252/252/100 253/253/100 254/254/100
f 255/255/101 248/248/101 256/256/101
f 257/257/102 258/258/102 259/259/102
f 257/257/102 259/259/102 260/260/102
f 252/252/103 261/261/103 262/262/103
f 263/263/104 255/255/104 264/264/104
f 265/265/105 257/257/105 266/266/105
f 265/265/105 266/266/105 267/267/105
f 252/252/106 268/268/106 269/269/106
f 270/270/107 263/263/107 271/271/107
f 272/272/108 273/273/108 274/274/108
f 272/272/108 274/274/108 275/275/108
f 252/252/109 276/276/109 277/277/109
# Vertices: 67, normals: 27, texture coordinates: 67, faces: 36

o obj4
v -0.01728221 1.01965019 -0.01728221
v 0.25629731 0.97851591 0.0517635
v 0.33977256 0.96987481 0.04597506
v 0.33977256 0.96987481 0.04597506
v 0.25629731 0.97851591 0.0517635
v 0.2952654 0.93695878 0.10230846
v 0.38608011 0.92831768 0.09228259
v 0.38608011 0.92831768 0.09228259
v 0.2952654 0.93695878 0.10230846
v 0.3095287 0.81235802 0.12080921
v 0.40302985 0.8318005 0.10923232
v 0.06912883 0.88726409 -0.04043597
v 0.3095287 0.81235802 0.12080921
v 0.40302985 0.8318005 0.10923232
v 0.33977256 0.96987481 0.04597506
v 0.36292634 0.96987481 0.00587156
v 0.38608011 0.92831768 0.09228259
v 0.4261836 0.92831768 0.02282129
v 0.40302985 0.8318005 0.10923232
v 0.44933737 0.89401644 0.04803575
v 0.4261836 0.92831768 0.02282129
v 0.40302985 0.8318005 0.10923232
v 0.44933737 0.89401644 0.04803575
v -0.01728221 1.01965019 -0.01728221
v 0.36292634 0.96987481 -0.01728221
v 0.36292634 0.96987481 -0.04043597
v 0.36292634 0.96987481 -0.04043597
v 0.36292634 0.96987481 -0.01728221
v 0.4261836 0.92831768 -0.01728221
v 0.4261836 0.92831768 -0.05738571
v 0.4261836 0.92831768 -0.05738571
v 0.4261836 0.92831768 -0.01728221
v 0.44933737 0.89920111 -0.0086411
v 0.4683478 0.89920111 -0.04976397
v 0.06912883 0.88726409 -0.04043597
v 0.44933737 0.89920111 -0.0086411
v 0.4683478 0.89920111 -0.04976397
v 0.36292634 0.96987481 -0.04043597
v 0.33977256 0.96987481 -0.08053947
v 0.4261836 0.92831768 -0.05738571
v 0.38608011 0.92831768 -0.1009237
v 0.33977256 0.96987481 -0.08053947
v 0.4261836 0.92831768 -0.05738571
v 0.4683478 0.89920111 -0.04976397
v 0.40302985 0.82834406 -0.098863
v 0.38608011 0.92831768 -0.1009237
v 0.06912883 0.88726409 -0.04043597
v 0.4683478 0.89920111 -0.04976397
v 0.40302985 0.82834406 -0.098863
v -0.01728221 1.01965019 -0.01728221
v 0.08934681 1.00443922 -0.0979048
v 0.00587156 1.00443922 -0.10369324
v 0.11363599 0.96288209 -0.15692463
v 0.02282129 0.96288209 -0.16695051
v 0.02282129 0.96288209 -0.16695051
v 0.11363599 0.96288209 -0.15692463
v 0.12252645 0.9406784 -0.16124518
v 0.02902533 0.9406784 -0.17282207
v 0.06912883 0.88726409 -0.04043597
v 0.12252645 0.9406784 -0.16124518
v 0.02902533 0.9406784 -0.17282207
v -0.04043597 1.00443922 -0.10369324
v -0.01728221 1.01965019 -0.01728221
v 0.02282129 0.96288209 -0.16695051
v -0.05738571 0.97152319 -0.1496683
v -0.04043597 1.00443922 -0.10369324
v 0.02902533 0.9406784 -0.17282207
v -0.06358974 0.9406784 -0.17282207
v -0.05738571 0.97152319 -0.1496683
v 0.02902533 0.9406784 -0.17282207
v -0.06358974 0.9406784 -0.17282207
v -0.04043597 1.00443922 -0.10369324
v -0.08053947 1.00443922 -0.08053947
v -0.01728221 1.01965019 -0.01728221
v -0.12684701 0.96288209 -0.12684701
v -0.08053947 1.00443922 -0.08053947
v -0.05738571 0.97152319 -0.1496683
v -0.06358974 0.9406784 -0.17282207
v -0.14379674 0.88883178 -0.14379674
v -0.12684701 0.96288209 -0.12684701
v -0.06358974 0.9406784 -0.17282207
v -0.14379674 0.88883178 -0.14379674
v -0.08053947 1.00443922 -0.08053947
v -0.10369324 1.00443922 -0.04043597
v -0.01728221 1.01965019 -0.01728221
v -0.16695051 0.96288209 -0.05738571
v -0.12684701 0.96288209 -0.12684701
v -0.19010427 0.90611399 -0.06358974
v -0.16695051 0.96288209 -0.05738571
v 0.06912883 0.88726409 -0.04043597
v -0.14379674 0.88883178 -0.14379674
v -0.19010427 0.90611399 -0.06358974
v -0.10369324 1.00443922 0.00587156
v -0.01728221 1.01965019 -0.01728221
v -0.16695051 0.96288209 0.02282129
v -0.16695051 0.96288209 -0.05738571
v -0.19010427 0.90611399 0.02902533
v -0.16695051 0.96288209 0.02282129
v -0.19010427 0.90611399 -0.06358974
v -0.19010427 0.90611399 0.02902533
v -0.08053947 1.00443922 0.04597506
v -0.01728221 1.01965019 -0.01728221
v -0.12684701 0.96288209 0.09228259
v -0.14379674 0.90611399 0.10923232
v -0.12684701 0.96288209 0.09228259
v -0.14379674 0.90611399 0.10923232
v -0.04043597 1.00443922 0.06912883
v -0.01728221 1.01965019 -0.01728221
v -0.05738571 0.96288209 0.1323861
v -0.12684701 0.96288209 0.09228259
v -0.14379674 0.90611399 0.10923232
v -0.06358974 0.90611399 0.15553986
v -0.05738571 0.96288209 0.1323861
v -0.14379674 0.90611399 0.10923232
v -0.06358974 0.90611399 0.15553986
v 0.00587156 1.00443922 0.06912883
v -0.01728221 1.01965019 -0.01728221
v 0.02282129 0.96288209 0.1323861
v 0.02902533 0.90611399 0.15553986
v 0.02282129 0.96288209 0.1323861
v -0.06358974 0.90611399 0.15553986
v 0.02902533 0.90611399 0.15553986
v 0.17282207 0.96987481 -0.09211636
v 0.25629731 0.96987481 -0.08632792
v 0.2952654 0.92831768 -0.11094957
v 0.20445069 0.96288209 -0.11579078
v -0.01728221 1.01965019 -0.01728221
v 0.25629731 0.96987481 -0.08632792
v 0.17282207 0.96987481 -0.09211636
v 0.2952654 0.92831768 -0.11094957
v 0.21602758 0.90611399 -0.13411431
v 0.06912883 0.88726409 -0.04043597
v 0.3095287 0.8231594 -0.10352701
v 0.21602758 0.90611399 -0.13411431
v 0.20445069 0.96288209 -0.11579078
v 0.08934681 1.00443922 -0.0979048
v 0.17282207 0.96987481 -0.09211636
v 0.17282207 0.96987481 -0.09211636
v 0.08934681 1.00443922 -0.0979048
v 0.21602758 0.90611399 -0.13411431
v 0.11363599 0.96288209 -0.15692463
v 0.12252645 0.9406784 -0.16124518
v 0.38608011 0.92831768 -0.1009237
v 0.25629731 0.96987481 -0.08632792
v 0.33977256 0.96987481 -0.08053947
v 0.3095287 0.8231594 -0.10352701
v 0.2952654 0.92831768 -0.11094957
v 0.38608011 0.92831768 -0.1009237
v 0.3095287 0.8231594 -0.10352701
v 0.06912883 0.88726409 -0.04043597
v 0.20445069 0.94559988 0.11233434
v 0.11363599 0.95424099 0.12236021
v 0.12252645 0.90136138 0.15778874
v 0.21602758 0.84476215 0.14621185
v 0.17282207 0.98715702 0.05755195
v 0.08934681 0.99579812 0.06334038
v 0.11363599 0.95424099 0.12236021
v 0.20445069 0.94559988 0.11233434
v 0.08934681 0.99579812 0.06334038
v 0.17282207 0.98715702 0.05755195
v 0.06912883 0.88726409 -0.04043597
v 0.12252645 0.90136138 0.15778874
v 0.21602758 0.84476215 0.14621185
v 0.2952654 0.93695878 0.10230846
v 0.20445069 0.94559988 0.11233434
v 0.20445069 0.94559988 0.11233434
v 0.25629731 0.97851591 0.0517635
v 0.17282207 0.98715702 0.05755195
v 0.21602758 0.84476215 0.14621185
v 0.3095287 0.81235802 0.12080921
v 0.11363599 0.95424099 0.12236021
v 0.02282129 0.96288209 0.1323861
v 0.00587156 1.00443922 0.06912883
v 0.00587156 1.00443922 0.06912883
v 0.02902533 0.90611399 0.15553986
v 0.21602758 0.90611399 -0.13411431
v 0.44933737 0.89401644 0.04803575
v 0.4261836 0.92831768 -0.01728221
v 0.4261836 0.92831768 0.02282129
v 0.44933737 0.89920111 -0.0086411
v 0.73535353 0.88837374 0.07717689
v 0.78056268 0.88837374 0.03196771
v 0.70338582 0.9206154 0
v 0.73535353 0.88837374 0.07717689
v 0.74859497 0.81053549 0.1091446
v 0.81253038 0.81053549 0.04520918
v 0.78056268 0.88837374 0.03196771
v 0.74859497 0.81053549 0.1091446
v 0.73535353 0.73269724 0.07717689
v 0.78056268 0.73269724 0.03196771
v 0.81253038 0.81053549 0.04520918
v 0.78056268 0.73269724 0.03196771
v 0.73535353 0.73269724 0.07717689
v 0.70338582 0.70045557 0
v 0.78056268 0.88837374 -0.03196771
v 0.78056268 0.88837374 0.03196771
v 0.81253038 0.81053549 0.04520918
v 0.81253038 0.81053549 -0.04520918
v 0.78056268 0.88837374 -0.03196771
v 0.81253038 0.81053549 0.04520918
v 0.78056268 0.73269724 0.03196771
v 0.78056268 0.73269724 -0.03196771
v 0.81253038 0.81053549 -0.04520918
v 0.78056268 0.73269724 -0.03196771
v 0.73535353 0.88837374 -0.07717689
v 0.78056268 0.88837374 -0.03196771
v 0.81253038 0.81053549 -0.04520918
v 0.74859497 0.81053549 -0.1091446
v 0.73535353 0.88837374 -0.07717689
v 0.81253038 0.81053549 -0.04520918
v 0.78056268 0.73269724 -0.03196771
v 0.73535353 0.73269724 -0.07717689
v 0.74859497 0.81053549 -0.1091446
v 0.73535353 0.73269724 -0.07717689
v 0.70338582 0.70045557 0
v 0.67141812 0.88837374 -0.07717689
v 0.70338582 0.9206154 0
v 0.73535353 0.88837374 -0.07717689
v 0.74859497 0.81053549 -0.1091446
v 0.6581766 0.81053549 -0.1091446
v 0.67141812 0.88837374 -0.07717689
v 0.74859497 0.81053549 -0.1091446
v 0.73535353 0.73269724 -0.07717689
v 0.67141812 0.73269724 -0.07717689
v 0.6581766 0.81053549 -0.1091446
v 0.67141812 0.73269724 -0.07717689
v 0.70338582 0.70045557 0
v 0.67141812 0.88837374 0.07717689
v 0.73535353 0.88837374 0.07717689
v 0.70338582 0.9206154 0
v 0.67141812 0.88837374 0.07717689
v 0.6581766 0.81053549 0.1091446
v 0.74859497 0.81053549 0.1091446
v 0.73535353 0.88837374 0.07717689
v 0.6581766 0.81053549 0.1091446
v 0.67141812 0.73269724 0.07717689
v 0.73535353 0.73269724 0.07717689
v 0.74859497 0.81053549 0.1091446
v 0.73535353 0.73269724 0.07717689
v 0.67141812 0.73269724 0.07717689
v 0.70338582 0.70045557 0
v 0.62705289 0.88899728 0.03249994
v 0.67141812 0.88837374 0.07717689
v 0.70338582 0.9206154 0
v 0.59455296 0.80965367 0.04596185
v 0.6581766 0.81053549 0.1091446
v 0.67141812 0.88837374 0.07717689
v 0.62705289 0.88899728 0.03249994
v 0.6262089 0.73269724 0.03196771
v 0.67141812 0.73269724 0.07717689
v 0.6581766 0.81053549 0.1091446
v 0.59455296 0.80965367 0.04596185
v 0.67141812 0.73269724 0.07717689
v 0.6262089 0.73269724 0.03196771
v 0.70338582 0.70045557 0
v 0.62705289 0.88899728 -0.03249994
v 0.70338582 0.9206154 0
v 0.59969258 0.81053549 -0.04295115
v 0.59969258 0.81053549 0.04295115
v 0.63006361 0.88385768 0.03037105
v 0.63006361 0.88385768 -0.03037105
v 0.6262089 0.73269724 -0.03196771
v 0.6262089 0.73269724 0.03196771
v 0.59455296 0.80965367 0.04596185
v 0.59455296 0.80965367 -0.04596185
v 0.6262089 0.73269724 -0.03196771
v 0.70338582 0.70045557 0
v 0.70338582 0.9206154 0
v 0.6581766 0.81053549 -0.1091446
v 0.59455296 0.80965367 -0.04596185
v 0.62705289 0.88899728 -0.03249994
v 0.67141812 0.88837374 -0.07717689
v 0.67141812 0.73269724 -0.07717689
v 0.6262089 0.73269724 -0.03196771
v 0.59455296 0.80965367 -0.04596185
v 0.6581766 0.81053549 -0.1091446
v 0 1.10260478 0.06797668
v 0 1.10260478 -0.01728221
v 0 0.95052136 -0.01728221
v 0 0.95052136 0.06797668
v 0 1.10260478 -0.10254109
v 0 0.95052136 -0.10254109
v 0 0.48350899 -0.20738648
v 0.03744709 0.48350899 -0.20738648
v 0.03744709 0.44933737 -0.19010427
v 0 0.44933737 -0.19010427
v 0.07488956 0.48350899 -0.20738648
v 0.14977913 0.48350899 -0.19010427
v 0.14459446 0.44933737 -0.17973494
v 0.07488956 0.44933737 -0.19010427
v 0 0.41477296 0.0979325
v 0.02016488 0.3940343 0.0979325
v 0.03744709 0.42859871 0.13998588
v 0 0.42859871 0.13998588
v 0.07488956 0.42859871 0.13998588
v 0.11291042 0.3940343 0.0979325
v 0.20335396 0.3940343 0.0979325
v 0.0979325 0.42859871 0.13998588
v 0 0.42859871 0.13998588
v 0.03744709 0.42859871 0.13998588
v 0.03744709 0.48869368 0.16245274
v 0 0.48869368 0.16245274
v 0.0979325 0.48869368 0.16245274
v 0.07488956 0.48869368 0.16245274
v 0.07488956 0.42859871 0.13998588
v 0.0979325 0.42859871 0.13998588
v 0 0.90632081 0.13825765
v 0.03744709 0.90459248 0.13825765
v 0.03744709 0.95052136 0.09706845
v 0 0.95052136 0.09620428
v 0.0979325 0.90286437 0.13825765
v 0.13595336 0.95052136 0.08410674
v 0.07488956 0.95052136 0.0979325
v 0.07488956 0.90286437 0.13825765
v 0.14459446 0.44933737 -0.17973494
v 0.20335396 0.3940343 -0.13249691
v 0.11291042 0.3940343 -0.13249691
v 0.07488956 0.44933737 -0.19010427
v 0.22063617 0.00172819 -0.05587913
v 0.2240926 0.00172819 -0.01728221
v 0.11291042 0.00172819 -0.01728221
v 0.11291042 0.00172819 -0.07488956
v 0.21717973 0.00172819 0.02304294
v 0.11291042 0.00172819 0.04032515
v 0.19989752 0.00172819 0.06682453
v 0.11291042 0.00172819 0.08410674
v 0 0.44933737 -0.19010427
v 0.03744709 0.44933737 -0.19010427
v 0.0305342 0.3940343 -0.13249691
v 0 0.41477296 -0.13249691
v 0 0.41477296 -0.13249691
v 0.0305342 0.3940343 -0.13249691
v 0.02016488 0.3940343 -0.07488956
v 0 0.41477296 -0.07488956
v 0.02016488 0.3940343 -0.07488956
v 0.01152378 0.3940343 -0.01728221
v 0 0.41477296 -0.01728221
v 0 0.41477296 -0.01728221
v 0.01152378 0.3940343 -0.01728221
v 0.02016488 0.3940343 0.04032515
v 0 0.41477296 0.04032515
v 0 0.41477296 0.04032515
v 0.02016488 0.3940343 0.0979325
v 0 0.41477296 0.0979325
v 0 0.95052136 -0.11867115
v 0.03744709 0.95052136 -0.11002952
v 0.03744709 0.92014657 -0.1589963
v 0 0.92014657 -0.1589963
v 0 0.95052136 -0.10254109
v 0.03744709 0.95052136 -0.08871448
v 0 0.95052136 -0.11867115
v 0 1.10260478 -0.01728221
v 0.04781705 1.10260478 -0.01728221
v 0.03744709 1.10260478 -0.08871448
v 0 1.10260478 -0.10254109
v 0 1.10260478 0.06797668
v 0.03744709 1.10260478 0.05415006
v 0 0.95052136 0.09620428
v 0.03744709 0.95052136 0.09706845
v 0.03744709 0.95052136 0.05415006
v 0 0.95052136 0.06797668
v 0.07488956 0.92014657 -0.1589963
v 0.07488956 0.95052136 -0.10138895
v 0.14286624 0.95052136 -0.09101963
v 0.0979325 0.92014657 -0.1589963
v 0.07488956 0.95052136 -0.10138895
v 0.07488956 0.95052136 -0.07488956
v 0.14977913 0.95052136 -0.07488956
v 0.14286624 0.95052136 -0.09101963
v 0.09562821 0.95052136 -0.01728221
v 0.14977913 0.95052136 -0.01728221
v 0.07488956 0.95052136 0.04032515
v 0.14977913 0.95052136 0.04032515
v 0.07488956 0.95052136 0.0979325
v 0.13595336 0.95052136 0.08410674
v 0.2592331 0.87078754 -0.08698711
v 0.25059155 0.82122959 -0.08698711
v 0.2281253 0.82122959 -0.0979325
v 0.22466869 0.87078754 -0.0979325
v 0.22294046 0.7416947 -0.0610638
v 0.22121225 0.73478181 -0.09274784
v 0.23158156 0.77167671 -0.0979325
v 0.24195089 0.77167671 -0.08698711
v 0.22294046 0.67714827 -0.0610638
v 0.22121225 0.6702354 -0.09274784
v 0.22121225 0.73478181 -0.09274784
v 0.22294046 0.7416947 -0.0610638
v 0.22294046 0.61260186 -0.0610638
v 0.22121225 0.60568896 -0.09274784
v 0.21948402 0.54287076 -0.0610638
v 0.20738648 0.54114253 -0.09274784
v 0.22294046 0.61260186 -0.0610638
v 0.22294046 0.48350899 -0.0610638
v 0.22121225 0.47659612 -0.09274784
v 0.20738648 0.54114253 -0.09274784
v 0.21948402 0.54287076 -0.0610638
v 0.67340731 0.89759672 -0.01562668
v 0.67729697 0.8324044 -0.01546491
v 0.67714165 0.83174589 -0.07107609
v 0.67347245 0.88826075 -0.05840651
v 0.22280994 0.76229509 -0.01662171
v 0.23545398 0.76552489 -0.05814679
v 0.30472514 0.76901321 -0.05528474
v 0.305316 0.7578931 -0.01695196
v 0.22466869 0.67714827 -0.01728221
v 0.22294046 0.67714827 -0.0610638
v 0.22294046 0.7416947 -0.0610638
v 0.22466869 0.7416947 -0.01728221
v 0.22466869 0.61260186 -0.01728221
v 0.22294046 0.61260186 -0.0610638
v 0.21775581 0.54805544 -0.01728221
v 0.21948402 0.54287076 -0.0610638
v 0.22466869 0.61260186 -0.01728221
v 0.22466869 0.48350899 -0.01728221
v 0.22294046 0.48350899 -0.0610638
v 0.21775581 0.54805544 -0.01728221
v 0.67204356 0.88569492 0.06102252
v 0.67556192 0.83214087 0.07371656
v 0.67340731 0.89759672 -0.01562668
v 0.23436098 0.76597817 0.0197187
v 0.305316 0.7578931 -0.01695196
v 0.30431455 0.77352528 0.05119563
v 0.22121225 0.67714827 0.04032515
v 0.22121225 0.7416947 0.04032515
v 0.22121225 0.61260186 0.04032515
v 0.21429935 0.55842474 0.04032515
v 0.22466869 0.61260186 -0.01728221
v 0.22121225 0.61260186 0.04032515
v 0.22121225 0.48350899 0.04032515
v 0.21775581 0.54805544 -0.01728221
v 0.21429935 0.55842474 0.04032515
v 0.2838477 0.86046835 0.08029335
v 0.2838477 0.82819348 0.08029335
v 0.31386089 0.82226176 0.06960798
v 0.32340822 0.89865583 0.0569123
v 0.20738648 0.7416947 0.08065029
v 0.22121225 0.7416947 0.04032515
v 0.24195089 0.76822027 0.07488956
v 0.22466869 0.80624112 0.0979325
v 0.20738648 0.67714827 0.08065029
v 0.20738648 0.7416947 0.08065029
v 0.20738648 0.61260186 0.08065029
v 0.19356071 0.56360942 0.08065029
v 0.22121225 0.61260186 0.04032515
v 0.20738648 0.61260186 0.08065029
v 0.20738648 0.48350899 0.08065029
v 0.21429935 0.55842474 0.04032515
v 0.19356071 0.56360942 0.08065029
v 0.07488956 0.87078754 0.15553986
v 0.0979325 0.87078754 0.15553986
v 0.07488956 0.90286437 0.13825765
v 0.07488956 0.83851268 0.15899648
v 0.0979325 0.83851268 0.15899648
v 0.07488956 0.7416947 0.16245274
v 0.0979325 0.7416947 0.16245274
v 0.0979325 0.80624112 0.16245274
v 0.07488956 0.80624112 0.16245274
v 0.07488956 0.67714827 0.15553986
v 0.0979325 0.67714827 0.15553986
v 0.07488956 0.61260186 0.14862698
v 0.0979325 0.61260186 0.14862698
v 0.0979325 0.67714827 0.15553986
v 0.07488956 0.67714827 0.15553986
v 0.07488956 0.54805544 0.16072452
v 0.0979325 0.54805544 0.16072452
v 0.0979325 0.54805544 0.16072452
v 0.07488956 0.54805544 0.16072452
v 0 0.87078754 0.15553986
v 0.03744709 0.87078754 0.15553986
v 0 0.90632081 0.13825765
v 0 0.83851268 0.15899648
v 0.03744709 0.83851268 0.15899648
v 0 0.7416947 0.16245274
v 0.03744709 0.7416947 0.16245274
v 0.03744709 0.80624112 0.16245274
v 0 0.80624112 0.16245274
v 0 0.67714827 0.15553986
v 0.03744709 0.67714827 0.15553986
v 0 0.61260186 0.14517053
v 0.03744709 0.61260186 0.14689885
v 0 0.67714827 0.15553986
v 0 0.54805544 0.16072452
v 0.03744709 0.54805544 0.16072452
v 0 0.61260186 0.14517053
v 0 0.92014657 -0.1589963
v 0.03744709 0.92014657 -0.1589963
v 0.03744709 0.87078754 -0.1762785
v 0 0.87078754 -0.1762785
v 0.03744709 0.83851268 -0.17973512
v 0 0.83851268 -0.17973512
v 0 0.80624112 -0.1831914
v 0.03744709 0.80624112 -0.1831914
v 0.03744709 0.7416947 -0.20738648
v 0 0.7416947 -0.20738648
v 0.03744709 0.67714827 -0.21602758
v 0 0.67714827 -0.21602758
v 0.03744709 0.61260186 -0.22466869
v 0 0.61260186 -0.22466869
v 0.03744709 0.54805544 -0.21602758
v 0 0.54805544 -0.21602758
v 0.11175827 0.87078754 -0.16936563
v 0.07488956 0.87078754 -0.1762785
v 0.07488956 0.92014657 -0.1589963
v 0.0979325 0.92014657 -0.1589963
v 0.12212812 0.83851268 -0.17282225
v 0.07488956 0.83851268 -0.17973512
v 0.07488956 0.87078754 -0.1762785
v 0.15323557 0.7416947 -0.17973494
v 0.07488956 0.7416947 -0.20738648
v 0.07488956 0.80624112 -0.1831914
v 0.13249692 0.80624112 -0.1762785
v 0.14977913 0.67714827 -0.19010427
v 0.07488956 0.67714827 -0.21602758
v 0.15323557 0.7416947 -0.17973494
v 0.14977913 0.61260186 -0.19874538
v 0.07488956 0.61260186 -0.20738648
v 0.14977913 0.54805544 -0.19010427
v 0.07488956 0.54805544 -0.21602758
v 0.14977913 0.54805544 -0.19010427
v 0.19010427 0.87078754 -0.14171409
v 0.19010427 0.83851268 -0.14171409
v 0.12212812 0.83851268 -0.17282225
v 0.19010427 0.7416947 -0.15553986
v 0.15323557 0.7416947 -0.17973494
v 0.13249692 0.80624112 -0.1762785
v 0.19010427 0.80624112 -0.14171409
v 0.19010427 0.67714827 -0.15553986
v 0.14977913 0.67714827 -0.19010427
v 0.19010427 0.7416947 -0.15553986
v 0.19010427 0.61260186 -0.16418096
v 0.14977913 0.61260186 -0.19874538
v 0.19010427 0.54805544 -0.15553986
v 0.14977913 0.54805544 -0.19010427
v 0.19010427 0.48350899 -0.15553986
v 0.14977913 0.48350899 -0.19010427
v 0.22466869 0.87078754 -0.0979325
v 0.2281253 0.82122959 -0.0979325
v 0.19010427 0.83851268 -0.14171409
v 0.19010427 0.87078754 -0.14171409
v 0.19010427 0.7416947 -0.15553986
v 0.19010427 0.80624112 -0.14171409
v 0.23158156 0.77167671 -0.0979325
v 0.19010427 0.67714827 -0.15553986
v 0.19010427 0.7416947 -0.15553986
v 0.22121225 0.60568896 -0.09274784
v 0.19010427 0.61260186 -0.16418096
v 0.19010427 0.67714827 -0.15553986
v 0.22121225 0.6702354 -0.09274784
v 0.20738648 0.54114253 -0.09274784
v 0.19010427 0.54805544 -0.15553986
v 0.22121225 0.60568896 -0.09274784
v 0.19010427 0.48350899 -0.15553986
v 0.20738648 0.54114253 -0.09274784
v 0.17282207 0.87078754 0.13825765
v 0.17282207 0.83851268 0.13825765
v 0.22466869 0.83851268 0.0979325
v 0.22466869 0.87078754 0.0979325
v 0.17282207 0.7416947 0.13825765
v 0.22466869 0.80624112 0.0979325
v 0.17282207 0.80624112 0.13825765
v 0.17282207 0.67714827 0.13825765
v 0.17282207 0.61260186 0.13134478
v 0.17282207 0.67714827 0.13825765
v 0.16245274 0.56879407 0.13825765
v 0.19356071 0.56360942 0.08065029
v 0.17282207 0.61260186 0.13134478
v 0.17282207 0.48350899 0.13825765
v 0.19356071 0.56360942 0.08065029
v 0.16245274 0.56879407 0.13825765
v 0.0979325 0.87078754 0.15553986
v 0.0979325 0.83851268 0.15899648
v 0.17282207 0.87078754 0.13825765
v 0.17282207 0.7416947 0.13825765
v 0.17282207 0.80624112 0.13825765
v 0.17282207 0.67714827 0.13825765
v 0.17282207 0.7416947 0.13825765
v 0.0979325 0.7416947 0.16245274
v 0.17282207 0.61260186 0.13134478
v 0.17282207 0.67714827 0.13825765
v 0.0979325 0.67714827 0.15553986
v 0.16245274 0.56879407 0.13825765
v 0.17282207 0.61260186 0.13134478
v 0.0979325 0.61260186 0.14862698
v 0.17282207 0.48350899 0.13825765
v 0.16245274 0.56879407 0.13825765
v 0.0979325 0.54805544 0.16072452
v 0.20738648 0.48350899 0.08065029
v 0.17282207 0.48350899 0.13825765
v 0.17282207 0.44933737 0.13825765
v 0.20738648 0.44933737 0.08065029
v 0.17282207 0.90286437 0.12097545
v 0.20738648 0.92014657 0.0979325
v 0.13595336 0.95052136 0.08410674
v 0.0979325 0.90286437 0.13825765
v 0.20335396 0.3940343 0.0979325
v 0.17282207 0.44933737 0.13825765
v 0.17282207 0.48350899 0.13825765
v 0.19010427 0.44933737 -0.15553986
v 0.14459446 0.44933737 -0.17973494
v 0.19010427 0.48350899 -0.15553986
v 0.22121225 0.44242449 -0.09274784
v 0.19010427 0.44933737 -0.15553986
v 0.22294046 0.48350899 -0.0610638
v 0.22294046 0.44933737 -0.06279202
v 0.22466869 0.44933737 -0.01728221
v 0.22294046 0.44933737 -0.06279202
v 0.22121225 0.44933737 0.04032515
v 0.22466869 0.44933737 -0.01728221
v 0.19010427 0.44933737 -0.15553986
v 0.20335396 0.3940343 -0.13249691
v 0.14459446 0.44933737 -0.17973494
v 0.22294046 0.44933737 -0.06279202
v 0.21372329 0.3940343 -0.07488956
v 0.20335396 0.3940343 -0.13249691
v 0.2154515 0.3940343 -0.01728221
v 0.21372329 0.3940343 -0.07488956
v 0.22466869 0.44933737 -0.01728221
v 0.22121225 0.44933737 0.04032515
v 0.20335396 0.3940343 0.04032515
v 0.2154515 0.3940343 -0.01728221
v 0.20738648 0.44933737 0.08065029
v 0.20335396 0.3940343 0.0979325
v 0.20335396 0.3940343 0.04032515
v 0.0979325 0.92014657 -0.1589963
v 0.20738648 0.92014657 -0.0979325
v 0.19010427 0.92014657 -0.12443188
v 0.14286624 0.95052136 -0.09101963
v 0.24195089 0.92014657 -0.07488956
v 0.20738648 0.92014657 -0.0979325
v 0.14977913 0.95052136 -0.01728221
v 0.24195089 0.92014657 -0.01728221
v 0.24195089 0.92014657 -0.07488956
v 0.14977913 0.95052136 0.04032515
v 0.24195089 0.92014657 0.04032515
v 0.13595336 0.95052136 0.08410674
v 0.20738648 0.92014657 0.0979325
v 0.24195089 0.92014657 0.04032515
v 0.11175827 0.87078754 -0.16936563
v 0.0979325 0.92014657 -0.1589963
v 0.19010427 0.92014657 -0.12443188
v 0.19010427 0.87078754 -0.14171409
v 0.19010427 0.92014657 -0.12443188
v 0.20738648 0.92014657 -0.0979325
v 0.22466869 0.87078754 -0.0979325
v 0.20738648 0.92014657 -0.0979325
v 0.24195089 0.92014657 -0.07488956
v 0.32590627 0.91083669 -0.01728221
v 0.32590627 0.90219559 -0.05760735
v 0.27263161 0.91533949 -0.07488956
v 0.27263161 0.91533949 -0.01728221
v 0.32340822 0.89865583 0.0569123
v 0.27263161 0.91533949 -0.01728221
v 0.27263161 0.91533949 0.04032515
v 0.22466869 0.87078754 0.0979325
v 0.27133066 0.90535196 0.0697049
v 0.24195089 0.92014657 0.04032515
v 0.20738648 0.92014657 0.0979325
v 0.20738648 0.92014657 0.0979325
v 0.17282207 0.90286437 0.12097545
v 0.17282207 0.87078754 0.13825765
v 0.0979325 0.90286437 0.13825765
v 0 0.95052136 0.06797668
v 0.03744709 0.95052136 0.05415006
v 0.03744709 1.10260478 0.05415006
v 0 1.10260478 0.06797668
v 0.09562821 1.10260478 -0.01728221
v 0.07488956 1.10260478 0.04032515
v 0.07488956 0.95052136 0.04032515
v 0.09562821 0.95052136 -0.01728221
v 0.07488956 1.10260478 -0.07488956
v 0.09562821 1.10260478 -0.01728221
v 0.09562821 0.95052136 -0.01728221
v 0.07488956 0.95052136 -0.07488956
v 0 1.10260478 -0.10254109
v 0.03744709 1.10260478 -0.08871448
v 0.03744709 0.95052136 -0.08871448
v 0 0.95052136 -0.10254109
v 0.0305342 0.3940343 -0.13249691
v 0.03744709 0.44933737 -0.19010427
v 0.07488956 0.44933737 -0.19010427
v 0.07488956 0.44933737 -0.19010427
v 0.07488956 0.48350899 -0.20738648
v 0.07488956 0.48350899 -0.20738648
v 0.03744709 0.48350899 -0.20738648
v 0.03744709 0.54805544 -0.21602758
v 0.07488956 0.54805544 -0.21602758
v 0.03744709 0.61260186 -0.22466869
v 0.07488956 0.61260186 -0.20738648
v 0.03744709 0.67714827 -0.21602758
v 0.07488956 0.67714827 -0.21602758
v 0.03744709 0.7416947 -0.20738648
v 0.07488956 0.7416947 -0.20738648
v 0.03744709 0.80624112 -0.1831914
v 0.07488956 0.83851268 -0.17973512
v 0.07488956 0.92014657 -0.1589963
v 0.03744709 0.95052136 -0.11002952
v 0.07488956 0.95052136 -0.10138895
v 0.03744709 0.95052136 -0.08871448
v 0.07488956 0.95052136 -0.07488956
v 0.07488956 1.10260478 -0.07488956
v 0.07488956 1.10260478 -0.07488956
v 0.09562821 1.10260478 -0.01728221
v 0.07488956 1.10260478 0.04032515
v 0.07488956 1.10260478 0.04032515
v 0.07488956 0.95052136 0.04032515
v 0.07488956 0.95052136 0.0979325
v 0.03744709 0.95052136 0.09706845
v 0.03744709 0.90459248 0.13825765
v 0.07488956 0.90286437 0.13825765
v 0.03744709 0.90459248 0.13825765
v 0.07488956 0.87078754 0.15553986
v 0.03744709 0.80624112 0.16245274
v 0.03744709 0.7416947 0.16245274
v 0.03744709 0.61260186 0.14689885
v 0.07488956 0.61260186 0.14862698
v 0.03744709 0.54805544 0.16072452
v 0.07488956 0.54805544 0.16072452
v 0.03744709 0.48869368 0.16245274
v 0.03744709 0.42859871 0.13998588
v 0.03744709 0.42859871 0.13998588
v 0.02016488 0.3940343 0.0979325
v 0.03399064 0.00172819 0.06682453
v 0.01670844 0.00172819 0.04032515
v 0.00806733 0.00172819 -0.01728221
v 0.01670844 0.00172819 -0.07488956
v 0.21199506 0.37675209 -0.01728221
v 0.20853862 0.37675209 -0.05587913
v 0.21372329 0.3940343 -0.07488956
v 0.03744709 0.37675209 -0.10138895
v 0.02016488 0.37675209 -0.07488956
v 0.02016488 0.3940343 -0.07488956
v 0.0305342 0.3940343 -0.13249691
v 0.11291042 0.37675209 -0.11521471
v 0.03744709 0.37675209 -0.10138895
v 0.0305342 0.3940343 -0.13249691
v 0.20853862 0.37675209 -0.05587913
v 0.19471286 0.37675209 -0.0979325
v 0.20335396 0.3940343 -0.13249691
v 0.21372329 0.3940343 -0.07488956
v 0.19471286 0.37675209 -0.0979325
v 0.11291042 0.3940343 -0.13249691
v 0.20335396 0.3940343 -0.13249691
v 0.01152378 0.37675209 -0.01728221
v 0.02016488 0.37675209 0.04032515
v 0.20508219 0.37675209 0.02304294
v 0.20335396 0.3940343 0.04032515
v 0.18779998 0.37675209 0.06336809
v 0.20335396 0.3940343 0.04032515
v 0.20335396 0.3940343 0.0979325
v 0.11291042 0.37675209 0.08065029
v 0.18779998 0.37675209 0.06336809
v 0.20335396 0.3940343 0.0979325
v 0.11291042 0.3940343 0.0979325
v 0.03744709 0.37675209 0.06336809
v 0.11291042 0.3940343 0.0979325
v 0.02016488 0.37675209 0.04032515
v 0.02016488 0.3940343 0.0979325
v 0.02016488 0.3940343 0.04032515
v 0.03744709 0.22121223 -0.10138895
v 0.02016488 0.22121223 -0.07488956
v 0.11291042 0.22121223 -0.11521471
v 0.03744709 0.22121223 -0.10138895
v 0.03744709 0.37675209 -0.10138895
v 0.11291042 0.37675209 -0.11521471
v 0.21199506 0.22121223 -0.01728221
v 0.20853862 0.22121223 -0.05587913
v 0.19471286 0.22121223 -0.0979325
v 0.19471286 0.37675209 -0.0979325
v 0.19471286 0.22121223 -0.0979325
v 0.11291042 0.22121223 -0.11521471
v 0.11291042 0.37675209 -0.11521471
v 0.19471286 0.37675209 -0.0979325
v 0.01152378 0.22121223 -0.01728221
v 0.02016488 0.22121223 0.04032515
v 0.03744709 0.22121223 0.06336809
v 0.11291042 0.22121223 0.08065029
v 0.11291042 0.37675209 0.08065029
v 0.03744709 0.37675209 0.06336809
v 0.02016488 0.22121223 0.04032515
v 0.03744709 0.22121223 0.06336809
v 0.03744709 0.37675209 0.06336809
v 0.02016488 0.37675209 0.04032515
v 0.18779998 0.22121223 0.06336809
v 0.20508219 0.22121223 0.02304294
v 0.20508219 0.37675209 0.02304294
v 0.18779998 0.37675209 0.06336809
v 0.11291042 0.22121223 0.08065029
v 0.18779998 0.22121223 0.06336809
v 0.18779998 0.37675209 0.06336809
v 0.11291042 0.37675209 0.08065029
v 0.20335396 0.3940343 0.0979325
v 0.17282207 0.44933737 0.13825765
v 0.18779998 0.18664782 0.06336809
v 0.20508219 0.18664782 0.02304294
v 0.11291042 0.18664782 0.08065029
v 0.18779998 0.18664782 0.06336809
v 0.03744709 0.18664782 0.06336809
v 0.11291042 0.18664782 0.08065029
v 0.02016488 0.18664782 0.04032515
v 0.03744709 0.18664782 0.06336809
v 0.01152378 0.18664782 -0.01728221
v 0.02016488 0.18664782 0.04032515
v 0.21199506 0.18664782 -0.01728221
v 0.02016488 0.18664782 -0.07488956
v 0.03744709 0.18664782 -0.10138895
v 0.11291042 0.18664782 -0.11521471
v 0.03744709 0.18664782 -0.10138895
v 0.20853862 0.18664782 -0.05587913
v 0.19471286 0.18664782 -0.0979325
v 0.19471286 0.18664782 -0.0979325
v 0.11291042 0.18664782 -0.11521471
v 0.19144376 0.06716079 0.06787306
v 0.21112322 0.06759683 0.02478784
v 0.21166591 0.20393002 0.02498851
v 0.19175416 0.20393002 0.06809757
v 0.11286995 0.06654913 0.08728423
v 0.19144376 0.06716079 0.06787306
v 0.19175416 0.20393002 0.06809757
v 0.11291603 0.20393002 0.08738744
v 0.03392075 0.06646474 0.06865639
v 0.11286995 0.06654913 0.08728423
v 0.11291603 0.20393002 0.08738744
v 0.03391033 0.20393002 0.06881117
v 0.01400146 0.0664687 0.04277981
v 0.03392075 0.06646474 0.06865639
v 0.03391033 0.20393002 0.06881117
v 0.01398153 0.20393002 0.04291174
v 0.00475233 0.06634304 -0.01728221
v 0.01400146 0.0664687 0.04277981
v 0.01398153 0.20393002 0.04291174
v 0.00468737 0.20393002 -0.01728221
v 0.21823384 0.06764225 -0.01703045
v 0.21884448 0.20393002 -0.01700649
v 0.01367365 0.06633928 -0.07669932
v 0.01385153 0.20393002 -0.07729043
v 0.03393825 0.06764812 -0.10491522
v 0.01385153 0.20393002 -0.07729043
v 0.03392904 0.20393002 -0.10667694
v 0.11296182 0.06895867 -0.1196597
v 0.03393825 0.06764812 -0.10491522
v 0.03392904 0.20393002 -0.10667694
v 0.11300199 0.20393002 -0.12199636
v 0.2144437 0.06795817 -0.05686286
v 0.19793931 0.06861196 -0.10085625
v 0.19871086 0.20393002 -0.10239381
v 0.21526483 0.20393002 -0.05726695
v 0.19793931 0.06861196 -0.10085625
v 0.11296182 0.06895867 -0.1196597
v 0.11300199 0.20393002 -0.12199636
v 0.19871086 0.20393002 -0.10239381
v 0.2144437 0.06795817 -0.05686286
v 0.21526483 0.20393002 -0.05726695
v 0.21884448 0.20393002 -0.01700649
v 0.20350849 0.04987859 0.0712944
v 0.2232398 0.05031462 0.02474161
v 0.21112322 0.06759683 0.02478784
v 0.19144376 0.06716079 0.06787306
v 0.11283423 0.04926692 0.09075541
v 0.20350849 0.04987859 0.0712944
v 0.11286995 0.06654913 0.08728423
v 0.03041541 0.04918253 0.07202357
v 0.11286995 0.06654913 0.08728423
v 0.03392075 0.06646474 0.06865639
v 0.01048001 0.04918649 0.04268694
v 0.03041541 0.04918253 0.07202357
v 0.03392075 0.06646474 0.06865639
v 0.01400146 0.0664687 0.04277981
v 0.00129589 0.04906083 -0.01728221
v 0.23033138 0.05036005 -0.01703045
v 0.21823384 0.06764225 -0.01703045
v 0.21112322 0.06759683 0.02478784
v 0.00997546 0.04905708 -0.07611985
v 0.00129589 0.04906083 -0.01728221
v 0.2266099 0.05067596 -0.05657039
v 0.2144437 0.06795817 -0.05686286
v 0.20378609 0.00172819 0.0714838
v 0.22380151 0.00172819 0.02489604
v 0.2232398 0.05031462 0.02474161
v 0.20350849 0.04987859 0.0712944
v 0.11284457 0.00172819 0.09087335
v 0.20378609 0.00172819 0.0714838
v 0.11283423 0.04926692 0.09075541
v 0.03035611 0.00172819 0.07208911
v 0.11284457 0.00172819 0.09087335
v 0.11283423 0.04926692 0.09075541
v 0.01039509 0.00172819 0.04272602
v 0.03035611 0.00172819 0.07208911
v 0.03041541 0.04918253 0.07202357
v 0.01048001 0.04918649 0.04268694
v 0.00123093 0.00172819 -0.01728221
v 0.23094203 0.00172819 -0.01700649
v 0.00991159 0.00172819 -0.07613149
v 0.00123093 0.00172819 -0.01728221
v 0.22749971 0.00172819 -0.05668202
v 0.2266099 0.05067596 -0.05657039
v 0.2068104 0.00172819 -0.15150735
v 0.11291042 0.00172819 -0.16878955
v 0.03399064 0.00172819 -0.15496379
v 0.03025328 0.05036591 -0.15791296
v 0.01367365 0.06633928 -0.07669932
v 0.03393825 0.06764812 -0.10491522
v 0.11293064 0.05167646 -0.17324569
v 0.03025328 0.05036591 -0.15791296
v 0.03393825 0.06764812 -0.10491522
v 0.11296182 0.06895867 -0.1196597
v 0.2266099 0.05067596 -0.05657039
v 0.21006111 0.05132976 -0.1541474
v 0.19793931 0.06861196 -0.10085625
v 0.2144437 0.06795817 -0.05686286
v 0.21006111 0.05132976 -0.1541474
v 0.11293064 0.05167646 -0.17324569
v 0.11296182 0.06895867 -0.1196597
v 0.19793931 0.06861196 -0.10085625
v 0.03001555 0.00172819 -0.15909758
v 0.03025328 0.05036591 -0.15791296
v 0.11293962 0.00172819 -0.1755935
v 0.03001555 0.00172819 -0.15909758
v 0.03025328 0.05036591 -0.15791296
v 0.11293064 0.05167646 -0.17324569
v 0.21085693 0.00172819 -0.15540127
v 0.21006111 0.05132976 -0.1541474
v 0.21085693 0.00172819 -0.15540127
v 0.11293962 0.00172819 -0.1755935
v 0.11293064 0.05167646 -0.17324569
v 0.21006111 0.05132976 -0.1541474
v 0.27263161 0.91533949 -0.07488956
v 0.32590627 0.90219559 -0.05760735
v 0.2592331 0.87078754 -0.08698711
v 0.24195089 0.92014657 -0.07488956
v 0.27263161 0.91533949 -0.07488956
v 0.31531516 0.82177531 -0.07027184
v 0.2592331 0.87078754 -0.08698711
v 0.27263161 0.91533949 0.04032515
v 0.32340822 0.89865583 0.0569123
v 0.27133066 0.90535196 0.0697049
v 0.30431455 0.77352528 0.05119563
v 0.2838477 0.79592193 0.08029335
v 0.22466869 0.80624112 0.0979325
v 0.24195089 0.76822027 0.07488956
v 0.2838477 0.86046835 0.08029335
v 0.32340822 0.89865583 0.0569123
v 0.27133066 0.90535196 0.0697049
v 0.2838477 0.82819348 0.08029335
v 0.2838477 0.86046835 0.08029335
v 0.22280994 0.76229509 -0.01662171
v 0.23436098 0.76597817 0.0197187
v 0.22121225 0.7416947 0.04032515
v 0.22466869 0.7416947 -0.01728221
v 0.30431455 0.77352528 0.05119563
v 0.22121225 0.7416947 0.04032515
v 0.23545398 0.76552489 -0.05814679
v 0.22280994 0.76229509 -0.01662171
v 0.22466869 0.7416947 -0.01728221
v 0.24195089 0.77167671 -0.08698711
v 0.68081052 0.77869419 -0.05609408
v 0.68118623 0.76721875 -0.01530316
v 0.67907988 0.78204939 0.05530256
v 0.30431455 0.77352528 0.05119563
v 0.2838477 0.82819348 0.08029335
v 0.2838477 0.79592193 0.08029335
v 0.22466869 0.80624112 0.0979325
v 0.17282207 0.80624112 0.13825765
v 0.0979325 0.80624112 0.16245274
v 0.07488956 0.80624112 0.16245274
v 0.03744709 0.83851268 -0.17973512
v 0.07488956 0.83851268 -0.17973512
v 0.07488956 0.83851268 -0.17973512
v 0.12212812 0.83851268 -0.17282225
v 0.19010427 0.80624112 -0.14171409
v 0.2281253 0.82122959 -0.0979325
v 0.23158156 0.77167671 -0.0979325
v 0.23158156 0.77167671 -0.0979325
v 0.24195089 0.77167671 -0.08698711
v 0.24195089 0.77167671 -0.08698711
v 0.25059155 0.82122959 -0.08698711
v 0.31531516 0.82177531 -0.07027184
v 0.30472514 0.76901321 -0.05528474
v 0.44257286 0.83007724 0.07098448
v 0.4391026 0.88289322 0.05828864
v 0.32340822 0.89865583 0.0569123
v 0.31386089 0.82226176 0.06960798
v 0.4391026 0.88289322 0.05828864
v 0.44040507 0.89553641 -0.01673355
v 0.32590627 0.91083669 -0.01728221
v 0.32340822 0.89865583 0.0569123
v 0.44040889 0.88694184 -0.05788638
v 0.44411491 0.8298508 -0.07054976
v 0.32590627 0.90219559 -0.05760735
v 0.44040889 0.88694184 -0.05788638
v 0.44782057 0.77622294 -0.05556155
v 0.44782057 0.77622294 -0.05556155
v 0.44817272 0.76532034 -0.01640204
v 0.305316 0.7578931 -0.01695196
v 0.4460428 0.78072382 0.05257228
v 0.44257286 0.83007724 0.07098448
v 0.31386089 0.82226176 0.06960798
v 0.4460428 0.78072382 0.05257228
v 0.30431455 0.77352528 0.05119563
v 0.305316 0.7578931 -0.01695196
v 0.30472514 0.76901321 -0.05528474
v 0.23545398 0.76552489 -0.05814679
v 0.24195089 0.77167671 -0.08698711
v 0.50595815 0.88414462 -0.05815281
v 0.50964584 0.82734054 -0.07081918
v 0.44040889 0.88694184 -0.05788638
v 0.50592354 0.8931111 -0.01618138
v 0.50595815 0.88414462 -0.05815281
v 0.44040889 0.88694184 -0.05788638
v 0.51157877 0.77792997 0.05394106
v 0.50808474 0.82765361 0.07235425
v 0.44257286 0.83007724 0.07098448
v 0.51369702 0.76281176 -0.01585386
v 0.51157877 0.77792997 0.05394106
v 0.4460428 0.78072382 0.05257228
v 0.44817272 0.76532034 -0.01640204
v 0.51333317 0.77399963 -0.05583396
v 0.44782057 0.77622294 -0.05556155
v 0.44411491 0.8298508 -0.07054976
v 0.51333317 0.77399963 -0.05583396
v 0.44817272 0.76532034 -0.01640204
v 0.50459034 0.88083982 0.05965942
v 0.4391026 0.88289322 0.05828864
v 0.44257286 0.83007724 0.07098448
v 0.50459034 0.88083982 0.05965942
v 0.44040507 0.89553641 -0.01673355
v 0.4391026 0.88289322 0.05828864
v -0.03744709 0.44933737 -0.19010427
v -0.03744709 0.48350899 -0.20738648
v -0.14459446 0.44933737 -0.17973494
v -0.14977912 0.48350899 -0.19010427
v -0.07488956 0.48350899 -0.20738648
v -0.07488956 0.44933737 -0.19010427
v -0.03744709 0.42859871 0.13998588
v -0.02016488 0.3940343 0.0979325
v 0 0.41477296 0.0979325
v 0 0.42859871 0.13998588
v -0.20335396 0.3940343 0.0979325
v -0.11291042 0.3940343 0.0979325
v -0.07488956 0.42859871 0.13998588
v -0.0979325 0.42859871 0.13998588
v -0.03744709 0.48869368 0.16245274
v -0.03744709 0.42859871 0.13998588
v -0.07488956 0.42859871 0.13998588
v -0.07488956 0.48869368 0.16245274
v -0.0979325 0.48869368 0.16245274
v -0.0979325 0.42859871 0.13998588
v -0.03744709 0.95052136 0.09706845
v -0.03744709 0.90459248 0.13825765
v -0.07488956 0.95052136 0.0979325
v -0.13595336 0.95052136 0.08410674
v -0.0979325 0.90286437 0.13825765
v -0.07488956 0.90286437 0.13825765
v -0.11291042 0.3940343 -0.13249691
v -0.20335396 0.3940343 -0.13249691
v -0.14459446 0.44933737 -0.17973494
v -0.07488956 0.44933737 -0.19010427
v -0.11291042 0.00172819 -0.01728221
v -0.2240926 0.00172819 -0.01728221
v -0.22063617 0.00172819 -0.05587913
v -0.11291042 0.00172819 -0.07488956
v -0.11291042 0.00172819 0.04032515
v -0.21717973 0.00172819 0.02304294
v -0.11291042 0.00172819 0.08410674
v -0.19989752 0.00172819 0.06682453
v -0.0305342 0.3940343 -0.13249691
v -0.03744709 0.44933737 -0.19010427
v -0.02016488 0.3940343 -0.07488956
v -0.0305342 0.3940343 -0.13249691
v 0 0.41477296 -0.13249691
v 0 0.41477296 -0.07488956
v -0.01152378 0.3940343 -0.01728221
v -0.02016488 0.3940343 -0.07488956
v 0 0.41477296 -0.01728221
v -0.02016488 0.3940343 0.04032515
v -0.01152378 0.3940343 -0.01728221
v 0 0.41477296 -0.01728221
v 0 0.41477296 0.04032515
v -0.02016488 0.3940343 0.0979325
v 0 0.41477296 0.04032515
v 0 0.41477296 0.0979325
v -0.03744709 0.92014657 -0.1589963
v -0.03744709 0.95052136 -0.11002952
v 0 0.95052136 -0.11867115
v 0 0.92014657 -0.1589963
v -0.03744709 0.95052136 -0.08871448
v -0.03744709 1.10260478 -0.08871448
v -0.04781705 1.10260478 -0.01728221
v 0 1.10260478 -0.01728221
v 0 1.10260478 -0.10254109
v -0.03744709 1.10260478 0.05415006
v 0 1.10260478 0.06797668
v -0.03744709 0.95052136 0.05415006
v -0.03744709 0.95052136 0.09706845
v 0 0.95052136 0.09620428
v 0 0.95052136 0.06797668
v -0.14286624 0.95052136 -0.09101963
v -0.07488956 0.95052136 -0.10138895
v -0.07488956 0.92014657 -0.1589963
v -0.0979325 0.92014657 -0.1589963
v -0.14977912 0.95052136 -0.07488956
v -0.07488956 0.95052136 -0.07488956
v -0.14286624 0.95052136 -0.09101963
v -0.14977912 0.95052136 -0.01728221
v -0.09562821 0.95052136 -0.01728221
v -0.14977912 0.95052136 0.04032515
v -0.07488956 0.95052136 0.04032515
v -0.13595336 0.95052136 0.08410674
v -0.07488956 0.95052136 0.0979325
v -0.2281253 0.82122959 -0.0979325
v -0.25059155 0.82122959 -0.08698711
v -0.2592331 0.87078754 -0.08698711
v -0.22466869 0.87078754 -0.0979325
v -0.23158156 0.77167671 -0.0979325
v -0.22121225 0.73478181 -0.09274784
v -0.22294046 0.7416947 -0.0610638
v -0.24195089 0.77167671 -0.08698711
v -0.22121225 0.6702354 -0.09274784
v -0.22294046 0.67714827 -0.0610638
v -0.22294046 0.7416947 -0.0610638
v -0.22121225 0.60568896 -0.09274784
v -0.22294046 0.61260186 -0.0610638
v -0.20738648 0.54114253 -0.09274784
v -0.21948402 0.54287076 -0.0610638
v -0.22294046 0.61260186 -0.0610638
v -0.22121225 0.47659612 -0.09274784
v -0.22294046 0.48350899 -0.0610638
v -0.21948402 0.54287076 -0.0610638
v -0.30472514 0.76901321 -0.05528474
v -0.23545398 0.76552489 -0.05814679
v -0.22280994 0.76229509 -0.01662171
v -0.305316 0.7578931 -0.01695196
v -0.22294046 0.7416947 -0.0610638
v -0.22294046 0.67714827 -0.0610638
v -0.22466869 0.67714827 -0.01728221
v -0.22466869 0.7416947 -0.01728221
v -0.22294046 0.61260186 -0.0610638
v -0.22466869 0.61260186 -0.01728221
v -0.21775581 0.54805544 -0.01728221
v -0.22466869 0.61260186 -0.01728221
v -0.21948402 0.54287076 -0.0610638
v -0.22466869 0.48350899 -0.01728221
v -0.21775581 0.54805544 -0.01728221
v -0.305316 0.7578931 -0.01695196
v -0.23436098 0.76597817 0.0197187
v -0.30431455 0.77352528 0.05119563
v -0.22121225 0.67714827 0.04032515
v -0.22121225 0.7416947 0.04032515
v -0.22121225 0.61260186 0.04032515
v -0.22466869 0.61260186 -0.01728221
v -0.21775581 0.54805544 -0.01728221
v -0.21429935 0.55842474 0.04032515
v -0.22121225 0.61260186 0.04032515
v -0.21775581 0.54805544 -0.01728221
v -0.22121225 0.48350899 0.04032515
v -0.21429935 0.55842474 0.04032515
v -0.31386089 0.82226176 0.06960798
v -0.28384772 0.82819348 0.08029335
v -0.28384772 0.86046835 0.08029335
v -0.32340822 0.89865583 0.0569123
v -0.24195089 0.76822027 0.07488956
v -0.22121225 0.7416947 0.04032515
v -0.20738648 0.7416947 0.08065029
v -0.22466869 0.80624112 0.0979325
v -0.22121225 0.7416947 0.04032515
v -0.22121225 0.67714827 0.04032515
v -0.20738648 0.67714827 0.08065029
v -0.20738648 0.7416947 0.08065029
v -0.22121225 0.61260186 0.04032515
v -0.20738648 0.61260186 0.08065029
v -0.21429935 0.55842474 0.04032515
v -0.19356071 0.56360942 0.08065029
v -0.20738648 0.61260186 0.08065029
v -0.22121225 0.48350899 0.04032515
v -0.20738648 0.48350899 0.08065029
v -0.19356071 0.56360942 0.08065029
v -0.0979325 0.87078754 0.15553986
v -0.07488956 0.87078754 0.15553986
v -0.07488956 0.90286437 0.13825765
v -0.0979325 0.83851268 0.15899648
v -0.07488956 0.83851268 0.15899648
v -0.07488956 0.87078754 0.15553986
v -0.0979325 0.87078754 0.15553986
v -0.0979325 0.80624112 0.16245274
v -0.0979325 0.7416947 0.16245274
v -0.07488956 0.7416947 0.16245274
v -0.07488956 0.80624112 0.16245274
v -0.0979325 0.67714827 0.15553986
v -0.07488956 0.67714827 0.15553986
v -0.0979325 0.67714827 0.15553986
v -0.0979325 0.61260186 0.14862698
v -0.07488956 0.61260186 0.14862698
v -0.07488956 0.67714827 0.15553986
v -0.0979325 0.54805544 0.16072452
v -0.07488956 0.54805544 0.16072452
v -0.0979325 0.54805544 0.16072452
v -0.07488956 0.54805544 0.16072452
v -0.03744709 0.90459248 0.13825765
v -0.03744709 0.87078754 0.15553986
v -0.03744709 0.83851268 0.15899648
v -0.03744709 0.80624112 0.16245274
v -0.03744709 0.7416947 0.16245274
v -0.03744709 0.67714827 0.15553986
v -0.03744709 0.67714827 0.15553986
v -0.03744709 0.61260186 0.14689885
v 0 0.61260186 0.14517053
v 0 0.67714827 0.15553986
v -0.03744709 0.54805544 0.16072452
v -0.03744709 0.87078754 -0.1762785
v -0.03744709 0.92014657 -0.1589963
v -0.03744709 0.83851268 -0.17973512
v -0.03744709 0.7416947 -0.20738648
v -0.03744709 0.80624112 -0.1831914
v -0.03744709 0.67714827 -0.21602758
v -0.03744709 0.61260186 -0.22466869
v -0.03744709 0.54805544 -0.21602758
v -0.07488956 0.92014657 -0.1589963
v -0.07488956 0.87078754 -0.1762785
v -0.11175827 0.87078754 -0.16936563
v -0.0979325 0.92014657 -0.1589963
v -0.07488956 0.83851268 -0.17973512
v -0.12212813 0.83851268 -0.17282225
v -0.11175827 0.87078754 -0.16936563
v -0.07488956 0.80624112 -0.1831914
v -0.07488956 0.7416947 -0.20738648
v -0.15323557 0.7416947 -0.17973494
v -0.13249691 0.80624112 -0.1762785
v -0.07488956 0.67714827 -0.21602758
v -0.14977912 0.67714827 -0.19010427
v -0.15323557 0.7416947 -0.17973494
v -0.07488956 0.61260186 -0.20738648
v -0.14977912 0.61260186 -0.19874538
v -0.07488956 0.54805544 -0.21602758
v -0.14977912 0.54805544 -0.19010427
v -0.14977912 0.54805544 -0.19010427
v -0.12212813 0.83851268 -0.17282225
v -0.19010427 0.83851268 -0.14171409
v -0.19010427 0.87078754 -0.14171409
v -0.13249691 0.80624112 -0.1762785
v -0.15323557 0.7416947 -0.17973494
v -0.19010427 0.7416947 -0.15553986
v -0.19010427 0.80624112 -0.14171409
v -0.15323557 0.7416947 -0.17973494
v -0.19010427 0.67714827 -0.15553986
v -0.19010427 0.7416947 -0.15553986
v -0.14977912 0.61260186 -0.19874538
v -0.19010427 0.61260186 -0.16418096
v -0.14977912 0.54805544 -0.19010427
v -0.19010427 0.54805544 -0.15553986
v -0.14977912 0.48350899 -0.19010427
v -0.19010427 0.48350899 -0.15553986
v -0.19010427 0.83851268 -0.14171409
v -0.2281253 0.82122959 -0.0979325
v -0.22466869 0.87078754 -0.0979325
v -0.19010427 0.87078754 -0.14171409
v -0.19010427 0.80624112 -0.14171409
v -0.19010427 0.7416947 -0.15553986
v -0.22121225 0.73478181 -0.09274784
v -0.23158156 0.77167671 -0.0979325
v -0.19010427 0.67714827 -0.15553986
v -0.22121225 0.6702354 -0.09274784
v -0.22121225 0.73478181 -0.09274784
v -0.19010427 0.61260186 -0.16418096
v -0.22121225 0.60568896 -0.09274784
v -0.22121225 0.6702354 -0.09274784
v -0.19010427 0.54805544 -0.15553986
v -0.20738648 0.54114253 -0.09274784
v -0.22121225 0.60568896 -0.09274784
v -0.19010427 0.48350899 -0.15553986
v -0.20738648 0.54114253 -0.09274784
v -0.22466869 0.83851268 0.0979325
v -0.17282207 0.83851268 0.13825765
v -0.17282207 0.87078754 0.13825765
v -0.22466869 0.87078754 0.0979325
v -0.22466869 0.80624112 0.0979325
v -0.20738648 0.7416947 0.08065029
v -0.17282207 0.7416947 0.13825765
v -0.17282207 0.80624112 0.13825765
v -0.20738648 0.67714827 0.08065029
v -0.17282207 0.67714827 0.13825765
v -0.20738648 0.61260186 0.08065029
v -0.17282207 0.61260186 0.13134478
v -0.17282207 0.67714827 0.13825765
v -0.16245274 0.56879407 0.13825765
v -0.17282207 0.61260186 0.13134478
v -0.20738648 0.48350899 0.08065029
v -0.17282207 0.48350899 0.13825765
v -0.16245274 0.56879407 0.13825765
v -0.0979325 0.87078754 0.15553986
v -0.17282207 0.87078754 0.13825765
v -0.17282207 0.80624112 0.13825765
v -0.17282207 0.7416947 0.13825765
v -0.17282207 0.7416947 0.13825765
v -0.17282207 0.67714827 0.13825765
v -0.0979325 0.67714827 0.15553986
v -0.17282207 0.67714827 0.13825765
v -0.17282207 0.61260186 0.13134478
v -0.0979325 0.67714827 0.15553986
v -0.16245274 0.56879407 0.13825765
v -0.0979325 0.54805544 0.16072452
v -0.16245274 0.56879407 0.13825765
v -0.17282207 0.48350899 0.13825765
v -0.0979325 0.48869368 0.16245274
v -0.17282207 0.44933737 0.13825765
v -0.20738648 0.44933737 0.08065029
v -0.13595336 0.95052136 0.08410674
v -0.20738648 0.92014657 0.0979325
v -0.17282207 0.90286437 0.12097545
v -0.0979325 0.90286437 0.13825765
v -0.20335396 0.3940343 0.0979325
v -0.17282207 0.44933737 0.13825765
v -0.17282207 0.48350899 0.13825765
v -0.19010427 0.44933737 -0.15553986
v -0.14459446 0.44933737 -0.17973494
v -0.22121225 0.44242449 -0.09274784
v -0.19010427 0.44933737 -0.15553986
v -0.22294046 0.44933737 -0.06279202
v -0.22294046 0.48350899 -0.0610638
v -0.22466869 0.44933737 -0.01728221
v -0.22466869 0.48350899 -0.01728221
v -0.22294046 0.44933737 -0.06279202
v -0.22121225 0.44933737 0.04032515
v -0.22121225 0.48350899 0.04032515
v -0.20335396 0.3940343 -0.13249691
v -0.19010427 0.44933737 -0.15553986
v -0.14459446 0.44933737 -0.17973494
v -0.21372329 0.3940343 -0.07488956
v -0.22121225 0.44242449 -0.09274784
v -0.20335396 0.3940343 -0.13249691
v -0.2154515 0.3940343 -0.01728221
v -0.22466869 0.44933737 -0.01728221
v -0.21372329 0.3940343 -0.07488956
v -0.20335396 0.3940343 0.04032515
v -0.2154515 0.3940343 -0.01728221
v -0.20335396 0.3940343 0.0979325
v -0.20335396 0.3940343 0.04032515
v -0.20738648 0.92014657 -0.0979325
v -0.0979325 0.92014657 -0.1589963
v -0.19010427 0.92014657 -0.12443188
v -0.24195089 0.92014657 -0.07488956
v -0.14977912 0.95052136 -0.07488956
v -0.20738648 0.92014657 -0.0979325
v -0.24195089 0.92014657 -0.01728221
v -0.24195089 0.92014657 -0.07488956
v -0.24195089 0.92014657 0.04032515
v -0.20738648 0.92014657 0.0979325
v -0.14977912 0.95052136 0.04032515
v -0.24195089 0.92014657 0.04032515
v -0.0979325 0.92014657 -0.1589963
v -0.19010427 0.87078754 -0.14171409
v -0.19010427 0.92014657 -0.12443188
v -0.19010427 0.92014657 -0.12443188
v -0.19010427 0.87078754 -0.14171409
v -0.20738648 0.92014657 -0.0979325
v -0.20738648 0.92014657 -0.0979325
v -0.22466869 0.87078754 -0.0979325
v -0.2592331 0.87078754 -0.08698711
v -0.24195089 0.92014657 -0.07488956
v -0.2726316 0.91533949 -0.07488956
v -0.32590627 0.90219559 -0.05760735
v -0.32590627 0.91083669 -0.01728221
v -0.2726316 0.91533949 -0.01728221
v -0.2726316 0.91533949 -0.01728221
v -0.32590627 0.91083669 -0.01728221
v -0.32340822 0.89865583 0.0569123
v -0.2726316 0.91533949 0.04032515
v -0.24195089 0.92014657 0.04032515
v -0.27133064 0.90535196 0.0697049
v -0.22466869 0.87078754 0.0979325
v -0.20738648 0.92014657 0.0979325
v -0.20738648 0.92014657 0.0979325
v -0.22466869 0.87078754 0.0979325
v -0.17282207 0.87078754 0.13825765
v -0.17282207 0.87078754 0.13825765
v -0.0979325 0.87078754 0.15553986
v -0.03744709 1.10260478 0.05415006
v -0.03744709 0.95052136 0.05415006
v 0 0.95052136 0.06797668
v 0 1.10260478 0.06797668
v -0.07488956 0.95052136 0.04032515
v -0.07488956 1.10260478 0.04032515
v -0.09562821 1.10260478 -0.01728221
v -0.09562821 0.95052136 -0.01728221
v -0.09562821 0.95052136 -0.01728221
v -0.09562821 1.10260478 -0.01728221
v -0.07488956 1.10260478 -0.07488956
v -0.07488956 0.95052136 -0.07488956
v -0.03744709 0.95052136 -0.08871448
v -0.03744709 1.10260478 -0.08871448
v 0 1.10260478 -0.10254109
v 0 0.95052136 -0.10254109
v -0.07488956 0.44933737 -0.19010427
v -0.07488956 0.44933737 -0.19010427
v -0.07488956 0.48350899 -0.20738648
v -0.07488956 0.54805544 -0.21602758
v -0.07488956 0.61260186 -0.20738648
v -0.07488956 0.67714827 -0.21602758
v -0.07488956 0.80624112 -0.1831914
v -0.07488956 0.83851268 -0.17973512
v -0.07488956 0.92014657 -0.1589963
v -0.03744709 0.92014657 -0.1589963
v -0.07488956 0.92014657 -0.1589963
v -0.07488956 0.95052136 -0.10138895
v -0.07488956 0.95052136 -0.07488956
v -0.07488956 1.10260478 -0.07488956
v -0.07488956 1.10260478 -0.07488956
v -0.09562821 1.10260478 -0.01728221
v -0.07488956 1.10260478 0.04032515
v -0.07488956 1.10260478 0.04032515
v -0.07488956 0.95052136 0.04032515
v -0.03744709 0.95052136 0.09706845
v -0.07488956 0.95052136 0.0979325
v -0.07488956 0.90286437 0.13825765
v -0.03744709 0.87078754 0.15553986
v -0.07488956 0.87078754 0.15553986
v -0.03744709 0.67714827 0.15553986
v -0.07488956 0.67714827 0.15553986
v -0.07488956 0.61260186 0.14862698
v -0.03744709 0.54805544 0.16072452
v -0.07488956 0.54805544 0.16072452
v -0.02016488 0.3940343 0.0979325
v -0.01670844 0.00172819 0.04032515
v -0.03399064 0.00172819 0.06682453
v -0.00806733 0.00172819 -0.01728221
v -0.01670844 0.00172819 -0.07488956
v -0.21372329 0.3940343 -0.07488956
v -0.20853862 0.37675209 -0.05587913
v -0.21199506 0.37675209 -0.01728221
v -0.02016488 0.3940343 -0.07488956
v -0.02016488 0.37675209 -0.07488956
v -0.03744709 0.37675209 -0.10138895
v -0.0305342 0.3940343 -0.13249691
v -0.03744709 0.37675209 -0.10138895
v -0.11291042 0.37675209 -0.11521471
v -0.11291042 0.3940343 -0.13249691
v -0.20335396 0.3940343 -0.13249691
v -0.19471286 0.37675209 -0.0979325
v -0.20853862 0.37675209 -0.05587913
v -0.21372329 0.3940343 -0.07488956
v -0.11291042 0.3940343 -0.13249691
v -0.11291042 0.37675209 -0.11521471
v -0.19471286 0.37675209 -0.0979325
v -0.01152378 0.37675209 -0.01728221
v -0.02016488 0.37675209 0.04032515
v -0.2154515 0.3940343 -0.01728221
v -0.21199506 0.37675209 -0.01728221
v -0.20508219 0.37675209 0.02304294
v -0.20335396 0.3940343 0.04032515
v -0.20508219 0.37675209 0.02304294
v -0.18779998 0.37675209 0.06336809
v -0.18779998 0.37675209 0.06336809
v -0.11291042 0.37675209 0.08065029
v -0.11291042 0.3940343 0.0979325
v -0.11291042 0.3940343 0.0979325
v -0.03744709 0.37675209 0.06336809
v -0.02016488 0.3940343 0.0979325
v -0.02016488 0.3940343 0.0979325
v -0.03744709 0.37675209 0.06336809
v -0.02016488 0.37675209 0.04032515
v -0.02016488 0.3940343 0.04032515
v -0.02016488 0.22121223 -0.07488956
v -0.03744709 0.22121223 -0.10138895
v -0.03744709 0.37675209 -0.10138895
v -0.03744709 0.22121223 -0.10138895
v -0.11291042 0.22121223 -0.11521471
v -0.11291042 0.37675209 -0.11521471
v -0.20853862 0.37675209 -0.05587913
v -0.20853862 0.22121223 -0.05587913
v -0.21199506 0.22121223 -0.01728221
v -0.19471286 0.37675209 -0.0979325
v -0.19471286 0.22121223 -0.0979325
v -0.11291042 0.37675209 -0.11521471
v -0.11291042 0.22121223 -0.11521471
v -0.19471286 0.22121223 -0.0979325
v -0.19471286 0.37675209 -0.0979325
v -0.01152378 0.22121223 -0.01728221
v -0.02016488 0.22121223 0.04032515
v -0.11291042 0.37675209 0.08065029
v -0.11291042 0.22121223 0.08065029
v -0.03744709 0.22121223 0.06336809
v -0.03744709 0.37675209 0.06336809
v -0.03744709 0.37675209 0.06336809
v -0.03744709 0.22121223 0.06336809
v -0.02016488 0.22121223 0.04032515
v -0.02016488 0.37675209 0.04032515
v -0.20508219 0.22121223 0.02304294
v -0.18779998 0.22121223 0.06336809
v -0.18779998 0.37675209 0.06336809
v -0.18779998 0.37675209 0.06336809
v -0.18779998 0.22121223 0.06336809
v -0.11291042 0.22121223 0.08065029
v -0.11291042 0.37675209 0.08065029
v -0.20335396 0.3940343 0.0979325
v -0.20508219 0.18664782 0.02304294
v -0.18779998 0.18664782 0.06336809
v -0.18779998 0.18664782 0.06336809
v -0.11291042 0.18664782 0.08065029
v -0.11291042 0.18664782 0.08065029
v -0.03744709 0.18664782 0.06336809
v -0.03744709 0.18664782 0.06336809
v -0.02016488 0.18664782 0.04032515
v -0.02016488 0.18664782 0.04032515
v -0.01152378 0.18664782 -0.01728221
v -0.21199506 0.18664782 -0.01728221
v -0.02016488 0.18664782 -0.07488956
v -0.03744709 0.18664782 -0.10138895
v -0.03744709 0.18664782 -0.10138895
v -0.11291042 0.18664782 -0.11521471
v -0.19471286 0.18664782 -0.0979325
v -0.20853862 0.18664782 -0.05587913
v -0.11291042 0.18664782 -0.11521471
v -0.19471286 0.18664782 -0.0979325
v -0.21166591 0.20393002 0.02498851
v -0.21112322 0.06759683 0.02478784
v -0.19144376 0.06716079 0.06787306
v -0.19175416 0.20393002 0.06809757
v -0.19175416 0.20393002 0.06809757
v -0.19144376 0.06716079 0.06787306
v -0.11286995 0.06654913 0.08728423
v -0.11291603 0.20393002 0.08738744
v -0.11291603 0.20393002 0.08738744
v -0.11286995 0.06654913 0.08728423
v -0.03392075 0.06646474 0.06865639
v -0.03391033 0.20393002 0.06881117
v -0.03391033 0.20393002 0.06881117
v -0.03392075 0.06646474 0.06865639
v -0.01400146 0.0664687 0.04277981
v -0.01398153 0.20393002 0.04291174
v -0.01398153 0.20393002 0.04291174
v -0.01400146 0.0664687 0.04277981
v -0.00475233 0.06634304 -0.01728221
v -0.00468737 0.20393002 -0.01728221
v -0.21884448 0.20393002 -0.01700649
v -0.21823384 0.06764225 -0.01703045
v -0.21166591 0.20393002 0.02498851
v -0.00468737 0.20393002 -0.01728221
v -0.00475233 0.06634304 -0.01728221
v -0.01367364 0.06633928 -0.07669932
v -0.01385153 0.20393002 -0.07729043
v -0.01385153 0.20393002 -0.07729043
v -0.01367364 0.06633928 -0.07669932
v -0.03393825 0.06764812 -0.10491522
v -0.03392904 0.20393002 -0.10667694
v -0.03392904 0.20393002 -0.10667694
v -0.03393825 0.06764812 -0.10491522
v -0.11296182 0.06895867 -0.1196597
v -0.11300199 0.20393002 -0.12199636
v -0.19871086 0.20393002 -0.10239381
v -0.19793931 0.06861196 -0.10085625
v -0.2144437 0.06795817 -0.05686286
v -0.21526483 0.20393002 -0.05726695
v -0.11300199 0.20393002 -0.12199636
v -0.11296182 0.06895867 -0.1196597
v -0.19793931 0.06861196 -0.10085625
v -0.19871086 0.20393002 -0.10239381
v -0.21526483 0.20393002 -0.05726695
v -0.21884448 0.20393002 -0.01700649
v -0.2232398 0.05031462 0.02474161
v -0.20350849 0.04987859 0.0712944
v -0.19144376 0.06716079 0.06787306
v -0.20350849 0.04987859 0.0712944
v -0.11283423 0.04926692 0.09075541
v -0.11286995 0.06654913 0.08728423
v -0.11286995 0.06654913 0.08728423
v -0.03041542 0.04918253 0.07202357
v -0.03392075 0.06646474 0.06865639
v -0.03392075 0.06646474 0.06865639
v -0.03041542 0.04918253 0.07202357
v -0.01048002 0.04918649 0.04268694
v -0.01400146 0.0664687 0.04277981
v -0.00129589 0.04906083 -0.01728221
v -0.23033138 0.05036005 -0.01703045
v -0.2232398 0.05031462 0.02474161
v -0.00475233 0.06634304 -0.01728221
v -0.00129589 0.04906083 -0.01728221
v -0.00997546 0.04905708 -0.07611985
v -0.01367364 0.06633928 -0.07669932
v -0.2144437 0.06795817 -0.05686286
v -0.2266099 0.05067596 -0.05657039
v -0.21823384 0.06764225 -0.01703045
v -0.22380151 0.00172819 0.02489604
v -0.20378609 0.00172819 0.0714838
v -0.20350849 0.04987859 0.0712944
v -0.20378609 0.00172819 0.0714838
v -0.11284457 0.00172819 0.09087335
v -0.11283423 0.04926692 0.09075541
v -0.11284457 0.00172819 0.09087335
v -0.03035611 0.00172819 0.07208911
v -0.03041542 0.04918253 0.07202357
v -0.03035611 0.00172819 0.07208911
v -0.01039509 0.00172819 0.04272602
v -0.00123093 0.00172819 -0.01728221
v -0.23094203 0.00172819 -0.01700649
v -0.22380151 0.00172819 0.02489604
v -0.00991159 0.00172819 -0.07613149
v -0.22749971 0.00172819 -0.05668202
v -0.23094203 0.00172819 -0.01700649
v -0.23033138 0.05036005 -0.01703045
v -0.2068104 0.00172819 -0.15150735
v -0.11291042 0.00172819 -0.16878955
v -0.03399064 0.00172819 -0.15496379
v -0.03025329 0.05036591 -0.15791296
v -0.03393825 0.06764812 -0.10491522
v -0.03393825 0.06764812 -0.10491522
v -0.03025329 0.05036591 -0.15791296
v -0.11293064 0.05167646 -0.17324569
v -0.11296182 0.06895867 -0.1196597
v -0.19793931 0.06861196 -0.10085625
v -0.21006111 0.05132976 -0.1541474
v -0.2266099 0.05067596 -0.05657039
v -0.2144437 0.06795817 -0.05686286
v -0.11296182 0.06895867 -0.1196597
v -0.11293064 0.05167646 -0.17324569
v -0.21006111 0.05132976 -0.1541474
v -0.19793931 0.06861196 -0.10085625
v -0.03001556 0.00172819 -0.15909758
v -0.03025329 0.05036591 -0.15791296
v -0.03025329 0.05036591 -0.15791296
v -0.03001556 0.00172819 -0.15909758
v -0.11293962 0.00172819 -0.1755935
v -0.11293064 0.05167646 -0.17324569
v -0.21006111 0.05132976 -0.1541474
v -0.21085693 0.00172819 -0.15540127
v -0.11293064 0.05167646 -0.17324569
v -0.11293962 0.00172819 -0.1755935
v -0.21085693 0.00172819 -0.15540127
v -0.21006111 0.05132976 -0.1541474
v -0.32590627 0.90219559 -0.05760735
v -0.2726316 0.91533949 -0.07488956
v -0.24195089 0.92014657 -0.07488956
v -0.31531516 0.82177531 -0.07027184
v -0.2592331 0.87078754 -0.08698711
v -0.2726316 0.91533949 0.04032515
v -0.32340822 0.89865583 0.0569123
v -0.27133064 0.90535196 0.0697049
v -0.22466869 0.80624112 0.0979325
v -0.28384772 0.79592193 0.08029335
v -0.30431455 0.77352528 0.05119563
v -0.24195089 0.76822027 0.07488956
v -0.27133064 0.90535196 0.0697049
v -0.32340822 0.89865583 0.0569123
v -0.28384772 0.86046835 0.08029335
v -0.22121225 0.7416947 0.04032515
v -0.23436098 0.76597817 0.0197187
v -0.22280994 0.76229509 -0.01662171
v -0.22466869 0.7416947 -0.01728221
v -0.30431455 0.77352528 0.05119563
v -0.22121225 0.7416947 0.04032515
v -0.22466869 0.7416947 -0.01728221
v -0.22280994 0.76229509 -0.01662171
v -0.23545398 0.76552489 -0.05814679
v -0.22294046 0.7416947 -0.0610638
v -0.23545398 0.76552489 -0.05814679
v -0.24195089 0.77167671 -0.08698711
v -0.28384772 0.82819348 0.08029335
v -0.31386089 0.82226176 0.06960798
v -0.30431455 0.77352528 0.05119563
v -0.28384772 0.79592193 0.08029335
v -0.22466869 0.83851268 0.0979325
v -0.28384772 0.79592193 0.08029335
v -0.22466869 0.80624112 0.0979325
v -0.17282207 0.83851268 0.13825765
v -0.17282207 0.80624112 0.13825765
v -0.0979325 0.80624112 0.16245274
v -0.12212813 0.83851268 -0.17282225
v -0.07488956 0.80624112 -0.1831914
v -0.13249691 0.80624112 -0.1762785
v -0.19010427 0.83851268 -0.14171409
v -0.19010427 0.80624112 -0.14171409
v -0.2281253 0.82122959 -0.0979325
v -0.23158156 0.77167671 -0.0979325
v -0.23158156 0.77167671 -0.0979325
v -0.24195089 0.77167671 -0.08698711
v -0.31531516 0.82177531 -0.07027184
v -0.25059155 0.82122959 -0.08698711
v -0.24195089 0.77167671 -0.08698711
v -0.30472514 0.76901321 -0.05528474
v -0.32340822 0.89865583 0.0569123
v -0.4391026 0.88289322 0.05828864
v -0.44257286 0.83007724 0.07098448
v -0.31386089 0.82226176 0.06960798
v -0.44040507 0.89553641 -0.01673355
v -0.4391026 0.88289322 0.05828864
v -0.32340822 0.89865583 0.0569123
v -0.44411491 0.8298508 -0.07054976
v -0.44040889 0.88694184 -0.05788638
v -0.32590627 0.90219559 -0.05760735
v -0.44040889 0.88694184 -0.05788638
v -0.44040507 0.89553641 -0.01673355
v -0.32590627 0.91083669 -0.01728221
v -0.44782057 0.77622294 -0.05556155
v -0.44411491 0.8298508 -0.07054976
v -0.31531516 0.82177531 -0.07027184
v -0.44817272 0.76532034 -0.01640204
v -0.44782057 0.77622294 -0.05556155
v -0.30472514 0.76901321 -0.05528474
v -0.44257286 0.83007724 0.07098448
v -0.4460428 0.78072382 0.05257228
v -0.30431455 0.77352528 0.05119563
v -0.30431455 0.77352528 0.05119563
v -0.4460428 0.78072382 0.05257228
v -0.23545398 0.76552489 -0.05814679
v -0.24195089 0.77167671 -0.08698711
v -0.50964584 0.82734054 -0.07081918
v -0.50595815 0.88414462 -0.05815281
v -0.44040889 0.88694184 -0.05788638
v -0.50595815 0.88414462 -0.05815281
v -0.50592354 0.8931111 -0.01618138
v -0.44040507 0.89553641 -0.01673355
v -0.50808474 0.82765361 0.07235425
v -0.51157877 0.77792997 0.05394106
v -0.4460428 0.78072382 0.05257228
v -0.4460428 0.78072382 0.05257228
v -0.51157877 0.77792997 0.05394106
v -0.51369702 0.76281176 -0.01585386
v -0.44817272 0.76532034 -0.01640204
v -0.51333317 0.77399963 -0.05583396
v -0.44411491 0.8298508 -0.07054976
v -0.51333317 0.77399963 -0.05583396
v -0.44782057 0.77622294 -0.05556155
v -0.4391026 0.88289322 0.05828864
v -0.50459034 0.88083982 0.05965942
v -0.44257286 0.83007724 0.07098448
v -0.44040507 0.89553641 -0.01673355
v -0.50459034 0.88083982 0.05965942
v -0.4391026 0.88289322 0.05828864
v 0.67336334 0.89239123 -0.06251636
v 0.67713776 0.83156242 -0.07777574
v 0.50964195 0.82715707 -0.07751883
v 0.50584904 0.88827509 -0.06226266
v 0.67323004 0.90438718 -0.01583501
v 0.67336334 0.89239123 -0.06251636
v 0.50584904 0.88827509 -0.06226266
v 0.50574629 0.89990156 -0.01638971
v 0.67916282 0.77747584 0.05925942
v 0.67551702 0.83174261 0.08032449
v 0.50803987 0.82725535 0.07896219
v 0.51166167 0.77335642 0.05789791
v 0.68135421 0.76051151 -0.01552711
v 0.67916282 0.77747584 0.05925942
v 0.51166167 0.77335642 0.05789791
v 0.51386496 0.75610452 -0.0160778
v 0.6809222 0.77443026 -0.06035723
v 0.51344488 0.7697357 -0.06009712
v 0.50964195 0.82715707 -0.07751883
v 0.6809222 0.77443026 -0.06035723
v 0.51386496 0.75610452 -0.0160778
v 0.51344488 0.7697357 -0.06009712
v 0.67551702 0.83174261 0.08032449
v 0.67189997 0.88990342 0.06491469
v 0.50444672 0.88504832 0.06355159
v 0.50803987 0.82725535 0.07896219
v 0.67189997 0.88990342 0.06491469
v 0.50574629 0.89990156 -0.01638971
v 0.50444672 0.88504832 0.06355159
v -0.67714165 0.83174589 -0.07107609
v -0.67729697 0.8324044 -0.01546491
v -0.67340731 0.89759672 -0.01562668
v -0.67347245 0.88826075 -0.05840651
v -0.67729697 0.8324044 -0.01546491
v -0.67556192 0.83214087 0.07371656
v -0.67204356 0.88569492 0.06102252
v -0.67340731 0.89759672 -0.01562668
v -0.68081052 0.77869419 -0.05609408
v -0.68118623 0.76721875 -0.01530316
v -0.67556192 0.83214087 0.07371656
v -0.67907988 0.78204939 0.05530256
v -0.50964195 0.82715707 -0.07751883
v -0.67713776 0.83156242 -0.07777574
v -0.67336334 0.89239123 -0.06251636
v -0.50584904 0.88827509 -0.06226266
v -0.50584904 0.88827509 -0.06226266
v -0.67336334 0.89239123 -0.06251636
v -0.67323004 0.90438718 -0.01583501
v -0.50574629 0.89990156 -0.01638971
v -0.50803987 0.82725535 0.07896219
v -0.67551702 0.83174261 0.08032449
v -0.67916282 0.77747584 0.05925942
v -0.51166167 0.77335642 0.05789791
v -0.51166167 0.77335642 0.05789791
v -0.67916282 0.77747584 0.05925942
v -0.68135421 0.76051151 -0.01552711
v -0.51386496 0.75610452 -0.0160778
v -0.51344488 0.7697357 -0.06009712
v -0.6809222 0.77443026 -0.06035723
v -0.50964195 0.82715707 -0.07751883
v -0.51386496 0.75610452 -0.0160778
v -0.6809222 0.77443026 -0.06035723
v -0.51344488 0.7697357 -0.06009712
v -0.50444672 0.88504832 0.06355159
v -0.67189997 0.88990342 0.06491469
v -0.67551702 0.83174261 0.08032449
v -0.50803987 0.82725535 0.07896219
v -0.50574629 0.89990156 -0.01638971
v -0.67189997 0.88990342 0.06491469
v -0.50444672 0.88504832 0.06355159
v -0.67141812 0.88837374 -0.07717689
v -0.73535353 0.88837374 -0.07717689
v -0.70338582 0.9206154 0
v -0.6581766 0.81053549 -0.1091446
v -0.74859497 0.81053549 -0.1091446
v -0.73535353 0.88837374 -0.07717689
v -0.67141812 0.88837374 -0.07717689
v -0.67141812 0.73269724 -0.07717689
v -0.73535353 0.73269724 -0.07717689
v -0.74859497 0.81053549 -0.1091446
v -0.6581766 0.81053549 -0.1091446
v -0.73535353 0.73269724 -0.07717689
v -0.67141812 0.73269724 -0.07717689
v -0.70338582 0.70045557 0
v -0.73535353 0.88837374 0.07717689
v -0.67141812 0.88837374 0.07717689
v -0.70338582 0.9206154 0
v -0.74859497 0.81053549 0.1091446
v -0.6581766 0.81053549 0.1091446
v -0.67141812 0.88837374 0.07717689
v -0.73535353 0.88837374 0.07717689
v -0.73535353 0.73269724 0.07717689
v -0.67141812 0.73269724 0.07717689
v -0.6581766 0.81053549 0.1091446
v -0.74859497 0.81053549 0.1091446
v -0.67141812 0.73269724 0.07717689
v -0.73535353 0.73269724 0.07717689
v -0.70338582 0.70045557 0
v -0.67141812 0.88837374 0.07717689
v -0.62705289 0.88899728 0.03249994
v -0.70338582 0.9206154 0
v -0.67141812 0.88837374 0.07717689
v -0.6581766 0.81053549 0.1091446
v -0.59455296 0.80965367 0.04596185
v -0.62705289 0.88899728 0.03249994
v -0.6581766 0.81053549 0.1091446
v -0.67141812 0.73269724 0.07717689
v -0.6262089 0.73269724 0.03196771
v -0.59455296 0.80965367 0.04596185
v -0.6262089 0.73269724 0.03196771
v -0.67141812 0.73269724 0.07717689
v -0.70338582 0.70045557 0
v -0.62705289 0.88899728 -0.03249994
v -0.70338582 0.9206154 0
v -0.63006361 0.88385768 0.03037105
v -0.59969258 0.81053549 0.04295115
v -0.59969258 0.81053549 -0.04295115
v -0.63006361 0.88385768 -0.03037105
v -0.59455296 0.80965367 0.04596185
v -0.6262089 0.73269724 0.03196771
v -0.6262089 0.73269724 -0.03196771
v -0.59455296 0.80965367 -0.04596185
v -0.6262089 0.73269724 -0.03196771
v -0.70338582 0.9206154 0
v -0.62705289 0.88899728 -0.03249994
v -0.59455296 0.80965367 -0.04596185
v -0.6581766 0.81053549 -0.1091446
v -0.67141812 0.88837374 -0.07717689
v -0.59455296 0.80965367 -0.04596185
v -0.6262089 0.73269724 -0.03196771
v -0.67141812 0.73269724 -0.07717689
v -0.6581766 0.81053549 -0.1091446
v -0.78056268 0.88837374 0.03196771
v -0.73535353 0.88837374 0.07717689
v -0.70338582 0.9206154 0
v -0.81253038 0.81053549 0.04520918
v -0.74859497 0.81053549 0.1091446
v -0.73535353 0.88837374 0.07717689
v -0.78056268 0.88837374 0.03196771
v -0.78056268 0.73269724 0.03196771
v -0.73535353 0.73269724 0.07717689
v -0.74859497 0.81053549 0.1091446
v -0.81253038 0.81053549 0.04520918
v -0.73535353 0.73269724 0.07717689
v -0.78056268 0.73269724 0.03196771
v -0.70338582 0.70045557 0
v -0.78056268 0.88837374 -0.03196771
v -0.81253038 0.81053549 -0.04520918
v -0.81253038 0.81053549 0.04520918
v -0.78056268 0.88837374 0.03196771
v -0.78056268 0.88837374 -0.03196771
v -0.78056268 0.73269724 -0.03196771
v -0.78056268 0.73269724 0.03196771
v -0.81253038 0.81053549 0.04520918
v -0.81253038 0.81053549 -0.04520918
v -0.78056268 0.73269724 -0.03196771
v -0.70338582 0.9206154 0
v -0.74859497 0.81053549 -0.1091446
v -0.81253038 0.81053549 -0.04520918
v -0.78056268 0.88837374 -0.03196771
v -0.73535353 0.88837374 -0.07717689
v -0.73535353 0.73269724 -0.07717689
v -0.78056268 0.73269724 -0.03196771
v -0.81253038 0.81053549 -0.04520918
v -0.74859497 0.81053549 -0.1091446
v -0.02394892 1.01100936 -0.32222665
v -0.05104159 1.03693239 -0.35533251
v 0.00314431 1.03693239 -0.37186678
v 0.00314431 1.01100936 -0.33913509
v -0.10522862 1.01100936 -0.27150141
v -0.12287998 1.01100936 -0.18687447
v -0.24890161 1.03693239 -0.10191316
v -0.21359928 1.03693239 -0.27116526
v -0.18529046 1.03693239 0.15464364
v -0.2347472 1.03693239 0.11099129
v -0.11580269 1.00236838 -0.07178006
v -0.09107406 0.9937274 -0.04131258
v -0.33067637 1.47163589 0.25147442
v -0.38991479 1.474149 0.16807896
v -0.39911373 1.29653831 0.22103711
v -0.33696674 1.2966042 0.28842721
v 0.00265306 1.77869462 0.03828433
v -0.15149063 1.73043143 0.16075899
v -0.13470925 1.73082864 0.18594066
v -0.33537639 1.24214225 0.29032036
v -0.39724692 1.2419805 0.22325264
v -0.38526704 1.09321525 0.21189243
v -0.32464984 1.09408886 0.27881155
v -0.28272811 1.14062563 -0.28844747
v -0.31803044 1.14062563 -0.11055426
v -0.31803044 1.24431887 -0.10191316
v -0.28272811 1.22703667 -0.27116526
v -0.0683238 1.14710646 -0.38989692
v -0.0683238 1.23999832 -0.37261471
v 0.00314431 1.24086242 -0.40643119
v 0.00314431 1.14926674 -0.4237134
v -0.33696674 1.2966042 0.28842721
v -0.39724692 1.2419805 0.22325264
v -0.33537639 1.24214225 0.29032036
v -0.31803044 1.24431887 -0.10191316
v -0.31803044 1.29616549 -0.08463095
v -0.28272811 1.27888329 -0.23660085
v -0.0683238 1.27888329 -0.3380503
v 0.00314431 1.27888329 -0.37186678
v 0.00314431 1.24086242 -0.40643119
v -0.32464984 1.09408886 0.27881155
v -0.38526704 1.09321525 0.21189243
v -0.30406284 0.96422394 0.18348032
v -0.24470404 0.93117587 0.23294189
v -0.21359928 1.03693239 -0.27116526
v -0.24890161 1.03693239 -0.10191316
v -0.31803044 1.14062563 -0.11055426
v -0.05104159 1.03693239 -0.35533251
v -0.0683238 1.14710646 -0.38989692
v 0.00314431 1.14926674 -0.4237134
v 0.00314431 1.03693239 -0.37186678
v 0.00314431 0.98076535 -0.1261067
v -0.11580269 1.00236838 -0.07178006
v -0.14053132 1.01100936 -0.10224753
v 0.00314431 0.98508577 -0.27183755
v -0.02394892 1.01100936 -0.32222665
v 0.00314431 1.01100936 -0.33913509
v -0.29618751 1.22247786 0.02034868
v -0.22790412 1.30878143 0.060083
v -0.32843184 1.31559354 0.05381254
v -0.22790412 1.30878143 0.060083
v -0.29618751 1.22247786 0.02034868
v -0.29048736 1.24751739 -0.04383328
v -0.22220398 1.33382096 -0.00409896
v -0.22220398 1.33382096 -0.00409896
v -0.29048736 1.24751739 -0.04383328
v -0.32273171 1.34063307 -0.01036942
v -0.40903146 1.26485699 0.02686028
v -0.29618751 1.22247786 0.02034868
v -0.40903146 1.26485699 0.02686028
v -0.4033313 1.28989652 -0.03732168
v -0.29048736 1.24751739 -0.04383328
v -0.4033313 1.28989652 -0.03732168
v -0.29854662 1.40449909 0.09115177
v -0.29854662 1.40449909 0.09115177
v -0.22790412 1.30878143 0.060083
v -0.22220398 1.33382096 -0.00409896
v -0.29284649 1.42953866 0.0269698
v -0.29284649 1.42953866 0.0269698
v -0.41048949 1.37735232 0.07061899
v -0.40478933 1.40239185 0.00643703
v -0.41048949 1.37735232 0.07061899
v -0.29854662 1.40449909 0.09115177
v -0.29284649 1.42953866 0.0269698
v -0.40478933 1.40239185 0.00643703
v -0.4033313 1.28989652 -0.03732168
v -0.40903146 1.26485699 0.02686028
v -0.41048949 1.37735232 0.07061899
v -0.40478933 1.40239185 0.00643703
v -0.3356816 1.29616549 -0.00864601
v -0.3356816 1.24431887 -0.01728711
v -0.35333276 1.24431887 0.06733893
v -0.35333276 1.29616549 0.06733893
v -0.3356816 1.14062563 -0.02160766
v -0.35333276 1.14062563 0.06733893
v -0.35333276 1.24431887 0.06733893
v -0.26655279 1.03693239 -0.01728711
v -0.28420395 1.03693239 0.06733893
v -0.35333276 1.14062563 0.06733893
v -0.26655279 1.03693239 -0.01728711
v -0.13170565 1.01100936 -0.144561
v -0.28420395 1.03693239 0.06733893
v -0.29441402 1.58722132 0.22520193
v -0.33993339 1.58770601 0.16222331
v -0.35823301 1.54975615 0.17110976
v -0.30737657 1.54882969 0.23890171
v -0.36535688 1.44882931 0.07947338
v -0.40794453 1.29616549 0.10969472
v -0.38063865 1.29616549 0.07123461
v -0.39466317 1.45459438 0.05704341
v -0.38063865 1.29616549 0.07123461
v -0.38016998 1.24431887 0.0718389
v -0.40700719 1.24431887 0.11090326
v -0.40794453 1.29616549 0.10969472
v -0.37653951 1.12880391 0.06889226
v -0.39974626 1.11698221 0.10500999
v -0.40700719 1.24431887 0.11090326
v -0.37653951 1.12880391 0.06889226
v -0.30378022 1.01328896 0.08322782
v -0.32335646 0.98964553 0.0991167
v -0.39974626 1.11698221 0.10500999
v -0.21465499 0.99188077 0.19285655
v -0.26900573 0.99076315 0.14598663
v -0.25187647 1.01384778 0.12848896
v -0.19997273 1.01440658 0.17375009
v -0.1397919 1.27888329 -0.30423382
v -0.1397919 1.23567777 -0.33879824
v -0.28272811 1.22703667 -0.27116526
v -0.28272811 1.27888329 -0.23660085
v -0.1397919 1.23567777 -0.33879824
v -0.1397919 1.14494618 -0.35608044
v -0.28272811 1.14062563 -0.28844747
v -0.1397919 1.14494618 -0.35608044
v -0.10522749 1.03693239 -0.33879824
v -0.21359928 1.03693239 -0.27116526
v -0.10522749 1.03693239 -0.33879824
v -0.05104216 1.01100936 -0.30531825
v -0.21359928 1.03693239 -0.27116526
v -0.05104216 1.01100936 -0.30531825
v -0.10522862 1.01100936 -0.27150141
v -0.0683238 1.23999832 -0.37261471
v -0.1397919 1.23567777 -0.33879824
v -0.0683238 1.23999832 -0.37261471
v -0.0683238 1.14710646 -0.38989692
v -0.1397919 1.14494618 -0.35608044
v -0.05104159 1.03693239 -0.35533251
v -0.10522749 1.03693239 -0.33879824
v -0.05104159 1.03693239 -0.35533251
v -0.02394892 1.01100936 -0.32222665
v -0.05104216 1.01100936 -0.30531825
v -0.19997273 1.01440658 0.17375009
v -0.25187647 1.01384778 0.12848896
v -0.2347472 1.03693239 0.11099129
v -0.18529046 1.03693239 0.15464364
v -0.30378022 1.01328896 0.08322782
v -0.35333276 1.14062563 0.06733893
v -0.28420395 1.03693239 0.06733893
v -0.38016998 1.24431887 0.0718389
v -0.35333276 1.24431887 0.06733893
v -0.35333276 1.14062563 0.06733893
v -0.38063865 1.29616549 0.07123461
v -0.35333276 1.29616549 0.06733893
v -0.35333276 1.24431887 0.06733893
v -0.36535688 1.44882931 0.07947338
v -0.33605056 1.44306425 0.06733893
v -0.35333276 1.29616549 0.06733893
v -0.3356816 1.24431887 -0.01728711
v -0.3356816 1.29616549 -0.00864601
v -0.31803044 1.24431887 -0.10191316
v -0.3356816 1.14062563 -0.02160766
v -0.3356816 1.24431887 -0.01728711
v -0.31803044 1.14062563 -0.11055426
v -0.26655279 1.03693239 -0.01728711
v -0.3356816 1.14062563 -0.02160766
v -0.24890161 1.03693239 -0.10191316
v -0.07305636 1.72981179 -0.2435025
v 0.00265306 1.77869462 0.03828433
v 0.00354587 1.73002579 -0.25465313
v -0.1227249 1.7288583 -0.21583012
v -0.18828976 1.72989934 -0.16969557
v 0.00265306 1.77869462 0.03828433
v -0.20354979 1.73087162 -0.07788174
v 0.00265306 1.77869462 0.03828433
v -0.22009667 1.73113711 -0.00525018
v 0.00265306 1.77869462 0.03828433
v -0.06614537 1.73095469 0.21443534
v 0.0024185 1.73108074 0.24293005
v -0.1397919 1.44306425 -0.30423382
v -0.1397919 1.27888329 -0.30423382
v -0.28272811 1.44306425 -0.23660085
v -0.31803044 1.44306425 -0.08463095
v -0.28272811 1.44306425 -0.23660085
v -0.28272811 1.27888329 -0.23660085
v -0.3270405 1.44306425 -0.00864601
v -0.31803044 1.29616549 -0.08463095
v -0.33369662 1.46168173 -0.30121482
v -0.3141627 1.54017131 -0.28850979
v -0.17843204 1.54419546 -0.36475322
v -0.20376809 1.47515807 -0.37969415
v -0.40479431 1.55647398 -0.11314416
v -0.38861834 1.58818602 -0.10781473
v -0.3141627 1.54017131 -0.28850979
v -0.33369662 1.46168173 -0.30121482
v -0.46317707 1.48035775 -0.04641923
v -0.41618345 1.55515242 -0.02363546
v -0.40479431 1.55647398 -0.11314416
v -0.3579425 1.31265668 -0.07453195
v -0.38884451 1.28594235 -0.07128906
v -0.38302581 1.4629344 -0.09592828
v -0.35052812 1.45299935 -0.09027962
v -0.30555598 1.28149776 -0.25515054
v -0.35052812 1.45299935 -0.09027962
v -0.38302581 1.4629344 -0.09592828
v -0.31801451 1.17177793 -0.2633309
v -0.20305245 1.31568709 -0.32839133
v -0.30555598 1.28149776 -0.25515054
v -0.31801451 1.17177793 -0.2633309
v -0.21446638 1.20386394 -0.35254883
v -0.0683238 1.44306425 -0.3380503
v -0.0683238 1.27888329 -0.3380503
v -0.12117875 1.2365126 -0.37226099
v -0.1299005 1.33287555 -0.34670152
v -0.20305245 1.31568709 -0.32839133
v -0.17843204 1.54419546 -0.36475322
v -0.13268429 1.5515295 -0.38849902
v -0.14432375 1.48414786 -0.41465419
v -0.20376809 1.47515807 -0.37969415
v 0.00314431 1.44306425 -0.37186678
v 0.00314431 1.27888329 -0.37186678
v 0.03770873 1.45356968 -0.40163211
v -0.05674855 1.35006397 -0.36501172
v -0.0278911 1.29162811 -0.39197314
v 0.03770873 1.39494626 -0.43139745
v -0.08487942 1.49313758 -0.44961423
v -0.08693655 1.55886355 -0.41224481
v 0.01310005 1.59280997 -0.42261012
v 0.02880838 1.55293189 -0.4457988
v -0.05674855 1.35006397 -0.36501172
v -0.0683238 1.44306425 -0.3380503
v -0.1397919 1.44306425 -0.30423382
v -0.30555598 1.28149776 -0.25515054
v -0.1397919 1.44306425 -0.30423382
v -0.28272811 1.44306425 -0.23660085
v -0.30555598 1.28149776 -0.25515054
v -0.28272811 1.44306425 -0.23660085
v -0.31803044 1.44306425 -0.08463095
v -0.35052812 1.45299935 -0.09027962
v -0.31803044 1.44306425 -0.08463095
v 0.03770873 1.45356968 -0.40163211
v 0.00314431 1.44306425 -0.37186678
v -0.1397919 1.44306425 -0.30423382
v -0.1299005 1.33287555 -0.34670152
v -0.20305245 1.31568709 -0.32839133
v -0.30555598 1.28149776 -0.25515054
v -0.35052812 1.45299935 -0.09027962
v -0.31803044 1.44306425 -0.08463095
v -0.38884451 1.28594235 -0.07128906
v -0.3579425 1.31265668 -0.07453195
v -0.39466317 1.45459438 0.05704341
v -0.40908941 1.55068261 0.10331783
v -0.38545272 1.58819064 0.0992447
v -0.41618345 1.55515242 -0.02363546
v -0.46317707 1.48035775 -0.04641923
v -0.2018338 1.72923975 0.08521543
v 0.00265306 1.77869462 0.03828433
v -0.3579425 1.31265668 -0.07453195
v -0.3270405 1.44306425 -0.00864601
v -0.33605056 1.44306425 0.06733893
v -0.36535688 1.44882931 0.07947338
v -0.3270405 1.44306425 -0.00864601
v -0.35333276 1.29616549 0.06733893
v -0.33605056 1.44306425 0.06733893
v -0.31803044 1.44306425 -0.08463095
v 0.00314502 0.97644494 0.01962414
v 0.0255245 0.97644494 0.01962414
v 0.04790422 1.03693239 0.24195089
v 0.00314573 1.03693239 0.24195089
v 0.00314385 1.29699953 0.45293099
v 0.11104912 1.29686777 0.43807134
v 0.11206417 1.46667407 0.43321557
v 0.00473861 1.46515374 0.44887374
v 0.00311166 1.24311275 0.45349706
v 0.11049818 1.24278918 0.43898007
v 0.00314385 1.29699953 0.45293099
v 0.00443354 1.09712496 0.44101173
v 0.10771019 1.0964954 0.42681395
v 0.11049818 1.24278918 0.43898007
v 0.005782 0.90129891 0.34215359
v 0.07034477 0.93506586 0.33697023
v 0.10771019 1.0964954 0.42681395
v 0.00314431 0.98508577 -0.27183755
v 0.0255245 0.97644494 0.01962414
v 0.04790398 0.97644494 0.01962414
v 0.0047921 1.54734192 0.42110773
v 0.10847725 1.54884491 0.39716672
v 0.10623198 1.58927355 0.37176344
v 0.00264199 1.58943474 0.39463706
v 0.00314589 1.01552423 0.26427498
v 0.05279837 1.01552423 0.26427498
v 0.05769251 0.99411607 0.28659911
v 0.00314604 0.99411607 0.28659911
v 0.00314573 1.03693239 0.24195089
v 0.04790422 1.03693239 0.24195089
v 0.00314431 1.03693239 -0.37186678
v 0.05733021 1.03693239 -0.35533251
v 0.03023754 1.01100936 -0.32222665
v 0.00314431 1.01100936 -0.33913509
v 0.25519025 1.03693239 -0.10191316
v 0.1291686 1.01100936 -0.18687447
v 0.11151725 1.01100936 -0.27150141
v 0.21988792 1.03693239 -0.27116526
v 0.19157764 1.03693239 0.15464491
v 0.14212018 1.03693239 0.1982979
v 0.07263297 0.98508605 -0.01084378
v 0.09736197 0.99372715 -0.0413117
v 0.3371989 1.46488509 0.27285623
v 0.2782943 1.46653971 0.34520681
v 0.28110312 1.29667009 0.35582053
v 0.34325186 1.2966042 0.28842936
v 0.00265306 1.77869462 0.03828433
v 0.21754453 1.72875492 0.1013165
v 0.24324676 1.72823622 0.06711349
v 0.3416454 1.24214218 0.29032398
v 0.27976505 1.24230393 0.35739353
v 0.27128335 1.09498478 0.34570548
v 0.33157989 1.09410374 0.27879474
v 0.32431906 1.24431887 -0.10191316
v 0.32431906 1.14062563 -0.11055426
v 0.28901673 1.14062563 -0.28844747
v 0.28901673 1.22703667 -0.27116526
v 0.00314431 1.24086242 -0.40643119
v 0.07461242 1.23999832 -0.37261471
v 0.07461242 1.14710646 -0.38989692
v 0.00314431 1.14926674 -0.4237134
v 0.34325186 1.2966042 0.28842936
v 0.28110312 1.29667009 0.35582053
v 0.27976505 1.24230393 0.35739353
v 0.3416454 1.24214218 0.29032398
v 0.32431906 1.29616549 -0.08463095
v 0.32431906 1.24431887 -0.10191316
v 0.28901673 1.22703667 -0.27116526
v 0.28901673 1.27888329 -0.23660085
v 0.00314431 1.27888329 -0.37186678
v 0.07461242 1.27888329 -0.3380503
v 0.07461242 1.23999832 -0.37261471
v 0.00314431 1.24086242 -0.40643119
v 0.33157989 1.09410374 0.27879474
v 0.27128335 1.09498478 0.34570548
v 0.19360823 0.95001929 0.28234485
v 0.25230892 0.93120578 0.23290281
v 0.32431906 1.14062563 -0.11055426
v 0.25519025 1.03693239 -0.10191316
v 0.21988792 1.03693239 -0.27116526
v 0.28901673 1.14062563 -0.28844747
v 0.00314431 1.14926674 -0.4237134
v 0.07461242 1.14710646 -0.38989692
v 0.05733021 1.03693239 -0.35533251
v 0.00314431 1.03693239 -0.37186678
v 0.14681994 1.01100936 -0.10224753
v 0.00314431 0.98076535 -0.1261067
v 0.00314431 0.98508577 -0.27183755
v 0.1291686 1.01100936 -0.18687447
v 0.00314431 0.98508577 -0.27183755
v 0.11151725 1.01100936 -0.27150141
v 0.00314431 1.01100936 -0.33913509
v 0.03023754 1.01100936 -0.32222665
v 0.00314431 0.98508577 -0.27183755
v 0.23419276 1.30878143 0.060083
v 0.30247613 1.22247786 0.02034868
v 0.33472046 1.31559354 0.05381254
v 0.296776 1.24751739 -0.04383328
v 0.30247613 1.22247786 0.02034868
v 0.23419276 1.30878143 0.060083
v 0.22849261 1.33382096 -0.00409896
v 0.296776 1.24751739 -0.04383328
v 0.22849261 1.33382096 -0.00409896
v 0.32902033 1.34063307 -0.01036942
v 0.41532008 1.26485699 0.02686028
v 0.40961995 1.28989652 -0.03732168
v 0.41532008 1.26485699 0.02686028
v 0.30247613 1.22247786 0.02034868
v 0.296776 1.24751739 -0.04383328
v 0.40961995 1.28989652 -0.03732168
v 0.30483524 1.40449909 0.09115177
v 0.22849261 1.33382096 -0.00409896
v 0.23419276 1.30878143 0.060083
v 0.30483524 1.40449909 0.09115177
v 0.29913511 1.42953866 0.0269698
v 0.29913511 1.42953866 0.0269698
v 0.41677811 1.37735232 0.07061899
v 0.30483524 1.40449909 0.09115177
v 0.41677811 1.37735232 0.07061899
v 0.41107795 1.40239185 0.00643703
v 0.29913511 1.42953866 0.0269698
v 0.41107795 1.40239185 0.00643703
v 0.41677811 1.37735232 0.07061899
v 0.41532008 1.26485699 0.02686028
v 0.40961995 1.28989652 -0.03732168
v 0.41107795 1.40239185 0.00643703
v 0.35962142 1.24431887 0.06733893
v 0.34197022 1.24431887 -0.01728711
v 0.34197022 1.29616549 -0.00864601
v 0.35962142 1.29616549 0.06733893
v 0.35962142 1.14062563 0.06733893
v 0.34197022 1.14062563 -0.02160766
v 0.35962142 1.24431887 0.06733893
v 0.29049259 1.03693239 0.06733893
v 0.27284139 1.03693239 -0.01728711
v 0.35962142 1.14062563 0.06733893
v 0.14681994 1.01100936 -0.10224753
v 0.13799428 1.01100936 -0.144561
v 0.27284139 1.03693239 -0.01728711
v 0.29049259 1.03693239 0.06733893
v 0.1291686 1.01100936 -0.18687447
v 0.13799428 1.01100936 -0.144561
v 0.00314431 0.98508577 -0.27183755
v 0.30219136 1.58666016 0.22423121
v 0.25600668 1.58788626 0.28656051
v 0.26264594 1.54813291 0.30724363
v 0.3131295 1.54591798 0.24126158
v 0.41423315 1.29616549 0.10969472
v 0.38692727 1.29616549 0.07123461
v 0.3716455 1.44882931 0.07947338
v 0.40095179 1.45459438 0.09160782
v 0.41329581 1.24431887 0.11090326
v 0.3864586 1.24431887 0.0718389
v 0.41423315 1.29616549 0.10969472
v 0.40603488 1.11698221 0.10500999
v 0.38282813 1.12880391 0.06889226
v 0.41329581 1.24431887 0.11090326
v 0.32964508 0.98964553 0.0991167
v 0.31006884 1.01328896 0.08322782
v 0.38282813 1.12880391 0.06889226
v 0.40603488 1.11698221 0.10500999
v 0.22094203 0.9918808 0.1928579
v 0.16659051 0.99299844 0.23972851
v 0.15435534 1.01496542 0.21901321
v 0.20625985 1.0144066 0.17375141
v 0.28901673 1.22703667 -0.27116526
v 0.14608053 1.23567777 -0.33879824
v 0.14608053 1.27888329 -0.30423382
v 0.28901673 1.27888329 -0.23660085
v 0.28901673 1.14062563 -0.28844747
v 0.14608053 1.14494618 -0.35608044
v 0.14608053 1.23567777 -0.33879824
v 0.21988792 1.03693239 -0.27116526
v 0.11151611 1.03693239 -0.33879824
v 0.14608053 1.14494618 -0.35608044
v 0.05733078 1.01100936 -0.30531825
v 0.11151611 1.03693239 -0.33879824
v 0.21988792 1.03693239 -0.27116526
v 0.05733078 1.01100936 -0.30531825
v 0.11151725 1.01100936 -0.27150141
v 0.14608053 1.23567777 -0.33879824
v 0.07461242 1.23999832 -0.37261471
v 0.14608053 1.14494618 -0.35608044
v 0.07461242 1.14710646 -0.38989692
v 0.11151611 1.03693239 -0.33879824
v 0.05733021 1.03693239 -0.35533251
v 0.05733078 1.01100936 -0.30531825
v 0.05733021 1.03693239 -0.35533251
v 0.20625985 1.0144066 0.17375141
v 0.15435534 1.01496542 0.21901321
v 0.14212018 1.03693239 0.1982979
v 0.19157764 1.03693239 0.15464491
v 0.35962142 1.14062563 0.06733893
v 0.31006884 1.01328896 0.08322782
v 0.29049259 1.03693239 0.06733893
v 0.35962142 1.24431887 0.06733893
v 0.3864586 1.24431887 0.0718389
v 0.38282813 1.12880391 0.06889226
v 0.35962142 1.29616549 0.06733893
v 0.38692727 1.29616549 0.07123461
v 0.34233921 1.44306425 0.06733893
v 0.3716455 1.44882931 0.07947338
v 0.38692727 1.29616549 0.07123461
v 0.34197022 1.29616549 -0.00864601
v 0.34197022 1.24431887 -0.01728711
v 0.32431906 1.24431887 -0.10191316
v 0.34197022 1.14062563 -0.02160766
v 0.32431906 1.14062563 -0.11055426
v 0.25519025 1.03693239 -0.10191316
v 0.19408273 1.73104778 -0.15272512
v 0.12837021 1.73056282 -0.21333902
v 0.00265306 1.77869462 0.03828433
v 0.22591598 1.73029213 -0.08322959
v 0.00265306 1.77869462 0.03828433
v 0.00265306 1.77869462 0.03828433
v 0.24569149 1.72937911 -0.00944688
v 0.00265306 1.77869462 0.03828433
v 0.07142817 1.73069593 0.2234278
v 0.14043785 1.73031112 0.20392556
v 0.14608053 1.27888329 -0.30423382
v 0.14608053 1.44306425 -0.30423382
v 0.28901673 1.44306425 -0.23660085
v 0.28901673 1.44306425 -0.23660085
v 0.32431906 1.44306425 -0.08463095
v 0.32431906 1.29616549 -0.08463095
v 0.28901673 1.27888329 -0.23660085
v 0.33332912 1.44306425 -0.00864601
v 0.32431906 1.29616549 -0.08463095
v 0.18693142 1.55462112 -0.37147877
v 0.1704356 1.58960977 -0.35946293
v 0.321952 1.54353876 -0.28665264
v 0.34544213 1.46517431 -0.29408841
v 0.34544213 1.46517431 -0.29408841
v 0.321952 1.54353876 -0.28665264
v 0.39257854 1.58799616 -0.11111283
v 0.41518022 1.5490868 -0.11301277
v 0.39257854 1.58799616 -0.11111283
v 0.42297792 1.55397966 -0.02497276
v 0.46901412 1.47407984 -0.03608525
v 0.38931443 1.4629344 -0.09592828
v 0.39513312 1.32050677 -0.07128906
v 0.36423112 1.31265668 -0.07453195
v 0.35681674 1.45299935 -0.09027962
v 0.38931443 1.4629344 -0.09592828
v 0.35681674 1.45299935 -0.09027962
v 0.3118446 1.28149776 -0.25515054
v 0.33467246 1.18906013 -0.27370023
v 0.33467246 1.18906013 -0.27370023
v 0.3118446 1.28149776 -0.25515054
v 0.15749446 1.45394474 -0.32839133
v 0.16890838 1.39569644 -0.35254883
v 0.07461242 1.27888329 -0.3380503
v 0.07461242 1.44306425 -0.3380503
v 0.16890838 1.39569644 -0.35254883
v 0.15749446 1.45394474 -0.32839133
v 0.132166 1.33278177 -0.36501172
v 0.13787297 1.29162811 -0.39197314
v 0.13480286 1.49700278 -0.44037662
v 0.10831729 1.56363669 -0.40754518
v 0.18693142 1.55462112 -0.37147877
v 0.00314431 1.44306425 -0.37186678
v 0.00314431 1.27888329 -0.37186678
v 0.13787297 1.29162811 -0.39197314
v 0.132166 1.33278177 -0.36501172
v 0.03770873 1.45356968 -0.40163211
v 0.03770873 1.39494626 -0.43139745
v 0.07461242 1.44306425 -0.3380503
v 0.132166 1.33278177 -0.36501172
v 0.14608053 1.44306425 -0.30423382
v 0.3118446 1.28149776 -0.25515054
v 0.14608053 1.44306425 -0.30423382
v 0.15749446 1.45394474 -0.32839133
v 0.28901673 1.44306425 -0.23660085
v 0.28901673 1.44306425 -0.23660085
v 0.3118446 1.28149776 -0.25515054
v 0.32431906 1.44306425 -0.08463095
v 0.36423112 1.31265668 -0.07453195
v 0.32431906 1.44306425 -0.08463095
v 0.00314431 1.44306425 -0.37186678
v 0.03770873 1.45356968 -0.40163211
v 0.07461242 1.44306425 -0.3380503
v 0.15749446 1.45394474 -0.32839133
v 0.132166 1.33278177 -0.36501172
v 0.14608053 1.44306425 -0.30423382
v 0.35681674 1.45299935 -0.09027962
v 0.3118446 1.28149776 -0.25515054
v 0.32431906 1.44306425 -0.08463095
v 0.3716455 1.44882931 0.07947338
v 0.36423112 1.31265668 -0.07453195
v 0.39513312 1.32050677 -0.07128906
v 0.40095179 1.45459438 0.09160782
v 0.42297792 1.55397966 -0.02497276
v 0.39456075 1.58420803 0.09957261
v 0.41409659 1.54148819 0.10929748
v 0.24569149 1.72937911 -0.00944688
v 0.34233921 1.44306425 0.06733893
v 0.33332912 1.44306425 -0.00864601
v 0.36423112 1.31265668 -0.07453195
v 0.3716455 1.44882931 0.07947338
v 0.35962142 1.29616549 0.06733893
v 0.33332912 1.44306425 -0.00864601
v 0.34233921 1.44306425 0.06733893
v 0.32431906 1.44306425 -0.08463095
v 0.0767644 1.7302678 -0.24407122
v 0.00354587 1.73002579 -0.25465313
v 0.0767644 1.7302678 -0.24407122
v 0.02880838 1.55293189 -0.4457988
v 0.13480286 1.49700278 -0.44037662
v 0.00265306 1.77869462 0.03828433
v -0.09789063 1.72933501 -0.22966632
v 0.03770873 1.45356968 -0.40163211
v 0.132166 1.33278177 -0.36501172
v 0.00314431 1.44306425 -0.37186678
v -0.45028955 1.3038144 -0.08180685
v -0.44136061 1.48378731 -0.1203216
v -0.44136061 1.48378731 -0.1203216
v -0.40479431 1.55647398 -0.11314416
v -0.33369662 1.46168173 -0.30121482
v -0.36100069 1.19501279 -0.30944079
v -0.36100069 1.19501279 -0.30944079
v -0.20376809 1.47515807 -0.37969415
v -0.25023977 1.22429775 -0.4077992
v -0.14432375 1.48414786 -0.41465419
v -0.14822942 1.25304387 -0.4303359
v -0.04621908 1.30425684 -0.45287257
v 0.02880838 1.55293189 -0.4457988
v 0.05271738 1.41557433 -0.48958873
v 0.05271738 1.41557433 -0.48958873
v 0.02880838 1.55293189 -0.4457988
v 0.13480286 1.49700278 -0.44037662
v 0.17696115 1.31935315 -0.43904277
v 0.18693142 1.55462112 -0.37147877
v 0.21345609 1.42023084 -0.39807891
v 0.21345609 1.42023084 -0.39807891
v 0.18693142 1.55462112 -0.37147877
v 0.34544213 1.46517431 -0.29408841
v 0.38430327 1.21578873 -0.3112658
v 0.38430327 1.21578873 -0.3112658
v 0.41518022 1.5490868 -0.11301277
v 0.44806064 1.48916024 -0.11872512
v 0.44806064 1.48916024 -0.11872512
v 0.46901412 1.47407984 -0.03608525
v 0.45424325 1.32998016 -0.06267215
v 0.45424325 1.32998016 -0.06267215
v 0.46901412 1.47407984 -0.03608525
v 0.41409659 1.54148819 0.10929748
v 0.45500806 1.46157572 0.12815503
v 0.3131295 1.54591798 0.24126158
v 0.26264594 1.54813291 0.30724363
v 0.2782943 1.46653971 0.34520681
v 0.3371989 1.46488509 0.27285623
v 0.00473861 1.46515374 0.44887374
v 0.0047921 1.54734192 0.42110773
v -0.30737657 1.54882969 0.23890171
v -0.35823301 1.54975615 0.17110976
v -0.38991479 1.474149 0.16807896
v -0.33067637 1.47163589 0.25147442
v -0.44915321 1.47666218 0.08468349
v -0.46317707 1.48035775 -0.04641923
v -0.44136061 1.48378731 -0.1203216
v 0.0024206 1.65901008 0.34850735
v 0.10416302 1.64983333 0.32290899
v 0.07142817 1.73069593 0.2234278
v 0.0024185 1.73108074 0.24293005
v 0.19184231 1.72927363 0.13551952
v 0.16614008 1.72979241 0.16972254
v 0.24456286 1.63905707 0.24679071
v 0.28322028 1.63745756 0.19627076
v 0.36053512 1.63425848 0.09523089
v 0.3841634 1.62156996 -0.01750968
v 0.24569149 1.72937911 -0.00944688
v 0.3841634 1.62156996 -0.01750968
v 0.33799677 1.64299379 -0.13640651
v 0.22591598 1.73029213 -0.08322959
v 0.33799677 1.64299379 -0.13640651
v 0.270335 1.6190635 -0.26079262
v 0.19408273 1.73104778 -0.15272512
v 0.270335 1.6190635 -0.26079262
v 0.16217786 1.63869684 -0.3280051
v 0.12837021 1.73056282 -0.21333902
v 0.16217786 1.63869684 -0.3280051
v 0.09452066 1.6261761 -0.36839796
v 0.0767644 1.7302678 -0.24407122
v 0.0767644 1.7302678 -0.24407122
v 0.00830352 1.64091164 -0.38094949
v 0.00354587 1.73002579 -0.25465313
v 0.00354587 1.73002579 -0.25465313
v 0.00830352 1.64091164 -0.38094949
v -0.0830519 1.6237448 -0.37020619
v -0.1227249 1.7288583 -0.21583012
v -0.09789063 1.72933501 -0.22966632
v -0.12313439 1.62043668 -0.35120364
v -0.16321689 1.61712856 -0.33220105
v -0.1227249 1.7288583 -0.21583012
v -0.29946108 1.61639988 -0.25139829
v -0.18828976 1.72989934 -0.16969557
v -0.18828976 1.72989934 -0.16969557
v -0.35380555 1.63946093 -0.09464541
v -0.20354979 1.73087162 -0.07788174
v -0.20354979 1.73087162 -0.07788174
v -0.37517559 1.62370756 -0.01381523
v -0.22009667 1.73113711 -0.00525018
v -0.22009667 1.73113711 -0.00525018
v -0.34039975 1.64155897 0.09437885
v -0.2018338 1.72923975 0.08521543
v -0.16827201 1.73003416 0.13557732
v -0.18505289 1.72963695 0.11039637
v -0.30272698 1.64122281 0.14539905
v -0.2650542 1.64088659 0.19641925
v 0.0024185 1.73108074 0.24293005
v -0.06614537 1.73095469 0.21443534
v -0.09364293 1.64961214 0.32348499
v 0.0024206 1.65901008 0.34850735
v 0.00264199 1.58943474 0.39463706
v -0.10036535 1.58784334 0.37289995
v -0.10043433 1.54715931 0.39779863
v 0.0047921 1.54734192 0.42110773
v -0.10043433 1.54715931 0.39779863
v -0.10372875 1.46588163 0.43357197
v 0.00473861 1.46515374 0.44887374
v -0.10476266 1.29686777 0.43807118
v 0.00314385 1.29699953 0.45293099
v 0.00314385 1.29699953 0.45293099
v -0.10426 1.24278925 0.43897839
v 0.00311166 1.24311275 0.45349706
v 0.00311166 1.24311275 0.45349706
v -0.10426 1.24278925 0.43897839
v -0.09948918 1.09648053 0.42683271
v 0.00443354 1.09712496 0.44101173
v -0.09948918 1.09648053 0.42683271
v -0.06010048 0.93503599 0.33701074
v -0.05140216 0.99411607 0.28659911
v -0.04650817 1.01552423 0.26427498
v -0.04161418 1.03693239 0.24195089
v -0.04161418 1.03693239 0.24195089
v -0.01923517 0.97644494 0.01962414
v -0.01923517 0.97644494 0.01962414
v 0.00314502 0.97644494 0.01962414
v 0.321952 1.54353876 -0.28665264
v 0.270335 1.6190635 -0.26079262
v 0.33799677 1.64299379 -0.13640651
v 0.39257854 1.58799616 -0.11111283
v 0.33799677 1.64299379 -0.13640651
v 0.3841634 1.62156996 -0.01750968
v 0.42297792 1.55397966 -0.02497276
v 0.3841634 1.62156996 -0.01750968
v 0.36053512 1.63425848 0.09523089
v 0.39456075 1.58420803 0.09957261
v 0.28322028 1.63745756 0.19627076
v 0.24456286 1.63905707 0.24679071
v 0.25600668 1.58788626 0.28656051
v 0.30219136 1.58666016 0.22423121
v 0.00264199 1.58943474 0.39463706
v 0.10416302 1.64983333 0.32290899
v 0.0024206 1.65901008 0.34850735
v 0.0024206 1.65901008 0.34850735
v -0.09364293 1.64961214 0.32348499
v -0.10036535 1.58784334 0.37289995
v -0.2650542 1.64088659 0.19641925
v -0.30272698 1.64122281 0.14539905
v -0.33993339 1.58770601 0.16222331
v -0.29441402 1.58722132 0.22520193
v -0.38545272 1.58819064 0.0992447
v -0.34039975 1.64155897 0.09437885
v -0.37517559 1.62370756 -0.01381523
v -0.41618345 1.55515242 -0.02363546
v -0.41618345 1.55515242 -0.02363546
v -0.37517559 1.62370756 -0.01381523
v -0.35380555 1.63946093 -0.09464541
v -0.38861834 1.58818602 -0.10781473
v -0.35380555 1.63946093 -0.09464541
v -0.29946108 1.61639988 -0.25139829
v -0.3141627 1.54017131 -0.28850979
v -0.29946108 1.61639988 -0.25139829
v -0.16321689 1.61712856 -0.33220105
v -0.16321689 1.61712856 -0.33220105
v -0.12313439 1.62043668 -0.35120364
v -0.13268429 1.5515295 -0.38849902
v -0.17843204 1.54419546 -0.36475322
v -0.08693655 1.55886355 -0.41224481
v -0.0830519 1.6237448 -0.37020619
v 0.00830352 1.64091164 -0.38094949
v 0.01310005 1.59280997 -0.42261012
v 0.00830352 1.64091164 -0.38094949
v 0.09452066 1.6261761 -0.36839796
v 0.10831729 1.56363669 -0.40754518
v 0.16217786 1.63869684 -0.3280051
v 0.1704356 1.58960977 -0.35946293
v 0.1704356 1.58960977 -0.35946293
v 0.16217786 1.63869684 -0.3280051
v 0.270335 1.6190635 -0.26079262
v 0.321952 1.54353876 -0.28665264
v 0.00314431 0.98076535 -0.1261067
v 0.07263297 0.98508605 -0.01084378
v 0.04790398 0.97644494 0.01962414
v 0.00314431 0.98508577 -0.27183755
v -0.14053132 1.01100936 -0.10224753
v -0.19548026 1.7766633 0.12645434
v -0.27576137 1.86957382 0.23537325
v -0.22152438 1.8319139 0.12097545
v -0.19548026 1.7766633 0.12645434
v -0.22152438 1.8319139 0.12097545
v -0.11174836 1.71182443 0.10818227
v -0.27576137 1.86957382 0.23537325
v -0.19548026 1.7766633 0.12645434
v -0.11174836 1.71182443 0.10818227
v -0.16228375 1.82189302 0.11454265
v -0.11174836 1.71182443 0.10818227
v -0.16228375 1.82189302 0.11454265
v -0.27576137 1.86957382 0.23537325
v -0.11174836 1.71182443 0.10818227
v -0.22152438 1.8319139 0.12097545
v -0.27576137 1.86957382 0.23537325
v -0.16228375 1.82189302 0.11454265
v -0.12934927 1.80231651 0.08476724
v -0.08002705 1.90867429 -0.06200111
v -0.15239555 1.88376052 0.01728221
v -0.12934927 1.80231651 0.08476724
v -0.15239555 1.88376052 0.01728221
v -0.14687677 1.69523426 0.12089121
v -0.08002705 1.90867429 -0.06200111
v -0.12934927 1.80231651 0.08476724
v -0.14687677 1.69523426 0.12089121
v -0.15239555 1.88376052 0.01728221
v -0.12045484 1.78214185 0.0500945
v -0.14687677 1.69523426 0.12089121
v -0.12045484 1.78214185 0.0500945
v -0.08002705 1.90867429 -0.06200111
v -0.14687677 1.69523426 0.12089121
v -0.08002705 1.90867429 -0.06200111
v -0.12045484 1.78214185 0.0500945
v 0.25230892 0.93120578 0.23290281
v 0.19360823 0.95001929 0.28234485
v 0.16659051 0.99299844 0.23972851
v 0.22094203 0.9918808 0.1928579
v 0.4521729 1.09234166 0.14497329
v 0.36971029 0.94542538 0.13401875
v 0.40603488 1.11698221 0.10500999
v 0.00314604 0.99411607 0.28659911
v 0.05769251 0.99411607 0.28659911
v 0.07034477 0.93506586 0.33697023
v 0.005782 0.90129891 0.34215359
v -0.06010048 0.93503599 0.33701074
v -0.05140216 0.99411607 0.28659911
v 0.4675493 1.29647241 0.153647
v 0.4654061 1.24181871 0.15618492
v 0.41329581 1.24431887 0.11090326
v 0.41423315 1.29616549 0.10969472
v 0.40603488 1.11698221 0.10500999
v 0.41329581 1.24431887 0.11090326
v 0.45500806 1.46157572 0.12815503
v 0.41423315 1.29616549 0.10969472
v 0.40095179 1.45459438 0.09160782
v 0.45424325 1.32998016 -0.06267215
v 0.45500806 1.46157572 0.12815503
v 0.40095179 1.45459438 0.09160782
v 0.44806064 1.48916024 -0.11872512
v 0.45424325 1.32998016 -0.06267215
v 0.39513312 1.32050677 -0.07128906
v 0.38430327 1.21578873 -0.3112658
v 0.44806064 1.48916024 -0.11872512
v 0.33467246 1.18906013 -0.27370023
v 0.21345609 1.42023084 -0.39807891
v 0.38430327 1.21578873 -0.3112658
v 0.33467246 1.18906013 -0.27370023
v 0.16890838 1.39569644 -0.35254883
v 0.17696115 1.31935315 -0.43904277
v 0.21345609 1.42023084 -0.39807891
v 0.13787297 1.29162811 -0.39197314
v 0.05271738 1.41557433 -0.48958873
v 0.17696115 1.31935315 -0.43904277
v 0.03770873 1.39494626 -0.43139745
v -0.04621908 1.30425684 -0.45287257
v 0.05271738 1.41557433 -0.48958873
v -0.0278911 1.29162811 -0.39197314
v -0.25023977 1.22429775 -0.4077992
v -0.14822942 1.25304387 -0.4303359
v -0.12117875 1.2365126 -0.37226099
v -0.21446638 1.20386394 -0.35254883
v -0.36100069 1.19501279 -0.30944079
v -0.21446638 1.20386394 -0.35254883
v -0.31801451 1.17177793 -0.2633309
v -0.44136061 1.48378731 -0.1203216
v -0.36100069 1.19501279 -0.30944079
v -0.31801451 1.17177793 -0.2633309
v -0.45028955 1.3038144 -0.08180685
v -0.44136061 1.48378731 -0.1203216
v -0.38884451 1.28594235 -0.07128906
v -0.44915321 1.47666218 0.08468349
v -0.45028955 1.3038144 -0.08180685
v -0.38884451 1.28594235 -0.07128906
v -0.39466317 1.45459438 0.05704341
v -0.46126069 1.29647241 0.153647
v -0.44915321 1.47666218 0.08468349
v -0.39466317 1.45459438 0.05704341
v -0.40794453 1.29616549 0.10969472
v -0.45911748 1.24181871 0.15618492
v -0.40794453 1.29616549 0.10969472
v -0.40700719 1.24431887 0.11090326
v -0.44588428 1.09234166 0.14497329
v -0.40700719 1.24431887 0.11090326
v -0.39974626 1.11698221 0.10500999
v -0.36342168 0.94542538 0.13401875
v -0.39974626 1.11698221 0.10500999
v -0.24470404 0.93117587 0.23294189
v -0.30406284 0.96422394 0.18348032
v -0.26900573 0.99076315 0.14598663
v -0.21465499 0.99188077 0.19285655
v -0.12598295 0.91692645 0.33186789
v -0.09948918 1.09648053 0.42683271
v -0.20341189 1.09583609 0.37808931
v -0.20341189 1.09583609 0.37808931
v -0.10426 1.24278925 0.43897839
v -0.21163166 1.24246578 0.40717751
v -0.21163166 1.24246578 0.40717751
v -0.10476266 1.29686777 0.43807118
v -0.21266918 1.29673599 0.40592916
v -0.21266918 1.29673599 0.40592916
v -0.10372875 1.46588163 0.43357197
v -0.21219611 1.46660953 0.40098798
v -0.21219611 1.46660953 0.40098798
v -0.10043433 1.54715931 0.39779863
v -0.20566077 1.54697669 0.37448953
v -0.20566077 1.54697669 0.37448953
v -0.10036535 1.58784334 0.37289995
v -0.20337268 1.58625201 0.35116283
v -0.20337268 1.58625201 0.35116283
v -0.09364293 1.64961214 0.32348499
v -0.18970647 1.64021427 0.29846259
v -0.18970647 1.64021427 0.29846259
v -0.06614537 1.73095469 0.21443534
v -0.13470925 1.73082864 0.18594066
v -0.13470925 1.73082864 0.18594066
v -0.10595035 0.99411607 0.28659911
v -0.06010048 0.93503599 0.33701074
v -0.12598295 0.91692645 0.33186789
v -0.09616222 1.01552423 0.26427498
v -0.04650817 1.01552423 0.26427498
v -0.08637409 1.03693239 0.24195089
v -0.04161418 1.03693239 0.24195089
v -0.04161536 0.97644494 0.01962414
v -0.08637409 1.03693239 0.24195089
v -0.04161536 0.97644494 0.01962414
v 0.21098685 1.09586582 0.37805176
v 0.07034477 0.93506586 0.33697023
v 0.13490754 0.91698618 0.33178687
v 0.13490754 0.91698618 0.33178687
v 0.05769251 0.99411607 0.28659911
v 0.11223898 0.99411607 0.28659911
v 0.11223898 0.99411607 0.28659911
v 0.10245085 1.01552423 0.26427498
v 0.09266272 1.03693239 0.24195089
v 0.09266272 1.03693239 0.24195089
v 0.04790398 0.97644494 0.01962414
v 0.2178847 1.24246565 0.40718084
v 0.10771019 1.0964954 0.42681395
v 0.21098685 1.09586582 0.37805176
v 0.2189544 1.29673599 0.40592949
v 0.11104912 1.29686777 0.43807134
v 0.11049818 1.24278918 0.43898007
v 0.2178847 1.24246565 0.40718084
v 0.21938973 1.4681944 0.40027518
v 0.2189544 1.29673599 0.40592949
v 0.2121624 1.55034784 0.37322569
v 0.10847725 1.54884491 0.39716672
v 0.11206417 1.46667407 0.43321557
v 0.20982198 1.58911229 0.34888982
v 0.10847725 1.54884491 0.39716672
v 0.2121624 1.55034784 0.37322569
v 0.20590543 1.64065664 0.29731066
v 0.10623198 1.58927355 0.37176344
v 0.20982198 1.58911229 0.34888982
v 0.14043785 1.73031112 0.20392556
v 0.20590543 1.64065664 0.29731066
v 0.0024185 1.73108074 0.24293005
v 0.25230892 0.93120578 0.23290281
v 0.31100961 0.96423889 0.18346079
v 0.39187639 1.0932227 0.21188401
v 0.22094203 0.9918808 0.1928579
v 0.27529356 0.99076317 0.14598731
v 0.31100961 0.96423889 0.18346079
v 0.20625985 1.0144066 0.17375141
v 0.25816433 1.01384778 0.12848962
v 0.27529356 0.99076317 0.14598731
v 0.19157764 1.03693239 0.15464491
v 0.24103511 1.03693239 0.11099192
v 0.25816433 1.01384778 0.12848962
v 0.09736197 0.99372715 -0.0413117
v 0.12209095 1.00236825 -0.07177961
v 0.24103511 1.03693239 0.11099192
v 0.12209095 1.00236825 -0.07177961
v 0.09736197 0.99372715 -0.0413117
v 0.33157989 1.09410374 0.27879474
v 0.39187639 1.0932227 0.21188401
v 0.40352575 1.24198046 0.22325445
v 0.40352575 1.24198046 0.22325445
v 0.40540057 1.29653831 0.22103817
v 0.34325186 1.2966042 0.28842936
v 0.40540057 1.29653831 0.22103817
v 0.3961035 1.4632304 0.20050563
v 0.3961035 1.4632304 0.20050563
v 0.36361303 1.54370312 0.17527954
v 0.3131295 1.54591798 0.24126158
v 0.34837605 1.58543406 0.16190192
v 0.30219136 1.58666016 0.22423121
v 0.3218777 1.63585805 0.14575083
v 0.28322028 1.63745756 0.19627076
v 0.3218777 1.63585805 0.14575083
v 0.21754453 1.72875492 0.1013165
v 0.19184231 1.72927363 0.13551952
v 0.16614008 1.72979241 0.16972254
v 0.19184231 1.72927363 0.13551952
v -0.1853435 0.94997447 0.2824049
v -0.26403086 1.09496246 0.34573264
v -0.16030268 0.99299842 0.23972782
v -0.1853435 0.94997447 0.2824049
v -0.24470404 0.93117587 0.23294189
v -0.19997273 1.01440658 0.17375009
v -0.14806747 1.01496541 0.21901255
v -0.16030268 0.99299842 0.23972782
v -0.21465499 0.99188077 0.19285655
v -0.13583227 1.03693239 0.19829727
v -0.14806747 1.01496541 0.21901255
v -0.19997273 1.01440658 0.17375009
v -0.06634471 0.98508617 -0.01084422
v -0.13583227 1.03693239 0.19829727
v -0.18529046 1.03693239 0.15464364
v 0.00314431 0.98076535 -0.1261067
v -0.06634471 0.98508617 -0.01084422
v -0.09107406 0.9937274 -0.04131258
v -0.26403086 1.09496246 0.34573264
v -0.27350402 1.24230403 0.35739004
v -0.33537639 1.24214225 0.29032036
v -0.27350402 1.24230403 0.35739004
v -0.27481796 1.29667009 0.35581931
v -0.27143624 1.46912271 0.33487232
v -0.33067637 1.47163589 0.25147442
v -0.25651866 1.54790316 0.30669561
v -0.30737657 1.54882969 0.23890171
v -0.24889335 1.5867367 0.2881824
v -0.22738034 1.64055043 0.24744091
v -0.2650542 1.64088659 0.19641925
v -0.2650542 1.64088659 0.19641925
v -0.22738034 1.64055043 0.24744091
v -0.15149063 1.73043143 0.16075899
v -0.16827201 1.73003416 0.13557732
v -0.18505289 1.72963695 0.11039637
v -0.16827201 1.73003416 0.13557732
v -0.36342168 0.94542538 0.13401875
v -0.38526704 1.09321525 0.21189243
v -0.44588428 1.09234166 0.14497329
v -0.44588428 1.09234166 0.14497329
v -0.39724692 1.2419805 0.22325264
v -0.45911748 1.24181871 0.15618492
v -0.45911748 1.24181871 0.15618492
v -0.46126069 1.29647241 0.153647
v -0.46126069 1.29647241 0.153647
v -0.38991479 1.474149 0.16807896
v -0.44915321 1.47666218 0.08468349
v -0.44915321 1.47666218 0.08468349
v -0.35823301 1.54975615 0.17110976
v -0.40908941 1.55068261 0.10331783
v -0.40908941 1.55068261 0.10331783
v -0.33993339 1.58770601 0.16222331
v -0.38545272 1.58819064 0.0992447
v -0.38545272 1.58819064 0.0992447
v -0.30272698 1.64122281 0.14539905
v -0.34039975 1.64155897 0.09437885
v -0.18505289 1.72963695 0.11039637
v -0.2018338 1.72923975 0.08521543
v -0.32335646 0.98964553 0.0991167
v -0.30406284 0.96422394 0.18348032
v -0.36342168 0.94542538 0.13401875
v -0.30378022 1.01328896 0.08322782
v -0.26900573 0.99076315 0.14598663
v -0.32335646 0.98964553 0.0991167
v -0.28420395 1.03693239 0.06733893
v -0.25187647 1.01384778 0.12848896
v -0.30378022 1.01328896 0.08322782
v -0.2347472 1.03693239 0.11099129
v -0.28420395 1.03693239 0.06733893
v -0.11580269 1.00236838 -0.07178006
v 0.4521729 1.09234166 0.14497329
v 0.31100961 0.96423889 0.18346079
v 0.36971029 0.94542538 0.13401875
v 0.36971029 0.94542538 0.13401875
v 0.27529356 0.99076317 0.14598731
v 0.32964508 0.98964553 0.0991167
v 0.32964508 0.98964553 0.0991167
v 0.25816433 1.01384778 0.12848962
v 0.31006884 1.01328896 0.08322782
v 0.31006884 1.01328896 0.08322782
v 0.24103511 1.03693239 0.11099192
v 0.29049259 1.03693239 0.06733893
v 0.12209095 1.00236825 -0.07177961
v 0.14681994 1.01100936 -0.10224753
v 0.4654061 1.24181871 0.15618492
v 0.39187639 1.0932227 0.21188401
v 0.4521729 1.09234166 0.14497329
v 0.4675493 1.29647241 0.153647
v 0.4654061 1.24181871 0.15618492
v 0.45500806 1.46157572 0.12815503
v 0.40540057 1.29653831 0.22103817
v 0.4675493 1.29647241 0.153647
v 0.41409659 1.54148819 0.10929748
v 0.3961035 1.4632304 0.20050563
v 0.45500806 1.46157572 0.12815503
v 0.34837605 1.58543406 0.16190192
v 0.41409659 1.54148819 0.10929748
v 0.3218777 1.63585805 0.14575083
v 0.34837605 1.58543406 0.16190192
v 0.24324676 1.72823622 0.06711349
v 0.13490754 0.91698618 0.33178687
v 0.27128335 1.09498478 0.34570548
v 0.21098685 1.09586582 0.37805176
v 0.21098685 1.09586582 0.37805176
v 0.27976505 1.24230393 0.35739353
v 0.2178847 1.24246565 0.40718084
v 0.28110312 1.29667009 0.35582053
v 0.2189544 1.29673599 0.40592949
v 0.2782943 1.46653971 0.34520681
v 0.21938973 1.4681944 0.40027518
v 0.2782943 1.46653971 0.34520681
v 0.26264594 1.54813291 0.30724363
v 0.2121624 1.55034784 0.37322569
v 0.25600668 1.58788626 0.28656051
v 0.20982198 1.58911229 0.34888982
v 0.20982198 1.58911229 0.34888982
v 0.24456286 1.63905707 0.24679071
v 0.20590543 1.64065664 0.29731066
v 0.20590543 1.64065664 0.29731066
v 0.16614008 1.72979241 0.16972254
v 0.14043785 1.73031112 0.20392556
v 0.11223898 0.99411607 0.28659911
v 0.19360823 0.95001929 0.28234485
v 0.10245085 1.01552423 0.26427498
v 0.16659051 0.99299844 0.23972851
v 0.09266272 1.03693239 0.24195089
v 0.15435534 1.01496542 0.21901321
v 0.14212018 1.03693239 0.1982979
v -0.20341189 1.09583609 0.37808931
v -0.1853435 0.94997447 0.2824049
v -0.12598295 0.91692645 0.33186789
v -0.12598295 0.91692645 0.33186789
v -0.10595035 0.99411607 0.28659911
v -0.14806747 1.01496541 0.21901255
v -0.09616222 1.01552423 0.26427498
v -0.13583227 1.03693239 0.19829727
v -0.08637409 1.03693239 0.24195089
v -0.04161536 0.97644494 0.01962414
v -0.21163166 1.24246578 0.40717751
v -0.27350402 1.24230403 0.35739004
v -0.26403086 1.09496246 0.34573264
v -0.20341189 1.09583609 0.37808931
v -0.21266918 1.29673599 0.40592916
v -0.27481796 1.29667009 0.35581931
v -0.21163166 1.24246578 0.40717751
v -0.21219611 1.46660953 0.40098798
v -0.21266918 1.29673599 0.40592916
v -0.20566077 1.54697669 0.37448953
v -0.25651866 1.54790316 0.30669561
v -0.27143624 1.46912271 0.33487232
v -0.20337268 1.58625201 0.35116283
v -0.24889335 1.5867367 0.2881824
v -0.25651866 1.54790316 0.30669561
v -0.18970647 1.64021427 0.29846259
v -0.24889335 1.5867367 0.2881824
v -0.20337268 1.58625201 0.35116283
v -0.13470925 1.73082864 0.18594066
v -0.22738034 1.64055043 0.24744091
v -0.03392904 0.20393002 -0.10667694
v -0.11300199 0.20393002 -0.12199636
v -0.11291042 0.18664782 -0.11521471
v -0.03744709 0.18664782 -0.10138895
v -0.21085693 0.00172819 -0.15540127
v -0.11293962 0.00172819 -0.1755935
v -0.03001556 0.00172819 -0.15909758
v 0.00123093 0.00172819 -0.01728221
v 0.00991159 0.00172819 -0.07613149
v 0.03001555 0.00172819 -0.15909758
v 0.03392904 0.20393002 -0.10667694
v 0.01385153 0.20393002 -0.07729043
v 0.02016488 0.18664782 -0.07488956
v 0.03744709 0.18664782 -0.10138895
v 0.00468737 0.20393002 -0.01728221
v 0.01152378 0.18664782 -0.01728221
v 0.02016488 0.18664782 -0.07488956
v 0.11300199 0.20393002 -0.12199636
v 0.03392904 0.20393002 -0.10667694
v 0.03744709 0.18664782 -0.10138895
v 0.11291042 0.18664782 -0.11521471
v 0.19871086 0.20393002 -0.10239381
v 0.11300199 0.20393002 -0.12199636
v 0.11291042 0.18664782 -0.11521471
v 0.19471286 0.18664782 -0.0979325
v 0.11293962 0.00172819 -0.1755935
v 0.21085693 0.00172819 -0.15540127
v -0.01385153 0.20393002 -0.07729043
v -0.03392904 0.20393002 -0.10667694
v -0.03744709 0.18664782 -0.10138895
v -0.02016488 0.18664782 -0.07488956
v -0.00991159 0.00172819 -0.07613149
v -0.19871086 0.20393002 -0.10239381
v -0.19471286 0.18664782 -0.0979325
v -0.11291042 0.18664782 -0.11521471
v -0.19871086 0.20393002 -0.10239381
v -0.21526483 0.20393002 -0.05726695
v -0.20853862 0.18664782 -0.05587913
v -0.19471286 0.18664782 -0.0979325
v -0.22749971 0.00172819 -0.05668202
v -0.22380151 0.00172819 0.02489604
v -0.23094203 0.00172819 -0.01700649
v -0.20378609 0.00172819 0.0714838
v -0.21884448 0.20393002 -0.01700649
v -0.21199506 0.18664782 -0.01728221
v -0.20853862 0.18664782 -0.05587913
v -0.21166591 0.20393002 0.02498851
v -0.20508219 0.18664782 0.02304294
v -0.21199506 0.18664782 -0.01728221
v -0.19175416 0.20393002 0.06809757
v -0.18779998 0.18664782 0.06336809
v -0.20508219 0.18664782 0.02304294
v -0.19175416 0.20393002 0.06809757
v -0.11291603 0.20393002 0.08738744
v -0.11291042 0.18664782 0.08065029
v -0.18779998 0.18664782 0.06336809
v -0.11284457 0.00172819 0.09087335
v 0.01398153 0.20393002 0.04291174
v 0.03391033 0.20393002 0.06881117
v 0.03744709 0.18664782 0.06336809
v 0.02016488 0.18664782 0.04032515
v 0.11291603 0.20393002 0.08738744
v 0.19175416 0.20393002 0.06809757
v 0.18779998 0.18664782 0.06336809
v 0.11291042 0.18664782 0.08065029
v 0.03391033 0.20393002 0.06881117
v 0.11291042 0.18664782 0.08065029
v 0.03744709 0.18664782 0.06336809
v 0.20378609 0.00172819 0.0714838
v 0.11284457 0.00172819 0.09087335
v 0.03035611 0.00172819 0.07208911
v 0.01039509 0.00172819 0.04272602
v -0.03035611 0.00172819 0.07208911
v -0.11291603 0.20393002 0.08738744
v -0.03391033 0.20393002 0.06881117
v -0.03744709 0.18664782 0.06336809
v -0.11291042 0.18664782 0.08065029
v 0.02016488 0.18664782 0.04032515
v 0.01152378 0.18664782 -0.01728221
v -0.03391033 0.20393002 0.06881117
v -0.01398153 0.20393002 0.04291174
v -0.02016488 0.18664782 0.04032515
v -0.03744709 0.18664782 0.06336809
v -0.01039509 0.00172819 0.04272602
v -0.00468737 0.20393002 -0.01728221
v -0.01152378 0.18664782 -0.01728221
v -0.02016488 0.18664782 0.04032515
v -0.02016488 0.18664782 -0.07488956
v -0.01152378 0.18664782 -0.01728221
v -0.00123093 0.00172819 -0.01728221
v 0.21526483 0.20393002 -0.05726695
v 0.19871086 0.20393002 -0.10239381
v 0.19471286 0.18664782 -0.0979325
v 0.20853862 0.18664782 -0.05587913
v 0.21884448 0.20393002 -0.01700649
v 0.20853862 0.18664782 -0.05587913
v 0.21199506 0.18664782 -0.01728221
v 0.21166591 0.20393002 0.02498851
v 0.21199506 0.18664782 -0.01728221
v 0.20508219 0.18664782 0.02304294
v 0.19175416 0.20393002 0.06809757
v 0.20508219 0.18664782 0.02304294
v 0.18779998 0.18664782 0.06336809
v 0.23094203 0.00172819 -0.01700649
v 0.22380151 0.00172819 0.02489604
v 0.22749971 0.00172819 -0.05668202
v -0.67713776 0.83156242 -0.07777574
v -0.6809222 0.77443026 -0.06035723
v -0.68081052 0.77869419 -0.05609408
v -0.51344488 0.7697357 -0.06009712
v -0.50964195 0.82715707 -0.07751883
v -0.50964584 0.82734054 -0.07081918
v -0.51333317 0.77399963 -0.05583396
v -0.67336334 0.89239123 -0.06251636
v -0.67347245 0.88826075 -0.05840651
v -0.50584904 0.88827509 -0.06226266
v -0.50595815 0.88414462 -0.05815281
v -0.50964584 0.82734054 -0.07081918
v -0.67189997 0.88990342 0.06491469
v -0.67323004 0.90438718 -0.01583501
v -0.67204356 0.88569492 0.06102252
v -0.50574629 0.89990156 -0.01638971
v -0.50444672 0.88504832 0.06355159
v -0.50459034 0.88083982 0.05965942
v -0.50592354 0.8931111 -0.01618138
v -0.67336334 0.89239123 -0.06251636
v -0.50574629 0.89990156 -0.01638971
v -0.50592354 0.8931111 -0.01618138
v -0.50595815 0.88414462 -0.05815281
v -0.62705289 0.88899728 -0.03249994
v -0.62705289 0.88899728 0.03249994
v -0.63006361 0.88385768 0.03037105
v -0.63006361 0.88385768 -0.03037105
v -0.59455296 0.80965367 -0.04596185
v -0.62705289 0.88899728 -0.03249994
v -0.63006361 0.88385768 -0.03037105
v -0.59969258 0.81053549 -0.04295115
v -0.67551702 0.83174261 0.08032449
v -0.67204356 0.88569492 0.06102252
v -0.67556192 0.83214087 0.07371656
v -0.50803987 0.82725535 0.07896219
v -0.50808474 0.82765361 0.07235425
v -0.50459034 0.88083982 0.05965942
v -0.67916282 0.77747584 0.05925942
v -0.67556192 0.83214087 0.07371656
v -0.67907988 0.78204939 0.05530256
v -0.51166167 0.77335642 0.05789791
v -0.51157877 0.77792997 0.05394106
v -0.50808474 0.82765361 0.07235425
v -0.68135421 0.76051151 -0.01552711
v -0.67916282 0.77747584 0.05925942
v -0.67907988 0.78204939 0.05530256
v -0.68118623 0.76721875 -0.01530316
v -0.51386496 0.75610452 -0.0160778
v -0.51369702 0.76281176 -0.01585386
v -0.51157877 0.77792997 0.05394106
v -0.62705289 0.88899728 0.03249994
v -0.59455296 0.80965367 0.04596185
v -0.59969258 0.81053549 0.04295115
v -0.63006361 0.88385768 0.03037105
v -0.59455296 0.80965367 0.04596185
v -0.59455296 0.80965367 -0.04596185
v -0.59969258 0.81053549 -0.04295115
v -0.59969258 0.81053549 0.04295115
v -0.6809222 0.77443026 -0.06035723
v -0.68118623 0.76721875 -0.01530316
v -0.51369702 0.76281176 -0.01585386
v 0.67713776 0.83156242 -0.07777574
v 0.67336334 0.89239123 -0.06251636
v 0.67347245 0.88826075 -0.05840651
v 0.67714165 0.83174589 -0.07107609
v 0.50584904 0.88827509 -0.06226266
v 0.50964195 0.82715707 -0.07751883
v 0.50964584 0.82734054 -0.07081918
v 0.50595815 0.88414462 -0.05815281
v 0.6809222 0.77443026 -0.06035723
v 0.67714165 0.83174589 -0.07107609
v 0.51344488 0.7697357 -0.06009712
v 0.51333317 0.77399963 -0.05583396
v 0.50964584 0.82734054 -0.07081918
v 0.62705289 0.88899728 -0.03249994
v 0.59455296 0.80965367 -0.04596185
v 0.59969258 0.81053549 -0.04295115
v 0.63006361 0.88385768 -0.03037105
v 0.67323004 0.90438718 -0.01583501
v 0.67189997 0.88990342 0.06491469
v 0.67340731 0.89759672 -0.01562668
v 0.50444672 0.88504832 0.06355159
v 0.50574629 0.89990156 -0.01638971
v 0.50592354 0.8931111 -0.01618138
v 0.50459034 0.88083982 0.05965942
v 0.67323004 0.90438718 -0.01583501
v 0.67340731 0.89759672 -0.01562668
v 0.67347245 0.88826075 -0.05840651
v 0.62705289 0.88899728 0.03249994
v 0.62705289 0.88899728 -0.03249994
v 0.63006361 0.88385768 -0.03037105
v 0.63006361 0.88385768 0.03037105
v 0.67189997 0.88990342 0.06491469
v 0.67551702 0.83174261 0.08032449
v 0.67556192 0.83214087 0.07371656
v 0.67204356 0.88569492 0.06102252
v 0.50803987 0.82725535 0.07896219
v 0.50459034 0.88083982 0.05965942
v 0.50808474 0.82765361 0.07235425
v 0.67916282 0.77747584 0.05925942
v 0.67907988 0.78204939 0.05530256
v 0.67556192 0.83214087 0.07371656
v 0.51166167 0.77335642 0.05789791
v 0.50808474 0.82765361 0.07235425
v 0.51157877 0.77792997 0.05394106
v 0.59455296 0.80965367 0.04596185
v 0.62705289 0.88899728 0.03249994
v 0.63006361 0.88385768 0.03037105
v 0.59969258 0.81053549 0.04295115
v 0.59455296 0.80965367 -0.04596185
v 0.59455296 0.80965367 0.04596185
v 0.59969258 0.81053549 0.04295115
v 0.59969258 0.81053549 -0.04295115
v 0.68135421 0.76051151 -0.01552711
v 0.68118623 0.76721875 -0.01530316
v 0.51386496 0.75610452 -0.0160778
v 0.51157877 0.77792997 0.05394106
v 0.51369702 0.76281176 -0.01585386
v 0.6809222 0.77443026 -0.06035723
v 0.68118623 0.76721875 -0.01530316
v 0.51386496 0.75610452 -0.0160778
v 0.51369702 0.76281176 -0.01585386
v -0.08487942 1.49313758 -0.44961423
v -0.08487942 1.49313758 -0.44961423
v -0.08693655 1.55886355 -0.41224481
v -0.0830519 1.6237448 -0.37020619
v -0.07305636 1.72981179 -0.2435025
v -0.0278911 1.29162811 -0.39197314
v -0.05674855 1.35006397 -0.36501172
v -0.0278911 1.29162811 -0.39197314
v -0.05674855 1.35006397 -0.36501172
vn 0.11172 0.98337 0.14317
vn 0.12361 0.81115 0.57162
vn 0.12331 0.15955 0.97946
vn -0.10568 0.83228 0.54419
vn 0.12514 0.9895 0.07225
vn 0.47551 0.83578 0.27453
vn 0.64055 0.24056 0.72927
vn -0.16234 0.75071 0.64037
vn 0.12981 0.99154 0
vn 0.54907 0.83578 0
vn 0.78269 0.62241 0
vn -0.03021 0.99945 -0.01397
vn 0.12514 0.9895 -0.07225
vn 0.42834 0.81293 -0.39455
vn 0.35807 0.28585 -0.88886
vn -0.03651 0.5917 -0.80533
vn 0.01181 0.98532 -0.17028
vn 0.03914 0.82453 -0.56446
vn 0.10677 0.23093 -0.96709
vn -0.04781 0.92119 0.38616
vn 0 0.98486 -0.17336
vn -0.02985 0.83172 -0.5544
vn 0 0.25565 -0.96677
vn -0 0.92736 0.37417
vn -0.08668 0.98486 -0.15014
vn -0.26546 0.82757 -0.49463
vn -0.57739 0.56125 -0.59298
vn -0.27915 0.76025 0.5866
vn -0.15014 0.98486 -0.08668
vn -0.47551 0.83578 -0.27453
vn -0.79587 0.30225 -0.52462
vn 0.08596 0.98301 -0.16218
vn -0.17336 0.98486 0
vn -0.54907 0.83578 -0
vn -0.92594 0.37766 0
vn 0.07252 0.99737 0
vn -0.15014 0.98486 0.08668
vn -0.47551 0.83578 0.27453
vn -0.80189 0.37766 0.46297
vn 0.06281 0.99737 -0.03626
vn -0.08668 0.98486 0.15014
vn -0.27453 0.83578 0.47551
vn -0.46297 0.37766 0.80189
vn 0.0398 0.99683 -0.06893
vn -0 0.98486 0.17336
vn 0 0.83578 0.54907
vn 0 0.37766 0.92594
vn 0 0.99541 -0.09574
vn 0.05784 0.54847 -0.83417
vn 0.03411 0.86994 -0.49197
vn 0.17677 0.3348 -0.92556
vn 0.35025 0.64516 0.67905
vn 0.22523 0.83786 -0.49726
vn 0.3484 0.89045 0.29279
vn 0.37081 0.31825 -0.87248
vn 0.18524 0.86587 0.46471
vn 0.09024 0.56893 -0.81742
vn 0.05321 -0.06313 -0.99659
vn -0.00279 0.69612 -0.71792
vn 0.1435 0.56739 0.81085
vn 0.12362 0.83461 0.53679
vn 0.49059 0.84984 -0.19259
vn 0.31403 0.17451 0.93324
vn 0.13964 0.81498 0.56241
vn 0.31871 0.9472 -0.03515
vn 0.00838 0.55756 0.8301
vn 0.1382 0.83568 0.53155
vn 0.05262 0.995 -0.08494
vn 0.28784 -0.02853 -0.95725
vn 0.77296 0.63182 0.0578
vn -0.03885 0.99509 0.09103
vn 0.27257 0.92272 0.27257
vn 0.65409 0.3799 0.65409
vn 0.65409 -0.3799 0.65409
vn 0.27257 -0.92272 0.27257
vn 0.38548 0.92272 0
vn 0.92503 0.3799 0
vn 0.92503 -0.3799 0
vn 0.38548 -0.92272 0
vn 0.27257 0.92272 -0.27257
vn 0.65409 0.3799 -0.65409
vn 0.65409 -0.3799 -0.65409
vn 0.27257 -0.92272 -0.27257
vn 0 0.92272 -0.38548
vn 0 0.3799 -0.92503
vn 0 -0.3799 -0.92503
vn 0 -0.92272 -0.38548
vn -0 0.92272 0.38548
vn 0 0.3799 0.92503
vn 0 -0.3799 0.92503
vn 0 -0.92272 0.38548
vn -0.26509 0.92384 0.27614
vn -0.65448 0.37983 0.65375
vn -0.65409 -0.3799 0.65409
vn -0.27257 -0.92272 0.27257
vn -0.38268 0.92388 0
vn -0.92388 0.38268 0
vn -0.92481 -0.38042 0
vn -0.38548 -0.92272 -0
vn -0.26509 0.92384 -0.27614
vn -0.65468 0.37912 -0.65396
vn -0.65207 -0.3868 -0.65207
vn -0.27257 -0.92272 -0.27257
vn -1 0 0
vn 0 -0.45131 -0.89237
vn 0.21355 -0.3132 -0.92537
vn -0.54154 -0.52656 0.65534
vn 0 -0.77254 0.63497
vn 0 -0.35018 0.93668
vn 0.0308 0.66733 0.74412
vn 0.16154 0.68181 0.71347
vn 0 -0.64949 -0.76037
vn 0 -1 0
vn 0 -0.72139 -0.69253
vn -0.559 -0.82304 -0.10062
vn -0.71284 -0.69312 -0.10693
vn -0.8667 -0.4816 0.13
vn -0.71696 -0.69712 0
vn 0.12076 0.84356 -0.52328
vn 0 1 0
vn 0.07097 0.88234 -0.46523
vn 0.43671 -0.07615 -0.89637
vn 0.96291 -0.26974 0.00633
vn 0.99852 0 -0.05446
vn 0.91945 -0.19695 -0.34032
vn 0.97306 0.20843 -0.09855
vn 0.99822 0.05955 -0.00349
vn 0.05273 -0.99672 -0.06147
vn 0.99922 0 -0.03944
vn 0.99775 -0.04946 0.04524
vn 0.99753 0.05808 -0.03938
vn 0.99734 0.07017 0.01961
vn -0.05244 -0.99173 0.11718
vn 0.9982 0 0.05989
vn 0.99124 -0.10616 0.07858
vn 0.99255 0.1063 0.05955
vn 0.3354 0 0.94208
vn 0.61698 -0.75802 0.21154
vn 0.94595 0 0.32432
vn 0.87776 -0.112 0.46582
vn 0.94236 0.08696 0.3231
vn 0 0.47431 0.88036
vn 0 0.10649 0.99431
vn 0 0 1
vn 0 -0.10649 0.99431
vn 0 0.18422 0.98289
vn 0 0.0291 0.99958
vn 0 0.4552 0.89039
vn -0.0457 -0.13255 0.99012
vn 0 0.20945 0.97782
vn 0 0.33046 -0.94382
vn 0 0.10649 -0.99431
vn 0 0.351 -0.93638
vn 0 0.13269 -0.99116
vn 0 -0.13269 -0.99116
vn 0.17426 0.32541 -0.92938
vn 0.14314 0.15075 -0.97815
vn 0.31379 0.33327 -0.88908
vn 0.32452 0.12551 -0.93751
vn 0.11362 -0.13183 -0.98474
vn 0.22297 -0.12935 -0.96621
vn 0.41613 0 -0.90931
vn 0.53572 0.21584 -0.81634
vn 0.64834 0.0868 -0.75639
vn 0.64746 0.10112 -0.75536
vn 0.64746 -0.10112 -0.75536
vn 0.65079 0 -0.75926
vn 0.76428 0.05331 -0.64268
vn 0.89622 0.09291 -0.43377
vn 0.89607 0 -0.44392
vn 0.91742 0.0528 -0.39441
vn 0.9625 -0.036 -0.26887
vn 0.61394 0 0.78935
vn 0.8049 -0.34482 0.48294
vn 0.85749 0 0.5145
vn 0.82623 0 0.56334
vn 0.84536 -0.23856 0.47797
vn 0.84825 0.14641 0.50895
vn 0.26547 0.10267 0.95864
vn 0.30743 0 0.95157
vn 0.22486 0 0.97439
vn 0.22365 -0.10379 0.96913
vn 0.30557 0.07743 0.94902
vn 0.30957 0.03764 0.95013
vn 0.1462 0.67359 0.7245
vn 0.16353 -0.52071 0.83793
vn 0.26818 -0.33736 0.90237
vn 0.99848 0.00279 -0.05507
vn 0.89699 0.03118 -0.44095
vn 0.9869 -0.16011 -0.01999
vn 0.9857 -0.16428 -0.03743
vn 0.95007 -0.30679 0.057
vn 0.94545 0.03236 0.32415
vn 0.3068 0.77683 -0.54992
vn 0.31021 0.94133 -0.13295
vn 0.31299 0.94976 0
vn 0.36943 0.92191 0.11666
vn 0.31954 0.2797 -0.90535
vn 0.76704 0.21202 -0.60556
vn 0.30022 0.10512 -0.94806
vn 0.29541 0.93416 -0.20018
vn 0.08308 0.98293 0.16417
vn -0.20996 0.77268 0.59906
vn 0.60023 0.21016 0.77172
vn 0.19909 0.46482 0.86273
vn 0.34637 0 0.9381
vn 0.94089 0 0.33872
vn 0.94089 0 -0.33872
vn 0.34637 0 -0.9381
vn 0.41602 0.12066 -0.90132
vn 0 0.84978 -0.52713
vn -0.01718 0.66755 0.74437
vn 0.021 0.4551 0.89019
vn 0 -0.13269 0.99116
vn -0.04508 0.20923 0.97683
vn 0.92576 -0.36892 -0.0829
vn -0.83761 0 -0.54627
vn -0.08596 -0.87891 -0.46918
vn 0.63914 -0.73983 -0.21013
vn 0.14775 -0.69935 -0.69935
vn -0.98894 0 -0.14834
vn -0.98894 0 0.14834
vn 0.96701 -0.1934 0.16577
vn 0.87989 -0.28911 0.3771
vn 0.09479 -0.90681 0.41075
vn -0.15986 -0.69801 0.69801
vn -0.35777 -0.89443 0.26833
vn -0.18021 0 -0.98363
vn 0.99601 0 -0.0892
vn 0.94998 0 -0.31232
vn 0.2067 0 -0.9784
vn -0.22324 0 0.97476
vn -0.8 0 0.6
vn 0.91915 0 0.39392
vn 0.98562 0 0.16896
vn 0.85338 0.09778 0.51203
vn 0.90962 -0.00423 0.41543
vn 0.23985 -0.00214 0.97081
vn -0.22964 -0.00065 0.97328
vn -0.79241 -0.00075 0.60998
vn -0.98835 -0.00029 0.1522
vn 0.98584 -0.00445 0.16762
vn -0.98891 -0.00047 -0.14848
vn -0.81219 -0.00146 -0.58338
vn -0.1832 -0.01272 -0.98299
vn 0.93619 -0.00933 -0.35136
vn 0.21595 -0.01697 -0.97626
vn 0.99548 -0.00629 -0.09477
vn 0.77263 0.5408 0.33254
vn 0.19669 0.32073 0.92652
vn -0.21766 0.19263 0.95683
vn -0.79702 0.26719 0.54164
vn -0.96923 0.1967 0.14802
vn 0.81135 0.56795 0.13836
vn -0.97048 0.1941 -0.14317
vn 0.81614 0.57332 -0.07223
vn 0.91873 0.01188 0.39471
vn 0.20852 0.00505 0.97801
vn -0.22203 0.00237 0.97504
vn -0.827 0.00181 0.5622
vn -0.98854 0.00189 0.15096
vn 0.98571 0.01246 0.16797
vn -0.98929 0.00136 -0.14593
vn 0.99609 0.0183 -0.08642
vn -0.95252 0.19601 -0.23301
vn -0.07157 0.94975 -0.30473
vn 0.63691 0.76404 -0.1029
vn 0.06363 0.94979 -0.30636
vn -0.97187 0.00137 -0.2355
vn -0.19504 0.02483 -0.98048
vn 0.98589 0.02002 -0.16621
vn 0.20175 0.04602 -0.97835
vn 0.33844 0.15044 -0.92888
vn 0.15479 0.98795 0
vn 0.24734 0.11886 -0.96161
vn 0.13734 0.87658 0.46124
vn 0.05382 -0.77264 0.63256
vn 0.26333 0.29046 0.91994
vn 0.28565 0 0.95834
vn 0.7865 -0.58748 -0.19045
vn 0.09505 -0.9951 0.02736
vn 0.95217 0.07643 0.29587
vn 0.87628 -0.47199 0.09672
vn 0.99768 0.06798 -0.00359
vn 0.99803 0.0596 0.01959
vn 0.24141 -0.38398 0.89122
vn 0.26688 0 0.96373
vn 0.14399 0.10538 -0.98395
vn 0.40544 0.22515 -0.88596
vn 0.75503 0 -0.65569
vn 0.43777 0.03053 -0.89857
vn 0.25016 -0.04362 -0.96722
vn 0.02045 0.23494 0.97179
vn 0.12981 0.97738 0.16697
vn -0.01562 0.21555 -0.97637
vn 0.12882 0.97073 -0.20272
vn 0.01166 -0.2684 -0.96324
vn 0.05105 -0.96198 -0.26829
vn 0.01116 -0.34883 0.93712
vn 0.04737 -0.97455 0.2191
vn 0.05739 -0.97895 -0.19589
vn 0.00433 0.2179 -0.97596
vn 0.04085 0.97712 -0.20871
vn -0.0325 -0.34909 0.93653
vn -0.04602 -0.97659 0.21014
vn -0.01321 -0.27129 -0.96241
vn -0.0346 -0.96251 -0.26903
vn -0.01311 0.23133 0.97279
vn 0.03517 0.98645 0.16023
vn -0.21355 -0.3132 -0.92537
vn 0.54154 -0.52656 0.65534
vn -0.0308 0.66733 0.74412
vn -0.16154 0.68181 0.71347
vn 0.559 -0.82304 -0.10062
vn 0.71284 -0.69312 -0.10693
vn 0.8667 -0.4816 0.13
vn 0.71696 -0.69712 0
vn -0.12076 0.84356 -0.52328
vn -0.07097 0.88234 -0.46523
vn -0.43671 -0.07615 -0.89637
vn -0.96291 -0.26974 0.00633
vn -0.99852 0 -0.05446
vn -0.91945 -0.19695 -0.34032
vn -0.97306 0.20843 -0.09855
vn -0.05273 -0.99672 -0.06147
vn -0.99922 0 -0.03944
vn -0.99775 -0.04946 0.04524
vn -0.99753 0.05808 -0.03938
vn 0.05244 -0.99173 0.11718
vn -0.9982 0 0.05989
vn -0.99124 -0.10616 0.07858
vn -0.99255 0.1063 0.05955
vn -0.3354 0 0.94208
vn -0.61698 -0.75802 0.21154
vn -0.94595 0 0.32432
vn -0.87776 -0.112 0.46582
vn -0.94236 0.08696 0.3231
vn 0.0457 -0.13255 0.99012
vn -0.17426 0.32541 -0.92938
vn -0.14314 0.15075 -0.97815
vn -0.31379 0.33327 -0.88908
vn -0.32452 0.12551 -0.93751
vn -0.11362 -0.13183 -0.98474
vn -0.22297 -0.12935 -0.96621
vn -0.41613 0 -0.90931
vn -0.53572 0.21584 -0.81634
vn -0.64834 0.0868 -0.75639
vn -0.64746 0.10112 -0.75536
vn -0.64746 -0.10112 -0.75536
vn -0.65079 0 -0.75926
vn -0.76428 0.05331 -0.64268
vn -0.89622 0.09291 -0.43377
vn -0.89607 0 -0.44392
vn -0.91742 0.0528 -0.39441
vn -0.9625 -0.036 -0.26887
vn -0.61394 0 0.78935
vn -0.8049 -0.34482 0.48294
vn -0.85749 0 0.5145
vn -0.82623 0 0.56334
vn -0.84536 -0.23856 0.47797
vn -0.84825 0.14641 0.50895
vn -0.26547 0.10267 0.95864
vn -0.30743 0 0.95157
vn -0.22486 0 0.97439
vn -0.22365 -0.10379 0.96913
vn -0.30557 0.07743 0.94902
vn -0.30957 0.03764 0.95013
vn -0.1462 0.67359 0.7245
vn -0.16353 -0.52071 0.83793
vn -0.26818 -0.33736 0.90237
vn -0.99848 0.00279 -0.05507
vn -0.89699 0.03118 -0.44095
vn -0.9869 -0.16011 -0.01999
vn -0.9857 -0.16428 -0.03743
vn -0.95007 -0.30679 0.057
vn -0.94545 0.03236 0.32415
vn -0.3068 0.77683 -0.54992
vn -0.31021 0.94133 -0.13295
vn -0.31299 0.94976 0
vn -0.36943 0.92191 0.11666
vn -0.31954 0.2797 -0.90535
vn -0.76704 0.21202 -0.60556
vn -0.30022 0.10512 -0.94806
vn -0.29541 0.93416 -0.20018
vn -0.08308 0.98293 0.16417
vn 0.20996 0.77268 0.59906
vn -0.60023 0.21016 0.77172
vn -0.19909 0.46482 0.86273
vn -0.34637 0 0.9381
vn -0.94089 0 0.33872
vn -0.94089 0 -0.33872
vn -0.34637 0 -0.9381
vn -0.41602 0.12066 -0.90132
vn 0.01718 0.66755 0.74437
vn -0.021 0.4551 0.89019
vn 0.04508 0.20923 0.97683
vn -0.92576 -0.36892 -0.0829
vn 0.83761 0 -0.54627
vn 0.08596 -0.87891 -0.46918
vn -0.63914 -0.73983 -0.21013
vn -0.14775 -0.69935 -0.69935
vn 0.98894 0 -0.14834
vn 0.98894 0 0.14834
vn -0.96701 -0.1934 0.16577
vn -0.87989 -0.28911 0.3771
vn -0.09479 -0.90681 0.41075
vn 0.15986 -0.69801 0.69801
vn 0.35777 -0.89443 0.26833
vn 0.18021 0 -0.98363
vn -0.99601 0 -0.0892
vn -0.94998 0 -0.31232
vn -0.2067 0 -0.9784
vn 0.22324 0 0.97476
vn 0.8 0 0.6
vn -0.91915 0 0.39392
vn -0.98562 0 0.16896
vn -0.85338 0.09778 0.51203
vn -0.90962 -0.00423 0.41543
vn -0.23985 -0.00214 0.97081
vn 0.22964 -0.00065 0.97328
vn 0.79241 -0.00075 0.60998
vn 0.98835 -0.00029 0.1522
vn -0.98584 -0.00445 0.16762
vn 0.98891 -0.00047 -0.14848
vn 0.81219 -0.00146 -0.58338
vn 0.1832 -0.01272 -0.98299
vn -0.93619 -0.00933 -0.35136
vn -0.21595 -0.01697 -0.97626
vn -0.99548 -0.00629 -0.09477
vn -0.77263 0.5408 0.33254
vn -0.19669 0.32073 0.92652
vn 0.21766 0.19263 0.95683
vn 0.79702 0.26719 0.54164
vn 0.96923 0.1967 0.14802
vn -0.81135 0.56795 0.13836
vn 0.97048 0.1941 -0.14317
vn -0.81614 0.57332 -0.07223
vn -0.91873 0.01188 0.39471
vn -0.20852 0.00505 0.97801
vn 0.22203 0.00237 0.97504
vn 0.827 0.00181 0.5622
vn 0.98854 0.00189 0.15096
vn -0.98571 0.01246 0.16797
vn 0.98929 0.00136 -0.14593
vn -0.99609 0.0183 -0.08642
vn 0.95252 0.19601 -0.23301
vn 0.07157 0.94975 -0.30473
vn -0.63691 0.76404 -0.1029
vn -0.06363 0.94979 -0.30636
vn 0.97187 0.00137 -0.2355
vn 0.19504 0.02483 -0.98048
vn -0.98589 0.02002 -0.16621
vn -0.20175 0.04602 -0.97835
vn -0.33844 0.15044 -0.92888
vn -0.15479 0.98795 0
vn -0.24734 0.11886 -0.96161
vn -0.13734 0.87658 0.46124
vn -0.05382 -0.77264 0.63256
vn -0.26333 0.29046 0.91994
vn -0.28565 0 0.95834
vn -0.7865 -0.58748 -0.19045
vn -0.09505 -0.9951 0.02736
vn -0.95217 0.07643 0.29587
vn -0.87628 -0.47199 0.09672
vn -0.24141 -0.38398 0.89122
vn -0.26688 0 0.96373
vn -0.14399 0.10538 -0.98395
vn -0.40544 0.22515 -0.88596
vn -0.75503 0 -0.65569
vn -0.43777 0.03053 -0.89857
vn -0.25016 -0.04362 -0.96722
vn -0.02045 0.23494 0.97179
vn -0.12981 0.97738 0.16697
vn 0.01562 0.21555 -0.97637
vn -0.12882 0.97073 -0.20272
vn -0.01166 -0.2684 -0.96324
vn -0.05105 -0.96198 -0.26829
vn -0.01116 -0.34883 0.93712
vn -0.04737 -0.97455 0.2191
vn -0.05739 -0.97895 -0.19589
vn -0.00433 0.2179 -0.97596
vn -0.04085 0.97712 -0.20871
vn 0.0325 -0.34909 0.93653
vn 0.04602 -0.97659 0.21014
vn 0.01321 -0.27129 -0.96241
vn 0.0346 -0.96251 -0.26903
vn 0.01311 0.23133 0.97279
vn -0.03517 0.98645 0.16023
vn -0.00788 0.24285 -0.97003
vn -0.02417 0.96823 -0.24888
vn 0.00211 -0.36175 0.93227
vn 0.02217 -0.97484 0.22178
vn 0.00668 -0.29122 -0.95663
vn 0.02609 -0.95463 -0.29664
vn -0.01527 0.2552 0.96677
vn -0.02694 0.98401 0.17605
vn -0.99822 0.05955 -0.00349
vn -0.99734 0.07017 0.01961
vn -0.99768 0.06798 -0.00359
vn -0.99803 0.0596 0.01959
vn 0.00788 0.24285 -0.97003
vn 0.02417 0.96823 -0.24888
vn -0.00211 -0.36175 0.93227
vn -0.02217 -0.97484 0.22178
vn -0.00668 -0.29122 -0.95663
vn -0.02609 -0.95463 -0.29664
vn 0.01527 0.2552 0.96677
vn 0.02694 0.98401 0.17605
vn 0.26509 0.92384 0.27614
vn 0.65448 0.37983 0.65375
vn 0.38268 0.92388 0
vn 0.92388 0.38268 0
vn 0.92481 -0.38042 0
vn 0.26509 0.92384 -0.27614
vn 0.65468 0.37912 -0.65396
vn 0.65207 -0.3868 -0.65207
vn -0.27257 0.92272 0.27257
vn -0.65409 0.3799 0.65409
vn -0.38548 0.92272 0
vn -0.92503 0.3799 0
vn -0.92503 -0.3799 0
vn -0.27257 0.92272 -0.27257
vn -0.65409 0.3799 -0.65409
vn -0.65409 -0.3799 -0.65409
vn -0.15993 -0.83649 -0.52412
vn -0.23251 -0.97138 -0.0485
vn -0.10468 -0.98741 0.1186
vn -0.79386 0.21115 0.57027
vn -0.20667 0.97072 0.12242
vn -0.73039 -0.11029 0.67406
vn -0.98074 0.01622 -0.19463
vn -0.42343 0.1657 -0.89065
vn -0.73512 0.00238 0.67793
vn -0.97506 0.07018 -0.21054
vn -0.33341 0.62635 -0.70464
vn -0.6285 -0.52256 0.57613
vn -0.8134 -0.55641 -0.16966
vn -0.39543 -0.33084 -0.85684
vn -0.22034 -0.97064 -0.09645
vn -0.23251 -0.97138 -0.0485
vn -0.21889 -0.91053 -0.35074
vn -0.08246 -0.36222 0.92844
vn 0.80784 -0.56984 -0.15057
vn 0.08246 0.36222 -0.92844
vn -0.34548 -0.86345 -0.36755
vn 0.81431 0.5126 0.2723
vn -0.27898 0.90276 0.32742
vn -0.99652 0.01868 -0.08122
vn -0.97837 0.03401 -0.20407
vn -0.98084 0.00811 -0.19464
vn -0.8166 -0.5515 -0.17033
vn -0.71509 0.46669 0.52044
vn 0.81025 -0.11215 0.57526
vn -0.82415 -0.01405 -0.56619
vn -0.83937 -0.01252 -0.54342
vn -0.33331 -0.32 -0.88685
vn 0.45676 -0.72725 -0.51232
vn -0.37717 0.57856 -0.7232
vn -0.42571 0.16931 -0.88888
vn -0.50639 -0.29187 -0.81141
vn -0.36642 0.61816 -0.69543
vn -0.42589 0.16549 -0.88951
vn -0.27582 -0.32685 -0.90393
vn -0.27603 -0.85333 -0.4423
vn 0.45556 -0.72721 -0.51344
vn -0.00279 -0.12489 -0.99217
vn -0.16533 0.01996 -0.98604
vn -0.14123 -0.01281 -0.98989
vn -0.36652 0.08668 -0.92637
vn -0.97337 0.03769 -0.22611
vn -0.9789 0.00851 -0.20418
vn -0.81788 -0.55202 -0.16231
vn -0.02662 0.98612 -0.16391
vn -0.08927 0.98479 -0.14909
vn -0.20214 0.97837 -0.04396
vn -0.19938 0.9787 -0.049
vn -0.09549 0.96956 0.22547
vn -0.42771 0 -0.90392
vn -0.97406 0 -0.22627
vn -0.99135 0.05831 -0.11755
vn -0.47927 0.25521 -0.83974
vn -0.7678 0.46561 -0.4401
vn -0.83679 0.54418 -0.06047
vn 0.0157 -0.13837 -0.99026
vn -0.3244 -0.69838 0.63798
vn 0.60439 -0.12726 0.78646
vn 0.27564 -0.22306 0.93502
vn -0.4728 0.38864 -0.79083
vn 0.49581 -0.14982 0.85541
vn -0.24809 0.47293 -0.84545
vn 0.41868 -0.20441 0.88483
vn 0.61535 -0.4308 0.66011
vn 0.96128 -0.16146 0.2233
vn 0.13508 -0.11753 -0.98384
vn 0.66694 -0.38238 0.63952
vn -0.30005 0.31948 -0.89883
vn 0.3244 0.69838 -0.63798
vn 0.57585 -0.59851 0.55693
vn -0.84094 0.5371 0.0659
vn -0.22047 0.97323 0.06492
vn 0.95251 -0.28278 0.11295
vn -0.97247 0.0572 -0.2259
vn 0.95251 -0.28278 0.11295
vn 0 -0.96493 0.26252
vn 0.1364 0.0275 0.99027
vn 0.134 0.01528 0.99086
vn 0.1352 -0.08467 0.98719
vn 0.33333 -0.51623 0.78892
vn 0 0.99956 0.02963
vn 0.18344 0.53029 0.82773
vn 0 -0.72176 -0.69215
vn 0.15993 -0.83649 -0.52412
vn 0.23251 -0.97138 -0.0485
vn 0.16392 -0.96884 0.18571
vn 0.77501 0.05217 0.62979
vn 0.18896 0.97371 0.12723
vn 0.73148 -0.09568 0.67512
vn 0.98074 0.01622 -0.19463
vn 0.42343 0.1657 -0.89065
vn 0.73512 0.00152 0.67793
vn 0.97506 0.07018 -0.21054
vn 0.33341 0.62635 -0.70464
vn 0.6076 -0.56814 0.55501
vn 0.8134 -0.55641 -0.16966
vn 0.39543 -0.33084 -0.85684
vn 0.21051 -0.97716 -0.02897
vn 0.23251 -0.97138 -0.0485
vn 0.21889 -0.91053 -0.35074
vn 0.08246 -0.36222 0.92844
vn -0.80784 -0.56984 -0.15057
vn -0.08246 0.36222 -0.92844
vn 0.34548 -0.86345 -0.36755
vn -0.81431 0.5126 0.2723
vn 0.27898 0.90276 0.32742
vn 0.99652 0.01868 -0.08122
vn 0.97837 0.03401 -0.20407
vn 0.98084 0.00811 -0.19464
vn 0.8166 -0.5515 -0.17033
vn 0.73875 0.40405 0.53945
vn 0.81025 0.11215 -0.57526
vn 0.82415 -0.01405 -0.56619
vn 0.83937 -0.01252 -0.54342
vn 0.33331 -0.32 -0.88685
vn -0.45349 -0.73203 -0.50841
vn 0.37717 0.57856 -0.7232
vn 0.42571 0.16931 -0.88888
vn 0.50639 -0.29187 -0.81141
vn 0.36642 0.61816 -0.69543
vn 0.42589 0.16549 -0.88951
vn 0.27582 -0.32685 -0.90393
vn 0.27603 -0.85333 -0.4423
vn -0.4521 -0.73219 -0.50941
vn 0.00279 -0.12489 -0.99217
vn 0.16533 0.01996 -0.98604
vn 0.14123 -0.01281 -0.98989
vn 0.36652 0.08668 -0.92637
vn 0.97337 0.03769 -0.22611
vn 0.9789 0.00851 -0.20418
vn 0.81788 -0.55202 -0.16231
vn 0.11396 0.98475 -0.13143
vn 0.17508 0.9821 -0.06952
vn 0.19132 0.98075 -0.03914
vn 0.06933 0.97162 0.22614
vn 0.42771 0 -0.90392
vn 0.97406 0 -0.22627
vn 0.99135 0.05831 -0.11755
vn 0.49423 0.48157 -0.72376
vn 0.85749 0.29691 -0.4202
vn 0.8578 0.50336 -0.10395
vn 0.14383 -0.16298 -0.97609
vn 0.3244 -0.69838 0.63798
vn -0.66213 -0.30121 0.68618
vn 0.25283 -0.32796 0.91023
vn 0.37267 0.5251 -0.7651
vn -0.74842 -0.43294 0.50242
vn -0.39088 -0.40595 0.82609
vn -0.4995 -0.67677 -0.54082
vn -0.96128 -0.16146 0.2233
vn -0.13508 -0.11753 -0.98384
vn 0.10451 -0.96969 -0.22088
vn -0.9103 0.28191 -0.30313
vn -0.3244 0.69838 -0.63798
vn 0.12098 -0.74653 0.65426
vn 0.86847 0.48935 0.07939
vn 0.20279 0.97899 0.02109
vn -0.95251 -0.28278 0.11295
vn 0.97247 0.0572 -0.2259
vn -0.95251 -0.28278 0.11295
vn 0.02041 0.98628 -0.1638
vn 0.08219 0.98564 -0.14748
vn 0.29493 0.56448 -0.77096
vn -0.09921 0.98457 -0.14414
vn -0.78262 -0.49931 0.37174
vn -0.95883 -0.01313 -0.28366
vn -0.75266 0.42804 -0.50028
vn -0.52142 0.07959 -0.84958
vn -0.51329 0.06673 -0.85562
vn 0.0221 0.02177 -0.99952
vn 0.22157 0.33099 -0.91725
vn 0.71542 0.16468 -0.67901
vn 0.53958 0.26469 -0.79924
vn 0.89134 0.1679 -0.42109
vn 0.86394 0.48645 -0.13029
vn 0.89381 -0.16831 0.41567
vn 0.73543 0.39665 0.54937
vn 0.12652 0.40314 0.90635
vn -0.76207 0.29625 0.57574
vn -0.88543 0.45219 0.10746
vn -0.85942 0.45531 -0.23258
vn 0.21536 0.79126 0.5723
vn 0.51764 0.7679 0.37734
vn 0.6187 0.78454 0.04137
vn 0.60818 0.7882 -0.09413
vn 0.44064 0.80621 -0.3948
vn 0.43656 0.76075 -0.48029
vn 0.19765 0.79264 -0.57676
vn 0.21894 0.76331 -0.6078
vn -0.21603 0.79393 -0.56833
vn -0.34114 0.73421 -0.587
vn -0.34954 0.73364 -0.58275
vn -0.55981 0.76953 -0.30729
vn -0.52183 0.85258 0.0282
vn -0.57059 0.81983 0.04813
vn -0.50487 0.80015 0.32383
vn -0.22782 0.80715 0.54462
vn -0.18479 0.51324 0.83811
vn -0.19873 0.40155 0.89402
vn -0.13946 0.0272 0.98985
vn -0.13642 0.01535 0.99053
vn -0.13324 -0.08631 0.98732
vn -0.11369 -0.50407 0.85615
vn 0.64689 0.60228 -0.46776
vn 0.73728 0.65426 -0.16839
vn 0.86614 0.48336 0.12713
vn 0.67645 0.54028 0.50051
vn 0.16971 0.62227 0.76418
vn -0.25392 0.62092 0.74161
vn -0.64311 0.59763 0.4788
vn -0.75106 0.64633 0.13477
vn -0.84408 0.52229 -0.12137
vn -0.73473 0.58642 -0.341
vn -0.45496 0.4592 -0.76298
vn -0.40824 0.47764 -0.77795
vn -0.19783 0.54134 -0.8172
vn 0.21717 0.65134 -0.72704
vn 0.35011 0.55128 -0.75731
vn 0.51657 0.52191 -0.6788
vn 0.22034 -0.97064 -0.09645
vn -0.21051 -0.97716 -0.02897
vn -0.86149 -0.43248 -0.26607
vn -0.40483 -0.27724 -0.87135
vn -0.55338 -0.78946 0.26555
vn -0.10652 0.00855 -0.99427
vn 0.75095 0.31112 0.58248
vn 0.1348 0.9584 -0.2516
vn 0.45602 0.64079 0.61761
vn -0.69878 0.32871 0.63534
vn 0.95903 -0.06387 0.27601
vn -0.56794 -0.40912 -0.71419
vn -0.96977 0.12325 -0.21062
vn -0.60558 -0.41048 -0.68175
vn -0.55963 -0.73377 -0.38522
vn 0.49543 -0.21533 -0.84154
vn 0 -0.64898 -0.7608
vn -0.2517 -0.60649 -0.7542
vn 0.65305 -0.06066 -0.75488
vn 0.65435 -0.00121 -0.75619
vn 0.63475 -0.07059 -0.76949
vn -0.26792 -0.79263 0.54768
vn 0.18667 -0.31985 -0.9289
vn 0.50594 -0.57245 0.64523
vn -0.28237 -0.56514 -0.77517
vn 0.74513 -0.46407 0.47898
vn -0.28211 -0.70569 -0.64994
vn 0.73872 -0.67232 -0.0478
vn 0.18259 -0.91995 -0.34692
vn -0.03842 -0.94506 -0.32464
vn -0.7451 -0.49794 0.44371
vn 0.31091 -0.21362 -0.92612
vn -0.30902 -0.65873 0.68599
vn -0.52107 -0.27432 -0.80823
vn -0.63513 -0.06066 -0.77002
vn -0.65588 -0.00145 -0.75487
vn -0.55346 -0.25145 -0.79401
vn 0.01529 -0.82281 -0.56811
vn 0.06164 -0.47373 0.87851
vn -0.42252 -0.08866 0.90201
vn -0.28399 0.01344 0.95873
vn -0.2854 0.02725 0.95802
vn -0.26152 0.39768 0.87946
vn -0.18648 0.51308 0.83784
vn -0.17014 0.62681 0.76037
vn -0.22138 0.80761 0.54659
vn 0 -0.64909 -0.76071
vn 0.36318 -0.51587 0.77587
vn -0.24176 -0.65919 -0.71205
vn 0.28267 -0.08484 0.95546
vn 0.28547 0.01319 0.9583
vn 0.29298 0.02558 0.95578
vn 0.20059 0.40091 0.89389
vn 0.18359 0.53028 0.8277
vn 0.24423 0.6139 0.75065
vn 0.17035 0.79133 0.58717
vn 0.69868 -0.54116 0.46796
vn -0.3082 -0.88995 -0.33617
vn -0.45556 -0.72721 -0.51344
vn -0.45426 -0.72717 -0.51466
vn 0.30751 -0.95133 -0.02022
vn 0.73776 -0.1087 0.66626
vn 0.73497 0.00229 0.6781
vn 0.72955 0.12355 0.67268
vn 0.69559 0.4551 0.55591
vn 0.72179 0.43588 0.53761
vn 0.68976 0.52289 0.50081
vn 0.52211 0.76588 0.37527
vn -0.42718 -0.54647 0.72034
vn 0.44209 -0.74814 -0.49482
vn 0.4521 -0.73219 -0.50941
vn 0.45058 -0.73237 -0.5105
vn -0.41988 -0.90364 0.08451
vn -0.22034 -0.97064 -0.09645
vn -0.73676 -0.10027 0.66868
vn -0.73501 0.00183 0.67805
vn -0.73176 0.09631 0.67473
vn -0.76142 0.3413 0.55114
vn -0.72831 0.40613 0.55192
vn -0.64014 0.60974 0.46737
vn -0.49912 0.78182 0.37369
vn -0.20667 0.97072 0.12242
vn -0.47569 -0.46405 0.74724
vn -0.73591 -0.11028 0.66804
vn -0.73501 0.00239 0.67805
vn -0.71491 0.23354 0.65906
vn -0.773 0.30154 0.55817
vn -0.705 0.46529 0.53524
vn -0.64715 0.59841 0.47235
vn -0.48737 0.7932 0.3651
vn 0.31029 -0.88828 -0.33863
vn 0.45426 -0.72717 -0.51466
vn -0.30751 -0.95133 -0.02022
vn 0.63028 -0.52183 0.57484
vn -0.44454 -0.87425 -0.19512
vn -0.45676 -0.72725 -0.51232
vn 0.10468 -0.98741 0.1186
vn 0.73048 -0.10874 0.67422
vn 0.73512 0.00228 0.67793
vn 0.77122 0.12002 0.62515
vn 0.71451 0.45506 0.5314
vn 0.72732 0.43558 0.53036
vn 0.68501 0.52257 0.50762
vn 0.52001 0.76539 0.37916
vn 0.69364 -0.56626 0.44521
vn 0.46942 -0.09666 0.87767
vn 0.62686 0.00711 0.7791
vn 0.62662 0.05892 0.7771
vn 0.62461 0.42471 0.65536
vn 0.73212 0.40661 0.5465
vn 0.68256 0.5375 0.49519
vn 0.52053 0.76757 0.37401
vn -0.43566 -0.7569 -0.48714
vn -0.45058 -0.73237 -0.5105
vn 0.41988 -0.90364 0.08451
vn -0.39081 -0.53824 0.7467
vn 0.14028 -0.73723 -0.66092
vn 0.45349 -0.73203 -0.50841
vn -0.16392 -0.96884 0.18571
vn -0.62352 -0.10142 0.7752
vn -0.62766 0.00732 0.77845
vn -0.73957 0.09543 0.66628
vn -0.74874 0.34436 0.5664
vn -0.74059 0.40208 0.53838
vn -0.6346 0.6115 0.47261
vn -0.53005 0.77639 0.34098
vn -0.17755 0.35867 0.91642
vn 0.77184 0.35522 0.52734
vn 0.92065 0.36419 0.1406
vn 0.18013 0.32115 0.92974
vn -0.20816 0.35824 0.91013
vn -0.78157 0.32249 0.53399
vn 0.21336 0.29018 0.93288
vn 0.87376 0.3658 0.32052
vn 0.92694 0.36606 0.08242
vn 0.91694 0.36696 -0.15674
vn 0.86403 0.3069 -0.39909
vn 0.22226 0.35419 -0.90838
vn 0.74704 0.33392 -0.57483
vn -0.22635 0.30495 -0.92508
vn 0.214 0.35473 -0.91015
vn -0.2158 0.33323 -0.91782
vn 0.92493 0.3523 -0.14281
vn -0.74211 0.35098 -0.57103
vn -0.92045 0.36411 -0.14212
vn -0.92343 0.35693 0.14102
vn -0.89771 0.29268 0.32931
vn -0.92649 0.3672 0.08238
vn -0.91729 0.36605 -0.1568
vn -0.84492 0.36581 -0.39026
vn -0.99792 0.05677 -0.03062
vn 0.99786 -0.06537 0.00237
vn -0.99804 0.0625 -0.00229
vn 0.99809 -0.0548 -0.02859
vn -0.99942 0.02674 0.02126
vn 0.99968 -0.01628 -0.01928
vn -0.99972 0.02329 -0.00313
vn 0.99965 -0.02596 0.00434
vn 0.86286 -0.50545 0
vn 0.50502 0.06079 0.86096
vn -0.99816 0.05584 -0.02355
vn 0.99784 -0.06489 -0.01068
vn -0.99796 0.06294 0.01057
vn 0.9979 -0.05182 -0.03898
vn -0.99912 0.03632 0.02104
vn 0.99942 -0.02422 -0.02412
vn 0.51263 0.06472 -0.85616
vn 0.1691 0.9856 0
vn -0.99968 0.02509 -0.00184
vn 0.99963 -0.02728 0.00109
vn 0.99809 0.05477 0.02855
vn -0.99804 -0.06251 0.00229
vn 0.99786 0.06538 -0.00237
vn -0.99792 -0.05679 0.03065
vn -0.51263 0.06472 0.85616
vn 0.99968 0.0162 0.01937
vn -0.99942 -0.02674 -0.02122
vn 0.99966 0.02598 -0.00382
vn -0.99973 -0.02287 0.00356
vn -0.86286 -0.50545 0
vn 0.99784 0.06489 0.01068
vn -0.99817 -0.05579 0.0235
vn 0.99789 0.05188 0.03905
vn -0.99796 -0.06293 -0.01057
vn -0.50502 0.06079 -0.86096
vn -0.1691 0.9856 0
vn 0.99942 0.02423 0.02379
vn -0.99911 -0.0365 -0.02125
vn 0.99963 0.02734 -0.00115
vn -0.99968 -0.02509 0.00177
vn -0.24846 0.06976 -0.96613
vn -0.51029 0.38638 -0.76832
vn -0.46478 0.47041 -0.75013
vn -0.33924 0.73453 -0.58769
vn 0.39536 -0.81836 -0.4171
vn 0.28544 -0.22149 0.93245
vt 0.04814 0.7603
vt 0.02613 0.78383
vt 0.01779 0.7884
vt 0.47255 0.99666
vt 0.46319 0.99833
vt 0.46629 0.9903
vt 0.47656 0.98887
vt 0.07291 0.87435
vt 0.06258 0.87534
vt 0.06392 0.86108
vt 0.07457 0.86324
vt 0.34176 0.7146
vt 0.35001 0.74737
vt 0.34391 0.75637
vt 0.01779 0.7884
vt 0.01315 0.78599
vt 0.01555 0.79688
vt 0.0075 0.7927
vt 0.07457 0.86323
vt 0.08203 0.87154
vt 0.08133 0.87618
vt 0.34391 0.75637
vt 0.33284 0.75781
vt 0.04814 0.7603
vt 0.01173 0.78379
vt 0.01031 0.78159
vt 0.00997 0.78183
vt 0.01156 0.78391
vt 0.00476 0.78909
vt 0.00201 0.78549
vt 0.45127 0.49219
vt 0.44674 0.49219
vt 0.44577 0.48798
vt 0.45041 0.48665
vt 0.34176 0.7146
vt 0.32699 0.75513
vt 0.32187 0.75513
vt 0.01031 0.78159
vt 0.01003 0.77637
vt 0.00201 0.78549
vt 0.00182 0.7788
vt 0.0089 0.77675
vt 0.35035 0.80535
vt 0.34561 0.80192
vt 0.35452 0.79356
vt 0.35639 0.80452
vt 0.4132 0.6011
vt 0.36805 0.60156
vt 0.37544 0.59182
vt 0.04769 0.75683
vt 0.03564 0.74756
vt 0.04507 0.74691
vt 0.0328 0.73943
vt 0.04307 0.73838
vt 0.39839 0.80906
vt 0.38807 0.8087
vt 0.38721 0.80609
vt 0.39786 0.80643
vt 0.3846 0.64793
vt 0.39065 0.66285
vt 0.38007 0.66406
vt 0.0503 0.74691
vt 0.04769 0.75683
vt 0.04316 0.73836
vt 0.05222 0.74053
vt 0.0503 0.74691
vt 0.39786 0.80642
vt 0.4083 0.8071
vt 0.40734 0.81108
vt 0.38007 0.66406
vt 0.3696 0.66406
vt 0.0503 0.74691
vt 0.05505 0.74911
vt 0.04851 0.75701
vt 0.06038 0.74215
vt 0.05505 0.74911
vt 0.39375 0.83594
vt 0.39128 0.83228
vt 0.39767 0.82298
vt 0.40005 0.83108
vt 0.3696 0.66406
vt 0.35993 0.65826
vt 0.05505 0.74911
vt 0.05841 0.75313
vt 0.04912 0.75748
vt 0.0662 0.74911
vt 0.40015 0.83142
vt 0.40831 0.82266
vt 0.40901 0.82957
vt 0.03121 0.70411
vt 0.05526 0.69241
vt 0.06059 0.70163
vt 0.05973 0.75819
vt 0.04948 0.75817
vt 0.06849 0.75788
vt 0.40901 0.82958
vt 0.41878 0.82266
vt 0.41808 0.82958
vt 0.06059 0.70163
vt 0.06055 0.71209
vt 0.05877 0.76333
vt 0.0495 0.75894
vt 0.06683 0.76679
vt 0.42903 0.82475
vt 0.42696 0.8314
vt 0.05528 0.72114
vt 0.05571 0.76757
vt 0.0492 0.75965
vt 0.06152 0.77414
vt 0.01438 0.88281
vt 0.01156 0.87644
vt 0.02152 0.8732
vt 0.02299 0.88
vt 0.05528 0.72114
vt 0.04621 0.72636
vt 0.05113 0.77011
vt 0.04862 0.76016
vt 0.05359 0.77852
vt 0.03192 0.87202
vt 0.032 0.87898
vt 0.04621 0.72636
vt 0.03574 0.72636
vt 0.37996 0.81188
vt 0.37055 0.81095
vt 0.36692 0.80495
vt 0.37682 0.8093
vt 0.04814 0.7603
vt 0.01739 0.77043
vt 0.02475 0.7645
vt 0.36675 0.80488
vt 0.37611 0.80247
vt 0.3846 0.64793
vt 0.41351 0.65028
vt 0.40143 0.65837
vt 0.02228 0.74345
vt 0.03564 0.74756
vt 0.02561 0.74615
vt 0.02545 0.74846
vt 0.03564 0.74756
vt 0.37611 0.80247
vt 0.38807 0.8087
vt 0.39065 0.66285
vt 0.35663 0.80417
vt 0.37055 0.81095
vt 0.36115 0.81002
vt 0.3651 0.79297
vt 0.36675 0.80488
vt 0.35645 0.80484
vt 0.386 0.59101
vt 0.4132 0.6011
vt 0.05246 0.87609
vt 0.04218 0.87746
vt 0.04234 0.8702
vt 0.05287 0.86443
vt 0.03446 0.77925
vt 0.04279 0.77468
vt 0.04431 0.78315
vt 0.03503 0.78778
vt 0.04279 0.77468
vt 0.03446 0.77925
vt 0.03121 0.70411
vt 0.02516 0.72656
vt 0.01294 0.72435
vt 0.06258 0.87534
vt 0.05246 0.87635
vt 0.45602 0.99173
vt 0.46319 0.99833
vt 0.45384 1
vt 0.01294 0.72435
vt 0.00191 0.72094
vt 0.04218 0.87746
vt 0.032 0.87884
vt 0.05113 0.77011
vt 0.05113 0.77011
vt 0.03574 0.72636
vt 0.37611 0.80247
vt 0.43935 0.48753
vt 0.44674 0.49219
vt 0.44222 0.49219
vt 0.32699 0.75513
vt 0.43391 0.92967
vt 0.42972 0.92379
vt 0.43951 0.92124
vt 0.49518 0.59375
vt 0.49369 0.58594
vt 0.50391 0.58594
vt 0.50241 0.59375
vt 0.49369 0.57812
vt 0.49518 0.57031
vt 0.50241 0.57031
vt 0.50391 0.57812
vt 0.35349 0.56448
vt 0.35768 0.55859
vt 0.36328 0.56702
vt 0.43051 0.91661
vt 0.49443 0.76562
vt 0.49294 0.75781
vt 0.50316 0.75781
vt 0.50166 0.76562
vt 0.49294 0.79688
vt 0.49443 0.78906
vt 0.50166 0.78906
vt 0.50316 0.79688
vt 0.35428 0.57166
vt 0.4359 0.91179
vt 0.5015 0.98438
vt 0.5 0.97656
vt 0.51022 0.97656
vt 0.50872 0.98438
vt 0.5 0.96875
vt 0.5015 0.96094
vt 0.50872 0.96094
vt 0.51022 0.96875
vt 0.35967 0.57648
vt 0.36328 0.56702
vt 0.44312 0.91179
vt 0.43951 0.92124
vt 0.49443 0.6875
vt 0.49294 0.67969
vt 0.50316 0.67969
vt 0.50166 0.6875
vt 0.25856 0.50781
vt 0.26006 0.5
vt 0.26728 0.5
vt 0.26878 0.50781
vt 0.36689 0.57648
vt 0.36328 0.56702
vt 0.40678 0.48465
vt 0.41353 0.48207
vt 0.41353 0.49219
vt 0.49443 0.64844
vt 0.49294 0.64062
vt 0.50316 0.64062
vt 0.50166 0.64844
vt 0.49294 0.73438
vt 0.49443 0.72656
vt 0.50166 0.72656
vt 0.50316 0.73438
vt 0.39791 0.48801
vt 0.39116 0.49059
vt 0.39116 0.48047
vt 0.44919 0.92388
vt 0.44509 0.92969
vt 0.43951 0.92124
vt 0.19531 0.49219
vt 0.20545 0.49219
vt 0.20405 0.49985
vt 0.19694 0.5
vt 0.50141 0.52344
vt 0.50864 0.52344
vt 0.51013 0.53125
vt 0.5 0.53117
vt 0.36888 0.55859
vt 0.37308 0.56448
vt 0.36328 0.56702
vt 0.44839 0.91657
vt 0.43951 0.92124
vt 0.07913 0.48438
vt 0.08884 0.48438
vt 0.08742 0.49219
vt 0.08055 0.49219
vt 0.49443 0.82031
vt 0.50166 0.82031
vt 0.50324 0.82812
vt 0.49285 0.82812
vt 0.37228 0.57166
vt 0.36328 0.56702
vt 0.43951 0.92124
vt 0.23642 0.51562
vt 0.23642 0.50549
vt 0.24609 0.50711
vt 0.24594 0.51423
vt 0.21875 0.49684
vt 0.21881 0.48962
vt 0.22656 0.48828
vt 0.22656 0.49842
vt 0.13659 0.5625
vt 0.12695 0.5625
vt 0.12695 0.54531
vt 0.13659 0.54531
vt 0.11732 0.5625
vt 0.11732 0.54531
vt 0.28418 0.83893
vt 0.27995 0.83893
vt 0.27995 0.83461
vt 0.28418 0.83461
vt 0.2737 0.83918
vt 0.26505 0.84
vt 0.26497 0.83592
vt 0.27286 0.83498
vt 0.50885 0.9997
vt 0.50781 0.99219
vt 0.51761 0.99219
vt 0.51677 1
vt 0.32845 0.5747
vt 0.33274 0.5651
vt 0.34297 0.5651
vt 0.33105 0.5747
vt 0.12473 0.85369
vt 0.12896 0.85369
vt 0.12896 0.86009
vt 0.12473 0.86009
vt 0.1358 0.86009
vt 0.13319 0.86009
vt 0.13319 0.85369
vt 0.1358 0.85369
vt 0.12514 0.90611
vt 0.12937 0.90588
vt 0.1295 0.91285
vt 0.12528 0.913
vt 0.1362 0.90562
vt 0.14066 0.91369
vt 0.13365 0.9127
vt 0.13363 0.90565
vt 0.43631 0.5513
vt 0.42969 0.54306
vt 0.43991 0.54308
vt 0.44419 0.55207
vt 0.39268 0.88853
vt 0.39307 0.89289
vt 0.3805 0.89289
vt 0.3805 0.88638
vt 0.39228 0.89745
vt 0.3805 0.8994
vt 0.39033 0.9024
vt 0.3805 0.90435
vt 0.28555 0.75537
vt 0.28131 0.75537
vt 0.2821 0.74635
vt 0.28555 0.74797
vt 0.51838 0.86351
vt 0.51787 0.85938
vt 0.52448 0.85953
vt 0.52481 0.86271
vt 0.52447 0.85946
vt 0.53106 0.85946
vt 0.53125 0.86204
vt 0.31097 0.62373
vt 0.31116 0.62105
vt 0.31775 0.62105
vt 0.31741 0.62419
vt 0.31739 0.6243
vt 0.32422 0.62175
vt 0.32387 0.625
vt 0.25388 0.93182
vt 0.25812 0.93085
vt 0.25834 0.93735
vt 0.25414 0.9375
vt 0.25388 0.93
vt 0.25812 0.92844
vt 0.25388 0.93182
vt 0.02389 0.52943
vt 0.0293 0.52943
vt 0.02813 0.5375
vt 0.02389 0.53906
vt 0.02389 0.51979
vt 0.02813 0.52135
vt 0.25385 0.90754
vt 0.25808 0.90744
vt 0.25809 0.91229
vt 0.25386 0.91074
vt 0.26257 0.93721
vt 0.26232 0.92985
vt 0.26998 0.92855
vt 0.26517 0.93712
vt 0.26235 0.92986
vt 0.26234 0.92687
vt 0.27081 0.92686
vt 0.27003 0.92868
vt 0.26468 0.92036
vt 0.2708 0.92035
vt 0.26232 0.91385
vt 0.27079 0.91384
vt 0.26231 0.90734
vt 0.26922 0.90889
vt 0.42947 0.95524
vt 0.43025 0.9496
vt 0.43307 0.94955
vt 0.43353 0.95512
vt 0.26015 0.80191
vt 0.26355 0.80052
vt 0.26485 0.8047
vt 0.26368 0.80521
vt 0.21102 0.95364
vt 0.21461 0.95286
vt 0.21461 0.96016
vt 0.21102 0.96094
vt 0.21102 0.94635
vt 0.21461 0.94557
vt 0.21094 0.93851
vt 0.21475 0.93811
vt 0.21122 0.94631
vt 0.26 0.77319
vt 0.26358 0.77241
vt 0.26371 0.77987
vt 0.26001 0.77983
vt 0.44918 0.69454
vt 0.44916 0.68716
vt 0.45545 0.68709
vt 0.45401 0.69349
vt 0.38319 0.92758
vt 0.38516 0.93209
vt 0.37901 0.93696
vt 0.37614 0.93362
vt 0.25517 0.79514
vt 0.26013 0.7951
vt 0.26019 0.80239
vt 0.25524 0.80243
vt 0.25511 0.78784
vt 0.26006 0.7878
vt 0.25506 0.78052
vt 0.26001 0.77991
vt 0.25513 0.78784
vt 0.25504 0.77319
vt 0.26 0.77319
vt 0.25508 0.78052
vt 0.44051 0.69321
vt 0.43908 0.68714
vt 0.44918 0.69454
vt 0.37954 0.92526
vt 0.3761 0.93366
vt 0.37117 0.92754
vt 0.24865 0.79519
vt 0.24872 0.80249
vt 0.24859 0.7879
vt 0.24854 0.7817
vt 0.25513 0.78786
vt 0.24861 0.78787
vt 0.24852 0.77326
vt 0.25508 0.78053
vt 0.24857 0.78176
vt 0.15931 0.9004
vt 0.15931 0.89676
vt 0.16291 0.89609
vt 0.1644 0.90473
vt 0.37884 0.91797
vt 0.38011 0.92262
vt 0.3749 0.92099
vt 0.37212 0.91854
vt 0.24384 0.79524
vt 0.2439 0.80253
vt 0.24377 0.78794
vt 0.2434 0.78204
vt 0.24861 0.78788
vt 0.24385 0.78773
vt 0.24371 0.77343
vt 0.24857 0.78176
vt 0.24352 0.78259
vt 0.13355 0.90154
vt 0.13615 0.90151
vt 0.1336 0.90565
vt 0.1335 0.89787
vt 0.13611 0.89784
vt 0.13337 0.88691
vt 0.13597 0.88688
vt 0.13606 0.89417
vt 0.13346 0.8942
vt 0.13328 0.87957
vt 0.13589 0.87954
vt 0.1332 0.87224
vt 0.1358 0.87224
vt 0.13581 0.87957
vt 0.1332 0.87958
vt 0.13319 0.8649
vt 0.13579 0.8649
vt 0.1358 0.86491
vt 0.13319 0.86491
vt 0.12509 0.90164
vt 0.12932 0.90159
vt 0.12514 0.90611
vt 0.12504 0.89797
vt 0.12927 0.89792
vt 0.12491 0.88701
vt 0.12914 0.88696
vt 0.12923 0.89425
vt 0.125 0.89431
vt 0.12482 0.87968
vt 0.12905 0.87962
vt 0.12472 0.87229
vt 0.12896 0.87227
vt 0.12482 0.87968
vt 0.12473 0.86491
vt 0.12896 0.86491
vt 0.12473 0.87229
vt 0.28418 0.88941
vt 0.27995 0.88941
vt 0.27995 0.8835
vt 0.28418 0.8835
vt 0.27995 0.87983
vt 0.28418 0.87983
vt 0.28418 0.87616
vt 0.27995 0.87616
vt 0.27995 0.86837
vt 0.28418 0.86837
vt 0.27995 0.86101
vt 0.28418 0.86101
vt 0.27995 0.85365
vt 0.28418 0.85365
vt 0.27995 0.84629
vt 0.28418 0.84629
vt 0.27148 0.88359
vt 0.27572 0.8835
vt 0.27548 0.8894
vt 0.27292 0.8893
vt 0.27032 0.87992
vt 0.27571 0.87983
vt 0.27571 0.8835
vt 0.26669 0.86926
vt 0.27605 0.8685
vt 0.27576 0.87628
vt 0.26935 0.87633
vt 0.26685 0.86186
vt 0.27578 0.86115
vt 0.26669 0.86926
vt 0.26658 0.85451
vt 0.27551 0.85379
vt 0.26568 0.8472
vt 0.2746 0.84649
vt 0.26573 0.8472
vt 0.26215 0.88418
vt 0.26192 0.88054
vt 0.27035 0.88001
vt 0.26179 0.86954
vt 0.26675 0.86906
vt 0.26921 0.87633
vt 0.26165 0.877
vt 0.26104 0.86231
vt 0.26701 0.86167
vt 0.26183 0.86954
vt 0.26088 0.85496
vt 0.26685 0.85431
vt 0.25946 0.84774
vt 0.26542 0.84709
vt 0.25867 0.84048
vt 0.26464 0.83984
vt 0.26791 0.81504
vt 0.26624 0.80968
vt 0.27307 0.8099
vt 0.274 0.81343
vt 0.27135 0.79896
vt 0.27215 0.80638
vt 0.26474 0.80437
vt 0.22253 0.95364
vt 0.22253 0.96094
vt 0.26248 0.78698
vt 0.2712 0.78843
vt 0.26975 0.79565
vt 0.26193 0.79425
vt 0.26357 0.77971
vt 0.27085 0.78108
vt 0.26256 0.787
vt 0.27142 0.77381
vt 0.2637 0.77974
vt 0.14483 0.90161
vt 0.14489 0.89796
vt 0.15231 0.89809
vt 0.15225 0.90173
vt 0.23631 0.8026
vt 0.2433 0.81031
vt 0.23636 0.80944
vt 0.23624 0.7953
vt 0.23684 0.788
vt 0.23626 0.7953
vt 0.23546 0.78308
vt 0.24284 0.78226
vt 0.23686 0.788
vt 0.23613 0.77394
vt 0.24352 0.78261
vt 0.23618 0.78364
vt 0.13615 0.90149
vt 0.13611 0.89782
vt 0.14483 0.90159
vt 0.14487 0.88677
vt 0.14496 0.89406
vt 0.14457 0.87923
vt 0.14483 0.88652
vt 0.13597 0.88684
vt 0.14448 0.87202
vt 0.14449 0.87935
vt 0.13581 0.87957
vt 0.14328 0.86743
vt 0.14448 0.87244
vt 0.1358 0.87224
vt 0.14481 0.85801
vt 0.1432 0.86759
vt 0.1358 0.86488
vt 0.24371 0.77331
vt 0.23611 0.77339
vt 0.23607 0.76953
vt 0.24366 0.76945
vt 0.14523 0.90569
vt 0.14959 0.9083
vt 0.14202 0.913
vt 0.13654 0.90559
vt 0.14938 0.84663
vt 0.14469 0.85369
vt 0.14469 0.85755
vt 0.25825 0.83665
vt 0.2639 0.83603
vt 0.2715 0.77319
vt 0.26358 0.76855
vt 0.2715 0.76933
vt 0.26 0.77319
vt 0.26019 0.76933
vt 0.25504 0.76933
vt 0.26019 0.76933
vt 0.24848 0.7694
vt 0.255 0.76933
vt 0.27153 0.76886
vt 0.26818 0.7628
vt 0.27626 0.76869
vt 0.26019 0.76933
vt 0.2616 0.763
vt 0.26813 0.76285
vt 0.25508 0.76299
vt 0.2616 0.763
vt 0.25519 0.76929
vt 0.24867 0.76934
vt 0.2485 0.76278
vt 0.25508 0.76303
vt 0.24387 0.76896
vt 0.24238 0.76257
vt 0.24851 0.76313
vt 0.26516 0.93712
vt 0.27779 0.93069
vt 0.27555 0.93328
vt 0.27003 0.92868
vt 0.28177 0.92708
vt 0.27801 0.92974
vt 0.27094 0.92035
vt 0.2819 0.92057
vt 0.28177 0.92708
vt 0.27107 0.91384
vt 0.28203 0.91406
vt 0.26968 0.90884
vt 0.27847 0.90738
vt 0.28201 0.91406
vt 0.27152 0.88359
vt 0.27296 0.88932
vt 0.26187 0.89008
vt 0.274 0.81343
vt 0.27398 0.81934
vt 0.27055 0.82031
vt 0.43357 0.95512
vt 0.4356 0.96067
vt 0.43109 0.96094
vt 0.29131 0.92049
vt 0.29151 0.92514
vt 0.28528 0.92701
vt 0.28541 0.92064
vt 0.29093 0.91199
vt 0.28527 0.92064
vt 0.28511 0.91422
vt 0.2806 0.90538
vt 0.28566 0.91064
vt 0.28203 0.91406
vt 0.27939 0.90873
vt 0.15061 0.90741
vt 0.14596 0.9055
vt 0.14484 0.90159
vt 0.13654 0.90559
vt 0.47145 0.71719
vt 0.47596 0.71719
vt 0.47596 0.73438
vt 0.47145 0.73438
vt 0.32812 0.85156
vt 0.32031 0.85156
vt 0.32031 0.83594
vt 0.32812 0.83594
vt 0.28906 0.96094
vt 0.28125 0.96094
vt 0.28125 0.94531
vt 0.28906 0.94531
vt 0.47777 0.8125
vt 0.47326 0.8125
vt 0.47326 0.79531
vt 0.47777 0.79531
vt 0.44922 0.54308
vt 0.44844 0.55211
vt 0.44421 0.55211
vt 0.27571 0.83461
vt 0.27571 0.83893
vt 0.27599 0.83906
vt 0.28022 0.83908
vt 0.28018 0.84644
vt 0.27595 0.84642
vt 0.28013 0.8538
vt 0.2759 0.85378
vt 0.28009 0.86116
vt 0.27586 0.86114
vt 0.28004 0.86852
vt 0.27581 0.86849
vt 0.28 0.87631
vt 0.27571 0.87983
vt 0.27571 0.88941
vt 0.25812 0.93085
vt 0.26232 0.92987
vt 0.25811 0.92844
vt 0.46875 0.79531
vt 0.46875 0.8125
vt 0.03236 0.53594
vt 0.0347 0.52943
vt 0.03236 0.52292
vt 0.48047 0.73438
vt 0.48047 0.71719
vt 0.13374 0.91271
vt 0.12951 0.91285
vt 0.12937 0.90588
vt 0.1336 0.90565
vt 0.12937 0.90588
vt 0.13355 0.90154
vt 0.12923 0.89425
vt 0.12914 0.88696
vt 0.12896 0.87227
vt 0.13319 0.87224
vt 0.12896 0.86491
vt 0.13319 0.86491
vt 0.12896 0.86009
vt 0.12896 0.85369
vt 0.32422 0.5747
vt 0.32226 0.5651
vt 0.37158 0.9024
vt 0.36963 0.8994
vt 0.36865 0.89289
vt 0.36963 0.88638
vt 0.25508 0.76103
vt 0.25946 0.76094
vt 0.26159 0.763
vt 0.301 0.6191
vt 0.30458 0.6191
vt 0.30458 0.62105
vt 0.29848 0.62105
vt 0.43984 0.54044
vt 0.4484 0.53906
vt 0.44919 0.54308
vt 0.50781 0.53906
vt 0.51281 0.53906
vt 0.51622 0.54688
vt 0.50967 0.54619
vt 0.43046 0.5393
vt 0.43991 0.5432
vt 0.42981 0.54347
vt 0.31116 0.6191
vt 0.31775 0.6191
vt 0.25046 0.76089
vt 0.24844 0.76278
vt 0.24551 0.76051
vt 0.24843 0.76278
vt 0.24241 0.76306
vt 0.33261 0.56234
vt 0.34117 0.56086
vt 0.34278 0.56528
vt 0.33261 0.56492
vt 0.32397 0.56095
vt 0.33261 0.5651
vt 0.32173 0.55859
vt 0.32215 0.56538
vt 0.3211 0.5592
vt 0.301 0.60152
vt 0.30458 0.60152
vt 0.46399 0.53711
vt 0.47266 0.53711
vt 0.47266 0.55469
vt 0.46399 0.55469
vt 0.25472 0.74346
vt 0.2591 0.74337
vt 0.2641 0.74327
vt 0.26446 0.76084
vt 0.46094 0.92773
vt 0.47039 0.92773
vt 0.47039 0.94531
vt 0.46094 0.94531
vt 0.31116 0.60152
vt 0.31775 0.60152
vt 0.25781 0.52148
vt 0.26656 0.52148
vt 0.26656 0.53906
vt 0.25781 0.53906
vt 0.23438 0.47461
vt 0.23763 0.47461
vt 0.23763 0.49219
vt 0.23438 0.49219
vt 0.24514 0.74366
vt 0.25009 0.74355
vt 0.25046 0.76113
vt 0.2455 0.76123
vt 0.46397 0.6543
vt 0.47266 0.6543
vt 0.47266 0.67188
vt 0.46397 0.67188
vt 0.24238 0.76257
vt 0.2363 0.76846
vt 0.24506 0.73975
vt 0.25001 0.73965
vt 0.46397 0.65039
vt 0.47266 0.65039
vt 0.25781 0.51758
vt 0.26656 0.51758
vt 0.23438 0.4707
vt 0.23763 0.4707
vt 0.31116 0.59761
vt 0.31775 0.59761
vt 0.25464 0.73955
vt 0.30458 0.59761
vt 0.301 0.59761
vt 0.46399 0.5332
vt 0.47266 0.5332
vt 0.25902 0.73946
vt 0.26402 0.73936
vt 0.46094 0.92383
vt 0.47039 0.92383
vt 0.19584 0.59375
vt 0.20119 0.59381
vt 0.20116 0.60922
vt 0.19579 0.6092
vt 0.1302 0.57814
vt 0.13935 0.57829
vt 0.13922 0.59375
vt 0.13005 0.59366
vt 0.03125 0.80469
vt 0.03126 0.79688
vt 0.04688 0.79688
vt 0.04688 0.80469
vt 0.03125 0.48417
vt 0.03125 0.48048
vt 0.04688 0.48047
vt 0.04688 0.48417
vt 0.34466 0.59382
vt 0.35153 0.59383
vt 0.35155 0.60937
vt 0.34467 0.60937
vt 0.20598 0.59382
vt 0.20597 0.60922
vt 0.33787 0.59382
vt 0.33781 0.60937
vt 0.33394 0.59397
vt 0.33781 0.60937
vt 0.33379 0.60938
vt 0.34377 0.50798
vt 0.35156 0.50781
vt 0.35156 0.52321
vt 0.34375 0.52324
vt 0.39844 0.52332
vt 0.39856 0.51562
vt 0.41385 0.51562
vt 0.4138 0.52344
vt 0.46875 0.82031
vt 0.47859 0.82031
vt 0.4787 0.8359
vt 0.46876 0.83594
vt 0.21051 0.59385
vt 0.21054 0.60922
vt 0.20597 0.60922
vt 0.19562 0.59368
vt 0.20112 0.59214
vt 0.20124 0.59453
vt 0.19611 0.59603
vt 0.13012 0.57616
vt 0.1406 0.57623
vt 0.1302 0.57814
vt 0.1206 0.57696
vt 0.1302 0.57815
vt 0.12107 0.57894
vt 0.35146 0.59184
vt 0.35545 0.59216
vt 0.3552 0.59418
vt 0.35153 0.59382
vt 0.3446 0.59183
vt 0.20586 0.59144
vt 0.20598 0.59382
vt 0.20124 0.59453
vt 0.338 0.59183
vt 0.34472 0.59183
vt 0.21035 0.59147
vt 0.21051 0.59385
vt 0.19531 0.586
vt 0.20104 0.58596
vt 0.20107 0.59145
vt 0.19536 0.59144
vt 0.13012 0.57079
vt 0.14062 0.57079
vt 0.13012 0.57616
vt 0.12014 0.57162
vt 0.12967 0.57081
vt 0.13012 0.57616
vt 0.35146 0.58647
vt 0.35547 0.58647
vt 0.35547 0.59184
vt 0.35146 0.59184
vt 0.3446 0.58648
vt 0.20585 0.58594
vt 0.338 0.58648
vt 0.34472 0.58648
vt 0.21035 0.58594
vt 0.21035 0.59147
vt 0.39111 0.87772
vt 0.3805 0.87577
vt 0.37158 0.87733
vt 0.32848 0.59216
vt 0.33787 0.59382
vt 0.33424 0.59432
vt 0.16406 0.50781
vt 0.16406 0.49831
vt 0.17188 0.49766
vt 0.17188 0.50674
vt 0.01562 0.5
vt 0.02681 0.5
vt 0.02111 0.50781
vt 0.0159 0.50702
vt 0.03906 0.50781
vt 0.03931 0.49663
vt 0.04688 0.49793
vt 0.04688 0.50777
vt 0.32835 0.58648
vt 0.32847 0.59198
vt 0.14062 0.49215
vt 0.14078 0.4826
vt 0.14844 0.48268
vt 0.14844 0.49219
vt 0.22166 0.58595
vt 0.22153 0.59155
vt 0.48438 0.53906
vt 0.49567 0.53906
vt 0.49562 0.54688
vt 0.48443 0.54683
vt 0.42787 0.96032
vt 0.42148 0.95911
vt 0.42952 0.95514
vt 0.43116 0.96088
vt 0.28528 0.92715
vt 0.4227 0.94991
vt 0.42948 0.95516
vt 0.28554 0.91413
vt 0.29154 0.91213
vt 0.28564 0.91066
vt 0.52619 0.84375
vt 0.52361 0.84774
vt 0.51678 0.84957
vt 0.51894 0.84497
vt 0.15924 0.90068
vt 0.16423 0.90523
vt 0.15817 0.90598
vt 0.15931 0.89704
vt 0.15925 0.90068
vt 0.45153 0.94428
vt 0.44723 0.9448
vt 0.44531 0.94141
vt 0.45155 0.94253
vt 0.37113 0.92755
vt 0.37945 0.92241
vt 0.26039 0.80496
vt 0.25547 0.80477
vt 0.25552 0.80243
vt 0.26378 0.8053
vt 0.45375 0.68108
vt 0.44915 0.67978
vt 0.44116 0.68147
vt 0.16251 0.89012
vt 0.15931 0.89676
vt 0.15937 0.89339
vt 0.15237 0.89444
vt 0.14495 0.89432
vt 0.13606 0.89417
vt 0.13346 0.8942
vt 0.27997 0.87998
vt 0.27574 0.87995
vt 0.27574 0.87995
vt 0.27035 0.88
vt 0.26169 0.87699
vt 0.26624 0.80968
vt 0.26457 0.80432
vt 0.43262 0.94396
vt 0.43102 0.94401
vt 0.43162 0.94464
vt 0.43028 0.95016
vt 0.42274 0.94969
vt 0.4239 0.94372
vt 0.48714 0.93872
vt 0.49219 0.93993
vt 0.49219 0.95312
vt 0.48438 0.95301
vt 0.30427 0.91163
vt 0.30436 0.92023
vt 0.29131 0.92049
vt 0.29108 0.91199
vt 0.40855 0.95739
vt 0.40814 0.95078
vt 0.42148 0.9591
vt 0.30456 0.92497
vt 0.40773 0.94449
vt 0.36675 0.94753
vt 0.36377 0.94403
vt 0.37607 0.93354
vt 0.17833 0.89276
vt 0.17727 0.89863
vt 0.16291 0.89609
vt 0.35867 0.93788
vt 0.37093 0.92753
vt 0.37607 0.93354
vt 0.51751 0.80409
vt 0.52462 0.80078
vt 0.52546 0.80409
vt 0.40115 0.95707
vt 0.40074 0.95049
vt 0.40855 0.95739
vt 0.31176 0.91991
vt 0.31197 0.92475
vt 0.30456 0.92497
vt 0.18572 0.89336
vt 0.18465 0.89927
vt 0.17727 0.89863
vt 0.358 0.94868
vt 0.35312 0.94225
vt 0.35895 0.93766
vt 0.36377 0.94404
vt 0.40034 0.94423
vt 0.40774 0.94449
vt 0.40814 0.95078
vt 0.36104 0.95226
vt 0.36377 0.94404
vt 0.18347 0.90535
vt 0.17609 0.90466
vt 0.17727 0.89863
vt 0.31136 0.91123
vt 0.30436 0.92023
vt 0.30397 0.91164
vt 0.28841 0.83461
vt 0.28841 0.83893
vt 0.30489 0.83622
vt 0.30467 0.84029
vt 0.29606 0.83916
vt 0.29704 0.83499
vt 0.44253 0.66241
vt 0.44448 0.6528
vt 0.44731 0.65444
vt 0.44603 0.66226
vt 0.42378 0.6528
vt 0.434 0.6528
vt 0.4383 0.66241
vt 0.43569 0.66241
vt 0.1205 0.86009
vt 0.1205 0.85369
vt 0.11627 0.85369
vt 0.11627 0.86009
vt 0.11366 0.86009
vt 0.11366 0.85369
vt 0.12105 0.91302
vt 0.1209 0.90605
vt 0.11679 0.9129
vt 0.10981 0.91406
vt 0.11407 0.90589
vt 0.11664 0.90586
vt 0.29831 0.74635
vt 0.30853 0.74633
vt 0.3019 0.75456
vt 0.29403 0.75534
vt 0.14684 0.61945
vt 0.13428 0.61945
vt 0.13467 0.61509
vt 0.14684 0.61294
vt 0.14684 0.62596
vt 0.13506 0.62401
vt 0.14684 0.63091
vt 0.13701 0.62896
vt 0.289 0.74635
vt 0.28978 0.75537
vt 0.52239 0.89077
vt 0.52901 0.89062
vt 0.52849 0.89476
vt 0.52206 0.89396
vt 0.51582 0.89071
vt 0.5224 0.89071
vt 0.51562 0.89329
vt 0.38929 0.99605
vt 0.39587 0.99605
vt 0.39606 0.99873
vt 0.38962 0.99919
vt 0.38281 0.99675
vt 0.38964 0.9993
vt 0.38316 1
vt 0.24943 0.93735
vt 0.24965 0.93085
vt 0.25388 0.93182
vt 0.25363 0.9375
vt 0.24965 0.92844
vt 0.05391 0.5375
vt 0.05273 0.52943
vt 0.05814 0.52943
vt 0.05814 0.53906
vt 0.05391 0.52135
vt 0.05814 0.51979
vt 0.24965 0.91229
vt 0.24965 0.90744
vt 0.25388 0.90754
vt 0.25388 0.91073
vt 0.23774 0.9287
vt 0.24542 0.92987
vt 0.24529 0.93723
vt 0.24269 0.93718
vt 0.23696 0.92687
vt 0.24542 0.92687
vt 0.23774 0.9287
vt 0.23696 0.92036
vt 0.24308 0.92036
vt 0.23696 0.91385
vt 0.24542 0.91385
vt 0.23852 0.90891
vt 0.24542 0.90734
vt 0.07477 0.59023
vt 0.07759 0.59028
vt 0.07837 0.59592
vt 0.07432 0.5958
vt 0.09166 0.7492
vt 0.09206 0.74485
vt 0.09568 0.7455
vt 0.0929 0.74946
vt 0.0918 0.73756
vt 0.09541 0.73821
vt 0.09568 0.7455
vt 0.09154 0.73026
vt 0.09515 0.73092
vt 0.09113 0.72282
vt 0.09495 0.72308
vt 0.09496 0.73088
vt 0.09183 0.71539
vt 0.09535 0.71645
vt 0.09482 0.72307
vt 0.18027 0.63227
vt 0.17412 0.6274
vt 0.17609 0.6229
vt 0.18314 0.62893
vt 0.09493 0.74556
vt 0.09494 0.73827
vt 0.09989 0.73828
vt 0.09988 0.74557
vt 0.09496 0.73097
vt 0.09991 0.73098
vt 0.09991 0.72366
vt 0.09989 0.73098
vt 0.09481 0.72315
vt 0.10028 0.71683
vt 0.09969 0.72414
vt 0.18318 0.62897
vt 0.17974 0.62057
vt 0.18811 0.62285
vt 0.10642 0.73829
vt 0.1064 0.74558
vt 0.10643 0.73099
vt 0.38281 0.96046
vt 0.38281 0.95312
vt 0.38934 0.95425
vt 0.38933 0.96042
vt 0.09968 0.72415
vt 0.10678 0.71741
vt 0.10608 0.72588
vt 0.08714 0.89736
vt 0.09076 0.89788
vt 0.09091 0.90153
vt 0.08599 0.90605
vt 0.18437 0.61631
vt 0.17917 0.61793
vt 0.18043 0.61328
vt 0.18716 0.61385
vt 0.10721 0.7456
vt 0.1072 0.7383
vt 0.11201 0.73829
vt 0.11203 0.74559
vt 0.10718 0.73101
vt 0.112 0.731
vt 0.10743 0.72484
vt 0.11256 0.72533
vt 0.11194 0.731
vt 0.1069 0.71635
vt 0.11171 0.7162
vt 0.11251 0.72532
vt 0.11402 0.90177
vt 0.11662 0.90174
vt 0.11667 0.90586
vt 0.11397 0.89811
vt 0.11658 0.89808
vt 0.11662 0.90174
vt 0.11402 0.90178
vt 0.11393 0.89444
vt 0.11384 0.88715
vt 0.11644 0.88712
vt 0.11653 0.89441
vt 0.11375 0.87981
vt 0.11636 0.87978
vt 0.11365 0.87957
vt 0.11366 0.87224
vt 0.11626 0.87224
vt 0.11625 0.87958
vt 0.11367 0.8649
vt 0.11627 0.8649
vt 0.11366 0.86491
vt 0.11627 0.86491
vt 0.12091 0.90598
vt 0.12085 0.90169
vt 0.12081 0.89803
vt 0.12076 0.89436
vt 0.12068 0.88706
vt 0.12059 0.87973
vt 0.12041 0.87963
vt 0.1205 0.87227
vt 0.12473 0.87229
vt 0.12463 0.87968
vt 0.1205 0.86491
vt 0.28841 0.8835
vt 0.28841 0.88941
vt 0.28841 0.87983
vt 0.28841 0.86837
vt 0.28841 0.87616
vt 0.28841 0.86101
vt 0.28841 0.85365
vt 0.28841 0.84629
vt 0.29264 0.88941
vt 0.29264 0.8835
vt 0.29687 0.88376
vt 0.2952 0.88941
vt 0.29279 0.87984
vt 0.29817 0.88013
vt 0.29687 0.88376
vt 0.29264 0.87616
vt 0.29264 0.86837
vt 0.30197 0.86947
vt 0.29905 0.87644
vt 0.29318 0.86103
vt 0.30207 0.86207
vt 0.30197 0.86947
vt 0.29371 0.85369
vt 0.30261 0.85473
vt 0.29488 0.84643
vt 0.30378 0.84747
vt 0.30373 0.84746
vt 0.29814 0.88022
vt 0.30655 0.88109
vt 0.30617 0.88471
vt 0.2992 0.87624
vt 0.3017 0.86899
vt 0.30666 0.86951
vt 0.30675 0.87696
vt 0.30197 0.86947
vt 0.308 0.86302
vt 0.30686 0.87019
vt 0.3026 0.85473
vt 0.30853 0.85568
vt 0.30438 0.84759
vt 0.31031 0.84853
vt 0.30553 0.84039
vt 0.31145 0.84133
vt 0.08542 0.75634
vt 0.09189 0.75413
vt 0.09186 0.75974
vt 0.08556 0.75998
vt 0.08527 0.7527
vt 0.08387 0.74537
vt 0.09179 0.74459
vt 0.09177 0.74862
vt 0.08386 0.73807
vt 0.09178 0.73729
vt 0.09179 0.74459
vt 0.08299 0.73077
vt 0.09179 0.73001
vt 0.09177 0.73729
vt 0.08391 0.72347
vt 0.09127 0.72267
vt 0.09171 0.73001
vt 0.08391 0.71617
vt 0.09114 0.72269
vt 0.09778 0.89876
vt 0.1052 0.89846
vt 0.10535 0.90211
vt 0.09793 0.90241
vt 0.11314 0.75336
vt 0.11224 0.74562
vt 0.11983 0.74539
vt 0.12003 0.75223
vt 0.11202 0.73832
vt 0.11961 0.7381
vt 0.1118 0.73103
vt 0.11873 0.73082
vt 0.1196 0.7381
vt 0.11992 0.72585
vt 0.11871 0.73083
vt 0.11171 0.71617
vt 0.1193 0.71617
vt 0.11991 0.72585
vt 0.11402 0.90178
vt 0.10535 0.90209
vt 0.10504 0.89455
vt 0.10495 0.88726
vt 0.10498 0.88704
vt 0.10507 0.87975
vt 0.11375 0.87985
vt 0.10531 0.87976
vt 0.10497 0.87243
vt 0.114 0.87957
vt 0.10618 0.86743
vt 0.11367 0.8649
vt 0.10626 0.86762
vt 0.10465 0.85804
vt 0.11366 0.86012
vt 0.1193 0.71231
vt 0.11171 0.71231
vt 0.10941 0.91384
vt 0.10138 0.90998
vt 0.10544 0.90692
vt 0.11407 0.90589
vt 0.10008 0.84663
vt 0.10477 0.85369
vt 0.10477 0.85755
vt 0.31206 0.83752
vt 0.30645 0.83662
vt 0.09183 0.71153
vt 0.08391 0.71231
vt 0.09522 0.71231
vt 0.09542 0.71617
vt 0.10037 0.71231
vt 0.10037 0.71617
vt 0.09522 0.71231
vt 0.10689 0.71231
vt 0.10689 0.71617
vt 0.08691 0.70606
vt 0.08391 0.71231
vt 0.07919 0.71242
vt 0.09381 0.70598
vt 0.09183 0.71153
vt 0.08728 0.70584
vt 0.10033 0.70597
vt 0.10037 0.71231
vt 0.09382 0.70598
vt 0.10701 0.70574
vt 0.10043 0.70604
vt 0.11371 0.70606
vt 0.10755 0.70613
vt 0.22997 0.93097
vt 0.24269 0.93718
vt 0.23224 0.93352
vt 0.22589 0.92889
vt 0.23669 0.92701
vt 0.23001 0.93096
vt 0.22599 0.92036
vt 0.22599 0.92687
vt 0.22599 0.91385
vt 0.22979 0.90713
vt 0.23696 0.91385
vt 0.22601 0.91369
vt 0.2952 0.88943
vt 0.30621 0.88472
vt 0.30626 0.89062
vt 0.08731 0.76562
vt 0.08556 0.75998
vt 0.09087 0.76556
vt 0.07219 0.60125
vt 0.07422 0.5957
vt 0.07832 0.59582
vt 0.07669 0.60152
vt 0.22248 0.92687
vt 0.21629 0.92488
vt 0.21659 0.92023
vt 0.22248 0.9205
vt 0.22248 0.92036
vt 0.21644 0.92036
vt 0.2166 0.91186
vt 0.22248 0.91394
vt 0.22599 0.91385
vt 0.22243 0.91036
vt 0.2276 0.90521
vt 0.22873 0.90858
vt 0.10155 0.91011
vt 0.09833 0.90515
vt 0.1054 0.90287
vt 0.10539 0.9028
vt 0.11402 0.90177
vt 0.47326 0.64062
vt 0.47326 0.62344
vt 0.47777 0.62344
vt 0.47777 0.64062
vt 0.35156 0.76562
vt 0.35156 0.78125
vt 0.34375 0.78125
vt 0.34375 0.76562
vt 0.07812 0.67969
vt 0.07812 0.69531
vt 0.07031 0.69531
vt 0.07031 0.67969
vt 0.47596 0.68594
vt 0.47596 0.70312
vt 0.47145 0.70312
vt 0.47145 0.68594
vt 0.29401 0.75537
vt 0.29264 0.83461
vt 0.29264 0.83893
vt 0.29264 0.84629
vt 0.29264 0.85365
vt 0.29264 0.86101
vt 0.29264 0.87616
vt 0.29264 0.87983
vt 0.29264 0.88941
vt 0.24944 0.93735
vt 0.24521 0.93721
vt 0.24545 0.92988
vt 0.48047 0.68594
vt 0.48047 0.70312
vt 0.04967 0.53594
vt 0.04733 0.52943
vt 0.04967 0.52292
vt 0.46875 0.64062
vt 0.46875 0.62344
vt 0.12094 0.91295
vt 0.11671 0.91291
vt 0.11668 0.90586
vt 0.12085 0.90169
vt 0.11662 0.90174
vt 0.12041 0.87962
vt 0.11618 0.87957
vt 0.11627 0.87224
vt 0.1205 0.86491
vt 0.11627 0.86491
vt 0.44448 0.6528
vt 0.15772 0.62596
vt 0.15576 0.62896
vt 0.15869 0.61945
vt 0.15772 0.61294
vt 0.09383 0.70598
vt 0.09595 0.70392
vt 0.10033 0.70401
vt 0.40245 0.99605
vt 0.40245 0.9941
vt 0.40603 0.9941
vt 0.40855 0.99605
vt 0.28978 0.74233
vt 0.29834 0.74371
vt 0.29827 0.74635
vt 0.46425 0.49219
vt 0.46765 0.48438
vt 0.47266 0.48438
vt 0.4708 0.49151
vt 0.29842 0.74635
vt 0.29841 0.74359
vt 0.30776 0.74219
vt 0.39587 0.9941
vt 0.38929 0.9941
vt 0.10037 0.70605
vt 0.10036 0.70405
vt 0.10498 0.70388
vt 0.10768 0.70612
vt 0.10555 0.70435
vt 0.11046 0.70369
vt 0.42555 0.64844
vt 0.43405 0.65022
vt 0.43396 0.6528
vt 0.43395 0.65298
vt 0.44273 0.64914
vt 0.44429 0.65334
vt 0.10156 0.92969
vt 0.10352 0.92188
vt 0.10938 0.92188
vt 0.10938 0.92619
vt 0.40245 0.97652
vt 0.40603 0.97652
vt 0.11719 0.53125
vt 0.11719 0.51367
vt 0.12586 0.51367
vt 0.12586 0.53125
vt 0.09599 0.70422
vt 0.09532 0.68666
vt 0.09969 0.68649
vt 0.09099 0.70441
vt 0.09032 0.68685
vt 0.07258 0.53906
vt 0.07258 0.52148
vt 0.08203 0.52148
vt 0.08203 0.53906
vt 0.39587 0.97652
vt 0.38929 0.97652
vt 0.09672 0.53906
vt 0.09672 0.52148
vt 0.10547 0.52148
vt 0.10547 0.53906
vt 0.25065 0.49219
vt 0.25065 0.47461
vt 0.25391 0.47461
vt 0.25391 0.49219
vt 0.10431 0.68631
vt 0.10927 0.68612
vt 0.10994 0.70369
vt 0.375 0.53906
vt 0.375 0.52148
vt 0.38369 0.52148
vt 0.38369 0.53906
vt 0.11362 0.70603
vt 0.10416 0.68241
vt 0.10912 0.68222
vt 0.375 0.51758
vt 0.38369 0.51758
vt 0.09672 0.51758
vt 0.10547 0.51758
vt 0.25065 0.4707
vt 0.25391 0.4707
vt 0.38929 0.97261
vt 0.39587 0.97261
vt 0.09954 0.68258
vt 0.40245 0.97261
vt 0.40603 0.97261
vt 0.11719 0.50977
vt 0.12586 0.50977
vt 0.09017 0.68294
vt 0.09517 0.68275
vt 0.07258 0.51758
vt 0.08203 0.51758
vt 0.05323 0.60144
vt 0.0532 0.58603
vt 0.05855 0.58597
vt 0.05859 0.60142
vt 0.0014 0.59375
vt 0.00128 0.57829
vt 0.01043 0.57813
vt 0.01058 0.59366
vt 0.32812 0.52335
vt 0.32812 0.50783
vt 0.33594 0.50781
vt 0.33594 0.52335
vt 0.16406 0.53125
vt 0.16406 0.51562
vt 0.17188 0.51562
vt 0.17188 0.53125
vt 0.39457 0.86691
vt 0.39457 0.85138
vt 0.40144 0.85136
vt 0.40145 0.86691
vt 0.04841 0.60144
vt 0.0484 0.58604
vt 0.05323 0.60144
vt 0.48438 0.88281
vt 0.48438 0.86719
vt 0.49116 0.86719
vt 0.49124 0.88281
vt 0.4072 0.86686
vt 0.40838 0.85136
vt 0.41229 0.85182
vt 0.41121 0.86719
vt 0.48415 0.58332
vt 0.46875 0.58332
vt 0.46892 0.57424
vt 0.48418 0.57422
vt 0.03841 0.60143
vt 0.03857 0.58614
vt 0.04388 0.58607
vt 0.04384 0.60144
vt 0.48434 0.77948
vt 0.46908 0.77937
vt 0.46908 0.76953
vt 0.48438 0.76954
vt 0.04384 0.60144
vt 0.04841 0.60144
vt 0.05261 0.58371
vt 0.05833 0.58357
vt 0.05855 0.58597
vt 3E-05 0.57623
vt 0.01051 0.57616
vt 0.01042 0.57814
vt 0.01042 0.57815
vt 0.02003 0.57697
vt 0.01955 0.57894
vt 0.39073 0.85142
vt 0.39064 0.84939
vt 0.39464 0.84939
vt 0.39441 0.85136
vt 0.4015 0.84937
vt 0.04817 0.58367
vt 0.05296 0.58365
vt 0.4016 0.85149
vt 0.4015 0.8495
vt 0.40822 0.84937
vt 0.40838 0.85136
vt 0.04394 0.58675
vt 0.04374 0.58437
vt 0.0484 0.58604
vt 0.05251 0.57822
vt 0.05824 0.57812
vt 0.05833 0.58357
vt 0 0.57079
vt 0.01051 0.57079
vt 0.01051 0.57616
vt 0.01096 0.57081
vt 0.02049 0.57163
vt 0.02002 0.57697
vt 0.39062 0.84403
vt 0.39464 0.84402
vt 0.4015 0.84402
vt 0.04816 0.57817
vt 0.05296 0.57816
vt 0.40822 0.84402
vt 0.04291 0.5789
vt 0.04736 0.57823
vt 0.04817 0.58367
vt 0.13623 0.60428
vt 0.14684 0.60233
vt 0.15576 0.60389
vt 0.41774 0.84952
vt 0.41203 0.85179
vt 0.50078 0.88281
vt 0.50143 0.875
vt 0.51094 0.875
vt 0.50987 0.88281
vt 0.19922 0.47868
vt 0.19613 0.48438
vt 0.19613 0.47319
vt 0.19842 0.47346
vt 0.00135 0.70312
vt 0 0.69691
vt 0.00781 0.69658
vt 0.00781 0.70306
vt 0.41787 0.84402
vt 0.41774 0.84952
vt 0.50781 0.91391
vt 0.50781 0.90625
vt 0.51737 0.90625
vt 0.51731 0.91406
vt 0.03269 0.58613
vt 0.03172 0.5806
vt 0.48485 0.5625
vt 0.48479 0.55469
vt 0.49609 0.55469
vt 0.49603 0.56246
vt 0.08636 0.59979
vt 0.07997 0.601
vt 0.07668 0.60156
vt 0.08514 0.59059
vt 0.07836 0.59584
vt 0.22248 0.91385
vt 0.21652 0.91174
vt 0.22245 0.91038
vt 0.16682 0.48239
vt 0.15998 0.48055
vt 0.1574 0.47656
vt 0.16465 0.47778
vt 0.09211 0.9068
vt 0.08604 0.90619
vt 0.09092 0.90153
vt 0.52344 0.78516
vt 0.52152 0.78855
vt 0.51723 0.78803
vt 0.5172 0.78628
vt 0.18815 0.62286
vt 0.17983 0.61772
vt 0.0996 0.74557
vt 0.09966 0.74791
vt 0.09475 0.74813
vt 0.51877 0.70703
vt 0.51895 0.71009
vt 0.51562 0.71087
vt 0.09076 0.89789
vt 0.08715 0.89731
vt 0.0874 0.89133
vt 0.09063 0.89452
vt 0.09778 0.89877
vt 0.09061 0.89424
vt 0.09763 0.89512
vt 0.1052 0.89847
vt 0.10505 0.89482
vt 0.11393 0.89446
vt 0.29804 0.87991
vt 0.29264 0.87616
vt 0.2992 0.87625
vt 0.30646 0.8805
vt 0.30671 0.87696
vt 0.09189 0.75413
vt 0.09192 0.74852
vt 0.07522 0.58464
vt 0.07682 0.58468
vt 0.08509 0.5904
vt 0.07756 0.59089
vt 0.0762 0.58537
vt 0.08392 0.58443
vt 0.49158 0.97656
vt 0.47838 0.97656
vt 0.47717 0.97053
vt 0.49147 0.96777
vt 0.20338 0.9202
vt 0.20341 0.9116
vt 0.2166 0.91186
vt 0.0997 0.59146
vt 0.09929 0.59807
vt 0.08635 0.59977
vt 0.20324 0.92445
vt 0.20354 0.91971
vt 0.21659 0.92023
vt 0.1001 0.58517
vt 0.0997 0.59146
vt 0.08514 0.59063
vt 0.19578 0.6391
vt 0.19291 0.64268
vt 0.18034 0.63247
vt 0.07286 0.90019
vt 0.07165 0.89435
vt 0.0874 0.89133
vt 0.18814 0.62281
vt 0.20069 0.63279
vt 0.17412 0.6274
vt 0.17253 0.63043
vt 0.10711 0.59117
vt 0.1067 0.59775
vt 0.09929 0.59807
vt 0.19584 0.92408
vt 0.19615 0.91924
vt 0.20354 0.91971
vt 0.0655 0.90102
vt 0.06428 0.89513
vt 0.07165 0.89435
vt 0.20041 0.63258
vt 0.20637 0.637
vt 0.20169 0.64357
vt 0.19578 0.6391
vt 0.1075 0.58491
vt 0.0997 0.59146
vt 0.19876 0.64723
vt 0.19291 0.64268
vt 0.07418 0.9062
vt 0.06682 0.90706
vt 0.07286 0.90019
vt 0.20354 0.91971
vt 0.19672 0.91057
vt 0.2041 0.91113
vt 0.44801 0.96875
vt 0.44756 0.96166
vt 0.46649 0.96115
vt 0.46694 0.96827
vt 0.30995 0.58056
vt 0.30909 0.58594
vt 0.29038 0.58299
vt 0.29123 0.57771
vt 0.5 0.99219
vt 0.5 0.99878
vt 0.48438 0.99944
vt 0.48438 0.99288
vt 0.4589 0.80797
vt 0.45782 0.81657
vt 0.439 0.81448
vt 0.44008 0.80596
vt 0.44713 0.95491
vt 0.46605 0.95437
vt 0.46649 0.96115
vt 0.45944 0.80269
vt 0.44007 0.80596
vt 0.4406 0.80078
vt 0.49219 0.51598
vt 0.49219 0.52279
vt 0.47656 0.52344
vt 0.47656 0.51667
vt 0.31118 0.57137
vt 0.29123 0.57771
vt 0.29245 0.5686
vt 0.43908 0.71834
vt 0.44537 0.71841
vt 0.44535 0.72579
vt 0.44051 0.72474
vt 0.44536 0.71841
vt 0.45544 0.71839
vt 0.45401 0.72446
vt 0.44535 0.72579
vt 0.44078 0.71233
vt 0.44539 0.71103
vt 0.45545 0.7184
vt 0.45337 0.71272
vt 0.44757 0.89084
vt 0.4665 0.89135
vt 0.46606 0.89844
vt 0.44713 0.89796
vt 0.42837 0.58299
vt 0.40966 0.58594
vt 0.4088 0.58056
vt 0.42752 0.57771
vt 0.32031 0.98047
vt 0.32031 0.9994
vt 0.3125 0.99963
vt 0.31254 0.9807
vt 0.45944 0.78323
vt 0.44062 0.78532
vt 0.43953 0.77672
vt 0.45836 0.77471
vt 0.44801 0.88406
vt 0.46694 0.8846
vt 0.44757 0.89084
vt 0.45836 0.77471
vt 0.439 0.77144
vt 0.45783 0.76953
vt 0.00781 0.73865
vt 0.00781 0.75758
vt 0 0.75781
vt 4E-05 0.73888
vt 0.42752 0.57771
vt 0.40757 0.57137
vt 0.4263 0.5686
vt 0.0686 0.55242
vt 0.07582 0.55242
vt 0.07221 0.56187
vt 0.36013 0.5
vt 0.37034 0.5
vt 0.36885 0.50781
vt 0.36162 0.50781
vt 0.49443 0.71094
vt 0.50166 0.71094
vt 0.50316 0.71875
vt 0.49294 0.71875
vt 0.04658 0.56866
vt 0.03936 0.56866
vt 0.04297 0.55921
vt 0.42241 0.48465
vt 0.42916 0.48207
vt 0.42916 0.49219
vt 0.49294 0.625
vt 0.50316 0.625
vt 0.50166 0.63281
vt 0.49443 0.63281
vt 0.49443 0.69531
vt 0.50166 0.69531
vt 0.50316 0.70312
vt 0.49294 0.70312
vt 0.27291 0.48801
vt 0.26616 0.49059
vt 0.26616 0.48047
vt 0.06663 0.57031
vt 0.06253 0.5645
vt 0.07221 0.56187
vt 0.49594 0.67048
vt 0.48642 0.67188
vt 0.48642 0.66174
vt 0.49609 0.66336
vt 0.28906 0.49842
vt 0.28125 0.49685
vt 0.28131 0.48962
vt 0.28906 0.48828
vt 0.03318 0.55666
vt 0.03737 0.55078
vt 0.04297 0.55921
vt 0.06333 0.5572
vt 0.07221 0.56187
vt 0.05711 0.49219
vt 0.05569 0.48438
vt 0.0654 0.48438
vt 0.06398 0.49219
vt 0.49285 0.8125
vt 0.49443 0.80469
vt 0.50166 0.80469
vt 0.50324 0.8125
vt 0.03397 0.56384
vt 0.07221 0.56187
vt 0.2985 0.5
vt 0.29688 0.49219
vt 0.30701 0.49219
vt 0.30561 0.49985
vt 0.32031 0.49992
vt 0.32172 0.49219
vt 0.32895 0.49219
vt 0.33045 0.5
vt 0.082 0.56442
vt 0.07781 0.5703
vt 0.07221 0.56187
vt 0.42969 0.5
vt 0.43991 0.5
vt 0.43841 0.50781
vt 0.43118 0.50781
vt 0.47806 0.5
vt 0.48528 0.5
vt 0.48678 0.50781
vt 0.47656 0.50781
vt 0.04857 0.55078
vt 0.05276 0.55666
vt 0.04297 0.55921
vt 0.08121 0.55723
vt 0.49294 0.74219
vt 0.50316 0.74219
vt 0.50166 0.75
vt 0.49443 0.75
vt 0.49443 0.77344
vt 0.50166 0.77344
vt 0.50316 0.78125
vt 0.49294 0.78125
vt 0.05196 0.56385
vt 0.07221 0.56187
vt 0.38431 0.5
vt 0.39453 0.5
vt 0.39303 0.50781
vt 0.38581 0.50781
vt 0.40925 0.5
vt 0.41647 0.5
vt 0.41797 0.50781
vt 0.40775 0.50781
vt 0.09191 0.60938
vt 0.09375 0.61472
vt 0.08735 0.61472
vt 0.08843 0.61016
vt 0.11979 0.77637
vt 0.11846 0.78605
vt 0.10457 0.79657
vt 0.10722 0.77721
vt 0.11336 0.82514
vt 0.10756 0.82045
vt 0.12029 0.79899
vt 0.12334 0.80218
vt 0.20288 0.79071
vt 0.19133 0.79122
vt 0.19519 0.77061
vt 0.20547 0.77068
vt 0.1495 0.97629
vt 0.16625 0.99191
vt 0.16412 0.99459
vt 0.20575 0.76453
vt 0.19544 0.76451
vt 0.19541 0.74759
vt 0.20562 0.7477
vt 0.18956 0.6767
vt 0.21005 0.67674
vt 0.21099 0.68846
vt 0.19145 0.68648
vt 0.32281 0.65265
vt 0.32309 0.66332
vt 0.31403 0.66527
vt 0.31388 0.65243
vt 0.20555 0.77068
vt 0.19555 0.76444
vt 0.20586 0.76453
vt 0.21099 0.68846
vt 0.21289 0.69434
vt 0.19526 0.69238
vt 0.32477 0.66896
vt 0.31583 0.66897
vt 0.31416 0.66524
vt 0.20561 0.74782
vt 0.1954 0.74798
vt 0.19878 0.73079
vt 0.20733 0.72676
vt 0.18997 0.66249
vt 0.20951 0.66263
vt 0.21005 0.67674
vt 0.32245 0.63947
vt 0.32243 0.65267
vt 0.31349 0.65282
vt 0.31611 0.63911
vt 0.13351 0.79195
vt 0.12029 0.79899
vt 0.11713 0.79573
vt 0.13235 0.77553
vt 0.12831 0.76969
vt 0.13115 0.76747
vt 0.41889 0.67188
vt 0.42697 0.68234
vt 0.41559 0.68316
vt 0.21875 0.52344
vt 0.21875 0.50781
vt 0.22656 0.50781
vt 0.22656 0.52344
vt 0.40625 0.62902
vt 0.41433 0.61856
vt 0.41763 0.62985
vt 0.40625 0.67701
vt 0.33594 0.61719
vt 0.35156 0.61719
vt 0.35156 0.625
vt 0.33594 0.625
vt 0.42697 0.62369
vt 0.41933 0.69394
vt 0.28125 0.52344
vt 0.28125 0.50781
vt 0.28906 0.50781
vt 0.28906 0.52344
vt 0.41389 0.64062
vt 0.40652 0.69065
vt 0.32812 0.70312
vt 0.32812 0.69531
vt 0.34375 0.69531
vt 0.34375 0.70312
vt 0.4267 0.63733
vt 0.03906 0.89844
vt 0.03906 0.89062
vt 0.05469 0.89062
vt 0.05469 0.89844
vt 0.22165 0.69431
vt 0.22066 0.68845
vt 0.23043 0.6884
vt 0.23047 0.69425
vt 0.22012 0.67673
vt 0.23037 0.67668
vt 0.23043 0.6884
vt 0.219 0.66269
vt 0.22877 0.66268
vt 0.23037 0.67668
vt 0.10324 0.80625
vt 0.1178 0.79089
vt 0.10192 0.81593
vt 0.20296 0.80472
vt 0.19418 0.80489
vt 0.19371 0.80005
vt 0.20329 0.7999
vt 0.3034 0.65408
vt 0.29783 0.63672
vt 0.30316 0.63672
vt 0.30355 0.65426
vt 0.46337 0.52025
vt 0.46339 0.51439
vt 0.46875 0.51439
vt 0.4687 0.52025
vt 0.46289 0.50134
vt 0.46774 0.5
vt 0.46875 0.51439
vt 0.06572 0.63137
vt 0.05751 0.61821
vt 0.05997 0.61518
vt 0.06942 0.62886
vt 0.50781 0.55503
vt 0.51592 0.55486
vt 0.51579 0.55866
vt 0.508 0.55875
vt 0.3337 0.66895
vt 0.33203 0.66292
vt 0.34991 0.66212
vt 0.35156 0.66895
vt 0.33203 0.66292
vt 0.33129 0.65251
vt 0.34917 0.65219
vt 0.33142 0.65251
vt 0.32881 0.6398
vt 0.34325 0.63944
vt 0.11859 0.76831
vt 0.12547 0.77192
vt 0.10722 0.77721
vt 0.12547 0.77192
vt 0.11979 0.77637
vt 0.32309 0.66332
vt 0.33203 0.66293
vt 0.32309 0.66332
vt 0.32236 0.65267
vt 0.3313 0.65251
vt 0.32245 0.63947
vt 0.32884 0.63984
vt 0.12434 0.76562
vt 0.12828 0.76968
vt 0.12543 0.7719
vt 0.28126 0.98836
vt 0.28797 0.9923
vt 0.28589 0.99549
vt 0.2795 0.99164
vt 0.05751 0.61821
vt 0.0631 0.63271
vt 0.05529 0.62108
vt 0.06619 0.64442
vt 0.06312 0.64442
vt 0.06311 0.63271
vt 0.06624 0.65028
vt 0.06312 0.65028
vt 0.06312 0.64442
vt 0.06462 0.66757
vt 0.06105 0.66684
vt 0.0632 0.65028
vt 0.22076 0.68848
vt 0.22171 0.69434
vt 0.21099 0.68846
vt 0.2203 0.67676
vt 0.22076 0.68848
vt 0.21005 0.67674
vt 0.21928 0.6627
vt 0.2203 0.67676
vt 0.20951 0.66263
vt 0.16194 0.94525
vt 0.1495 0.97629
vt 0.15349 0.94297
vt 0.16716 0.94899
vt 0.17392 0.95503
vt 0.1495 0.97629
vt 0.17457 0.96553
vt 0.1495 0.97629
vt 0.17559 0.97388
vt 0.1495 0.97629
vt 0.15618 0.9973
vt 0.14823 1
vt 0.33369 0.6875
vt 0.33369 0.66895
vt 0.35156 0.6875
vt 0.21289 0.71094
vt 0.19526 0.71094
vt 0.19526 0.69238
vt 0.22154 0.71094
vt 0.21289 0.69436
vt 0.24314 0.84836
vt 0.24195 0.85754
vt 0.22436 0.85804
vt 0.22599 0.84976
vt 0.29446 0.71998
vt 0.29451 0.72405
vt 0.27208 0.72028
vt 0.27097 0.71127
vt 0.30351 0.71039
vt 0.30463 0.72064
vt 0.29446 0.72
vt 0.09864 0.54992
vt 0.10213 0.54688
vt 0.10151 0.56707
vt 0.09783 0.56588
vt 0.25301 0.69283
vt 0.25693 0.71991
vt 0.25337 0.72148
vt 0.24976 0.68766
vt 0.01773 0.61405
vt 0.00305 0.61257
vt 0.00119 0.60547
vt 0.01758 0.60854
vt 0.32476 0.6875
vt 0.32476 0.66895
vt 0.02637 0.61329
vt 0.02615 0.61639
vt 0.01773 0.61407
vt 0.22436 0.85819
vt 0.21854 0.85908
vt 0.21817 0.85082
vt 0.22596 0.84986
vt 0.31582 0.6875
vt 0.31582 0.66895
vt 0.29688 0.95752
vt 0.30927 0.94683
vt 0.31038 0.94998
vt 0.29761 0.96097
vt 0.21037 0.85224
vt 0.21104 0.86076
vt 0.19952 0.86412
vt 0.19752 0.859
vt 0.16018 0.54297
vt 0.1577 0.55371
vt 0.14876 0.55371
vt 0.00305 0.61257
vt 0.0241 0.62905
vt 0.00695 0.63004
vt 0.44085 0.83203
vt 0.45312 0.84596
vt 0.44085 0.85862
vt 0.09783 0.56588
vt 0.09412 0.5647
vt 0.17188 0.55442
vt 0.16663 0.55371
vt 0.25 0.53871
vt 0.23662 0.53813
vt 0.23662 0.52939
vt 0.18344 0.48826
vt 0.18344 0.51562
vt 0.17969 0.51458
vt 0.3041 0.6793
vt 0.30003 0.67708
vt 0.30469 0.65563
vt 0.32031 0.7165
vt 0.32011 0.72153
vt 0.30595 0.71724
vt 0.30288 0.7074
vt 0.17264 0.98389
vt 0.1495 0.97629
vt 0.08818 0.77344
vt 0.0812 0.7888
vt 0.07255 0.7888
vt 0.0708 0.78854
vt 0.22154 0.71094
vt 0.23047 0.69425
vt 0.23013 0.71094
vt 0.08984 0.7888
vt 0.13465 0.80857
vt 0.13718 0.80857
vt 0.13971 0.8346
vt 0.13465 0.8346
vt 0.02786 0.95292
vt 0.04017 0.9529
vt 0.04036 0.9721
vt 0.0281 0.97193
vt 0.02785 0.94683
vt 0.0401 0.94679
vt 0.02786 0.95292
vt 0.02819 0.93027
vt 0.03997 0.9302
vt 0.0401 0.94679
vt 0.02927 0.90565
vt 0.03677 0.9091
vt 0.03966 0.9302
vt 0.00586 0.5625
vt 0.00839 0.52955
vt 0.01092 0.52955
vt 0.02852 0.98168
vt 0.04053 0.98225
vt 0.04074 0.98765
vt 0.02875 0.9873
vt 0.25683 0.98045
vt 0.25122 0.98045
vt 0.25066 0.97695
vt 0.25683 0.97695
vt 0.25683 0.98394
vt 0.25177 0.98394
vt 0.42828 0.81003
vt 0.42188 0.81003
vt 0.42371 0.80469
vt 0.4272 0.80547
vt 0.16495 0.79683
vt 0.15105 0.78633
vt 0.14971 0.77665
vt 0.16228 0.77748
vt 0.15609 0.8253
vt 0.1503 0.82999
vt 0.14299 0.80547
vt 0.14609 0.80235
vt 0.07268 0.97241
vt 0.06214 0.97232
vt 0.06192 0.95308
vt 0.07225 0.95331
vt 0.1495 0.97629
vt 0.1238 0.97972
vt 0.12154 0.97544
vt 0.07182 0.94504
vt 0.06155 0.94594
vt 0.06044 0.92925
vt 0.07057 0.92827
vt 0.30864 0.79788
vt 0.30966 0.78616
vt 0.33015 0.78627
vt 0.32819 0.79603
vt 0.35775 0.89221
vt 0.34878 0.88988
vt 0.34952 0.87923
vt 0.35845 0.87939
vt 0.07228 0.95309
vt 0.06192 0.95301
vt 0.06174 0.94686
vt 0.07205 0.94694
vt 0.30669 0.80374
vt 0.30864 0.79787
vt 0.32819 0.79602
vt 0.32433 0.80191
vt 0.35604 0.89553
vt 0.34711 0.89552
vt 0.34878 0.88989
vt 0.35772 0.8918
vt 0.37824 0.77917
vt 0.3681 0.77831
vt 0.36938 0.75844
vt 0.37805 0.75816
vt 0.30966 0.78616
vt 0.3103 0.77206
vt 0.32984 0.77206
vt 0.33015 0.78627
vt 0.35826 0.87957
vt 0.34932 0.87932
vt 0.34945 0.86613
vt 0.35579 0.86583
vt 0.15276 0.79598
vt 0.13651 0.7917
vt 0.13819 0.77531
vt 0.46127 0.60609
vt 0.47358 0.59375
vt 0.47104 0.60609
vt 0.13837 0.76775
vt 0.14122 0.76996
vt 0.1372 0.77581
vt 0.40897 0.74484
vt 0.41705 0.73438
vt 0.42034 0.74566
vt 0.21875 0.64844
vt 0.21875 0.64062
vt 0.23438 0.64062
vt 0.23438 0.64844
vt 0.4216 0.70449
vt 0.42969 0.71496
vt 0.41831 0.71578
vt 0.42969 0.73951
vt 0.30469 0.52344
vt 0.29688 0.52344
vt 0.29688 0.50781
vt 0.30469 0.50781
vt 0.40897 0.70963
vt 0.41661 0.75644
vt 0.36719 0.86719
vt 0.36719 0.85938
vt 0.38281 0.85938
vt 0.38281 0.86719
vt 0.42205 0.72656
vt 0.42941 0.75315
vt 0.20312 0.52344
vt 0.20312 0.50781
vt 0.21094 0.50781
vt 0.21094 0.52344
vt 0.40924 0.72327
vt 0.24219 0.89844
vt 0.24219 0.88281
vt 0.25 0.88281
vt 0.25 0.89844
vt 0.2891 0.79777
vt 0.29887 0.79782
vt 0.29788 0.80368
vt 0.28906 0.80363
vt 0.28916 0.78605
vt 0.29941 0.78611
vt 0.2891 0.79777
vt 0.29076 0.77206
vt 0.30053 0.77206
vt 0.28916 0.78605
vt 0.15238 0.796
vt 0.15171 0.79116
vt 0.16628 0.80651
vt 0.16761 0.81619
vt 0.15174 0.78627
vt 0.15225 0.79113
vt 0.13819 0.77531
vt 0.0228 0.8348
vt 0.01433 0.83705
vt 0.01175 0.83263
vt 0.02078 0.83007
vt 0.31255 0.52807
vt 0.31788 0.52806
vt 0.31813 0.54543
vt 0.3151 0.54586
vt 0.3125 0.52221
vt 0.31786 0.5222
vt 0.31255 0.52807
vt 0.31351 0.50781
vt 0.31836 0.50915
vt 0.3125 0.52221
vt 0.11577 0.61908
vt 0.11823 0.62211
vt 0.11001 0.63527
vt 0.10631 0.63277
vt 0.23041 0.985
vt 0.23745 0.98098
vt 0.23888 0.98437
vt 0.23216 0.98829
vt 0.32197 0.88869
vt 0.33985 0.88948
vt 0.33817 0.89551
vt 0.32031 0.89551
vt 0.32271 0.87875
vt 0.34058 0.87907
vt 0.33985 0.88948
vt 0.32863 0.866
vt 0.34306 0.86637
vt 0.34046 0.87907
vt 0.14403 0.7722
vt 0.15091 0.76858
vt 0.16228 0.77748
vt 0.47623 0.60106
vt 0.47104 0.60608
vt 0.33984 0.88949
vt 0.34878 0.88988
vt 0.34058 0.87907
vt 0.34952 0.87923
vt 0.34305 0.86642
vt 0.34945 0.86613
vt 0.14407 0.77218
vt 0.14516 0.7659
vt 0.23216 0.98829
vt 0.23888 0.98437
vt 0.24031 0.98776
vt 0.23391 0.99158
vt 0.11264 0.63662
vt 0.11823 0.62211
vt 0.12045 0.62499
vt 0.11263 0.64833
vt 0.10956 0.64833
vt 0.11002 0.63527
vt 0.11263 0.65419
vt 0.10951 0.65419
vt 0.11479 0.67075
vt 0.11122 0.67148
vt 0.1096 0.65419
vt 0.29788 0.80368
vt 0.29887 0.79782
vt 0.30863 0.79788
vt 0.29941 0.78611
vt 0.30966 0.78616
vt 0.3103 0.77206
vt 0.13064 0.95164
vt 0.1389 0.94583
vt 0.1495 0.97629
vt 0.12598 0.95892
vt 0.1495 0.97629
vt 0.1495 0.97629
vt 0.12257 0.96685
vt 0.1495 0.97629
vt 0.13786 0.99609
vt 0.13057 0.99255
vt 0.33818 0.89551
vt 0.33818 0.91406
vt 0.32031 0.91406
vt 0.32427 0.82031
vt 0.30664 0.82031
vt 0.30664 0.80371
vt 0.32427 0.80176
vt 0.29799 0.82031
vt 0.30664 0.80374
vt 0.17856 0.86459
vt 0.18086 0.86855
vt 0.16119 0.86954
vt 0.1565 0.86188
vt 0.08769 0.82346
vt 0.08557 0.8325
vt 0.06362 0.83177
vt 0.06405 0.82679
vt 0.06361 0.83186
vt 0.05406 0.82637
vt 0.05578 0.81602
vt 0.44582 0.75153
vt 0.44528 0.73519
vt 0.44881 0.7344
vt 0.4494 0.75035
vt 0.17654 0.595
vt 0.17298 0.59343
vt 0.17689 0.56635
vt 0.18014 0.56258
vt 0 0.48047
vt 0.00348 0.48494
vt 0.00196 0.51233
vt 0 0.5131
vt 0.34712 0.89551
vt 0.34712 0.91406
vt 0.18564 0.5429
vt 0.18265 0.54162
vt 0.18567 0.52734
vt 0.18876 0.5284
vt 0.18469 0.8546
vt 0.18822 0.86278
vt 0.17857 0.8646
vt 0.35605 0.91406
vt 0.35605 0.89551
vt 0.2359 0.5611
vt 0.23811 0.55859
vt 0.24609 0.57452
vt 0.24409 0.57742
vt 0.21141 0.54489
vt 0.21599 0.53125
vt 0.22035 0.54489
vt 0.23447 0.94531
vt 0.26122 0.94531
vt 0.26172 0.95312
vt 0.24831 0.95191
vt 0.4358 0.60602
vt 0.42188 0.59375
vt 0.44846 0.59375
vt 0.44881 0.73438
vt 0.45312 0.74922
vt 0.52456 0.8125
vt 0.52247 0.81736
vt 0.51562 0.8125
vt 0.53115 0.83594
vt 0.51693 0.83268
vt 0.53125 0.83268
vt 0.51562 0.92969
vt 0.48826 0.92969
vt 0.51458 0.92594
vt 0.15221 0.58563
vt 0.15456 0.5625
vt 0.15792 0.56383
vt 0.15522 0.58752
vt 0.05406 0.82637
vt 0.03975 0.83029
vt 0.03886 0.82496
vt 0.12257 0.96685
vt 0.27511 0.56224
vt 0.26646 0.56224
vt 0.25948 0.54688
vt 0.27686 0.56198
vt 0.28906 0.80363
vt 0.29799 0.82031
vt 0.2894 0.82031
vt 0.25781 0.56224
vt 0.14513 0.94313
vt 0.15349 0.94297
vt 0.14513 0.94313
vt 0.19752 0.85899
vt 0.1847 0.85461
vt 0.1495 0.97629
vt 0.16455 0.94712
vt 0.20312 0.54358
vt 0.21599 0.53125
vt 0.16663 0.55371
vt 0.29926 0.69044
vt 0.2948 0.71078
vt 0.2948 0.71078
vt 0.29446 0.72
vt 0.27089 0.71131
vt 0.26819 0.6875
vt 0.24584 0.82377
vt 0.22597 0.84976
vt 0.22892 0.82882
vt 0.21816 0.85083
vt 0.21942 0.83376
vt 0.20992 0.8387
vt 0.19752 0.859
vt 0.19491 0.85116
vt 0.19337 0.84827
vt 0.19666 0.85723
vt 0.18369 0.85329
vt 0.17558 0.84269
vt 0.17857 0.86461
vt 0.17523 0.85719
vt 0.10262 0.98438
vt 0.10922 0.99293
vt 0.08801 1
vt 0.07031 0.98438
vt 0.09375 0.80144
vt 0.06403 0.8268
vt 0.06503 0.8194
vt 0.06507 0.81911
vt 0.05578 0.81602
vt 0.06062 0.80286
vt 0.38311 0.54688
vt 0.39453 0.55898
vt 0.38929 0.5774
vt 0.38311 0.57224
vt 0.02079 0.83007
vt 0.01175 0.83264
vt 0.00698 0.82349
vt 0.0171 0.82056
vt 0.0281 0.97193
vt 0.02855 0.98168
vt 0.20329 0.7999
vt 0.19371 0.80005
vt 0.19124 0.79112
vt 0.2028 0.7907
vt 0.31778 0.70709
vt 0.30287 0.7074
vt 0.2948 0.71078
vt 0.40988 0.87658
vt 0.42175 0.87561
vt 0.42132 0.89055
vt 0.41323 0.89062
vt 0.02903 0.85688
vt 0.02436 0.85813
vt 0.01876 0.84302
vt 0.02568 0.84106
vt 0.10428 0.97631
vt 0.10304 0.96328
vt 0.12257 0.96685
vt 0.10327 0.96216
vt 0.11135 0.94999
vt 0.12597 0.95893
vt 0.1116 0.94958
vt 0.11972 0.93553
vt 0.13056 0.95177
vt 0.12108 0.93455
vt 0.13467 0.92932
vt 0.1389 0.94583
vt 0.13542 0.92915
vt 0.14333 0.92482
vt 0.14509 0.94315
vt 0.14509 0.94317
vt 0.15332 0.92491
vt 0.15334 0.94235
vt 0.15356 0.94299
vt 0.15559 0.92563
vt 0.16607 0.92704
vt 0.16745 0.94858
vt 0.16469 0.94693
vt 0.1706 0.92923
vt 0.17512 0.93141
vt 0.16745 0.94858
vt 0.19024 0.941
vt 0.17474 0.95394
vt 0.17474 0.95394
vt 0.1972 0.95861
vt 0.17802 0.96371
vt 0.17791 0.96374
vt 0.20165 0.96713
vt 0.18081 0.97154
vt 0.18077 0.97155
vt 0.19932 0.97992
vt 0.18089 0.98195
vt 0.17863 0.98841
vt 0.17975 0.98518
vt 0.19679 0.98663
vt 0.19426 0.99332
vt 0.39009 0.62962
vt 0.3817 0.62967
vt 0.38344 0.61408
vt 0.39457 0.61588
vt 0.02831 0.98729
vt 0.01647 0.98845
vt 0.01645 0.98305
vt 0.02855 0.98168
vt 0.01645 0.98305
vt 0.01581 0.97303
vt 0.02814 0.97192
vt 0.01417 0.95399
vt 0.02644 0.95299
vt 0.02644 0.95299
vt 0.01374 0.9479
vt 0.02594 0.94692
vt 0.0266 0.94685
vt 0.01442 0.94561
vt 0.01639 0.92913
vt 0.02818 0.93036
vt 0.01639 0.92913
vt 0.02151 0.9084
vt 0.26299 0.97695
vt 0.26244 0.98045
vt 0.26189 0.98394
vt 0.1296 0.8346
vt 0.13213 0.80857
vt 0.00333 0.52955
vt 0.00586 0.52955
vt 0.08554 0.8325
vt 0.08272 0.84286
vt 0.06668 0.84039
vt 0.06349 0.83283
vt 0.06587 0.84173
vt 0.05258 0.83566
vt 0.05422 0.82711
vt 0.05255 0.8358
vt 0.03952 0.83714
vt 0.03975 0.83032
vt 0.02568 0.84106
vt 0.01876 0.84302
vt 0.01433 0.83705
vt 0.0228 0.8348
vt 0.02875 0.9873
vt 0.04143 0.99642
vt 0.02957 0.99665
vt 0.02957 0.99664
vt 0.01842 0.99832
vt 0.0171 0.98945
vt 0.20236 0.81234
vt 0.19519 0.81242
vt 0.19417 0.80488
vt 0.20295 0.80472
vt 0.44438 0.52358
vt 0.44634 0.53125
vt 0.43333 0.53125
vt 0.42969 0.52309
vt 0.30462 0.72064
vt 0.30444 0.72974
vt 0.29494 0.73118
vt 0.29438 0.72403
vt 0.29446 0.73119
vt 0.27566 0.72899
vt 0.24195 0.85754
vt 0.24261 0.86724
vt 0.22471 0.86722
vt 0.22474 0.86737
vt 0.21974 0.86791
vt 0.21853 0.85908
vt 0.22434 0.85819
vt 0.21102 0.86077
vt 0.21117 0.86952
vt 0.20073 0.87119
vt 0.19947 0.86411
vt 0.20002 0.87131
vt 0.19004 0.871
vt 0.18821 0.86272
vt 0.18196 0.875
vt 0.18081 0.86844
vt 0.35156 0.53973
vt 0.35156 0.54638
vt 0.33312 0.54688
vt 0.32812 0.53738
vt 0.1365 0.7917
vt 0.14299 0.80547
vt 0.13973 0.80863
vt 0.13233 0.77552
vt 0.11713 0.79573
vt 0.48536 0.60156
vt 0.50391 0.60156
vt 0.48992 0.60678
vt 0.15355 0.52487
vt 0.15625 0.53125
vt 0.14376 0.51768
vt 0.50602 0.89062
vt 0.48796 0.89483
vt 0.47656 0.89062
vt 0.14952 0.53012
vt 0.14376 0.51768
vt 0.36719 0.52888
vt 0.35968 0.54688
vt 0.35968 0.51741
vt 0.05991 0.50342
vt 0.07418 0.50781
vt 0.05469 0.50781
vt 0.1819 0.82182
vt 0.20312 0.82182
vt 0.19238 0.82812
vt 0.34697 0.4882
vt 0.34375 0.5
vt 0.34375 0.47568
vt 0.49609 0.90625
vt 0.47542 0.91109
vt 0.46344 0.90625
vt 0.41065 0.92554
vt 0.41041 0.91294
vt 0.41797 0.90234
vt 0.30078 0.46473
vt 0.30078 0.48438
vt 0.30026 0.45173
vt 0.39858 0.92862
vt 0.41041 0.91294
vt 0.22616 0.97606
vt 0.23471 0.97346
vt 0.23728 0.98049
vt 0.23008 0.98399
vt 0.09986 0.6291
vt 0.11054 0.61328
vt 0.10623 0.63289
vt 0.25682 0.97688
vt 0.25066 0.97709
vt 0.24893 0.96837
vt 0.25612 0.96484
vt 0.26381 0.96818
vt 0.26279 0.97695
vt 0.09439 0.65161
vt 0.09534 0.64549
vt 0.103 0.64696
vt 0.10211 0.65275
vt 0.10625 0.6329
vt 0.103 0.64696
vt 0.09445 0.67054
vt 0.10212 0.65275
vt 0.10183 0.67082
vt 0.16406 0.56598
vt 0.16108 0.592
vt 0.15523 0.58744
vt 0.43966 0.75532
vt 0.4385 0.73627
vt 0.44529 0.73542
vt 0.1875 0.56402
vt 0.18374 0.59775
vt 0.18015 0.5625
vt 0.23047 0.89046
vt 0.19735 0.89046
vt 0.19708 0.88281
vt 0.22978 0.88285
vt 0.19531 0.53218
vt 0.1924 0.54661
vt 0.18876 0.52841
vt 0.23957 0.58244
vt 0.22957 0.56529
vt 0.24403 0.5773
vt 0.31396 0.95619
vt 0.29783 0.96815
vt 0.31033 0.95002
vt 0.33209 0.94426
vt 0.32302 0.95022
vt 0.31861 0.94424
vt 0.32698 0.93861
vt 0.34347 0.93061
vt 0.32686 0.93848
vt 0.33766 0.92578
vt 0.24663 0.72381
vt 0.24219 0.6882
vt 0.24975 0.6875
vt 0.109 0.54897
vt 0.10853 0.56979
vt 0.10212 0.54693
vt 0.47303 0.87449
vt 0.44591 0.87449
vt 0.44531 0.86719
vt 0.4691 0.86878
vt 0.08143 0.64765
vt 0.0787 0.66932
vt 0.07157 0.66759
vt 0.07376 0.64882
vt 0.08047 0.64153
vt 0.07371 0.64882
vt 0.07281 0.64303
vt 0.07589 0.62516
vt 0.07281 0.64303
vt 0.06951 0.62899
vt 0.06516 0.60938
vt 0.06951 0.62899
vt 0.28653 0.97674
vt 0.29308 0.98361
vt 0.289 0.98871
vt 0.28291 0.98428
vt 0.01412 0.90609
vt 0.01639 0.92913
vt 0.00506 0.92609
vt 0.00353 0.92744
vt 0.01442 0.94561
vt 0.00199 0.94418
vt 0.00112 0.94894
vt 0.01417 0.954
vt 0.00149 0.95506
vt 0.0015 0.95509
vt 0.01581 0.97303
vt 0.00306 0.97423
vt 0.00306 0.97423
vt 0.01588 0.98307
vt 0.00374 0.98377
vt 0.00435 0.98443
vt 0.01647 0.98845
vt 0.00462 0.9896
vt 0.00539 0.99161
vt 0.01842 0.99832
vt 0.00732 1
vt 0.37232 0.61228
vt 0.3817 0.62967
vt 0.37331 0.62973
vt 0.16412 0.99459
vt 0.26896 0.97698
vt 0.26381 0.96818
vt 0.27126 0.96703
vt 0.26784 0.98047
vt 0.26223 0.98045
vt 0.26672 0.98396
vt 0.26166 0.98394
vt 0.1296 0.80857
vt 0.12454 0.8346
vt 0.0008 0.52955
vt 0.0524 0.92808
vt 0.03677 0.9091
vt 0.04348 0.90759
vt 0.24139 0.96749
vt 0.25066 0.97709
vt 0.24468 0.97726
vt 0.2445 0.97695
vt 0.2456 0.98045
vt 0.24671 0.98394
vt 0.14477 0.8346
vt 0.13971 0.80857
vt 0.05275 0.94659
vt 0.03997 0.9302
vt 0.05272 0.92979
vt 0.0529 0.95294
vt 0.04017 0.9529
vt 0.04011 0.94679
vt 0.05277 0.94681
vt 0.05305 0.97233
vt 0.0529 0.95294
vt 0.05317 0.9821
vt 0.04114 0.98222
vt 0.04039 0.9721
vt 0.05272 0.988
vt 0.04053 0.98225
vt 0.05255 0.98282
vt 0.05333 0.99618
vt 0.04074 0.98765
vt 0.05269 0.988
vt 0.42943 0.89048
vt 0.43359 0.87464
vt 0.14515 0.99963
vt 0.37805 0.75809
vt 0.38628 0.76272
vt 0.3883 0.7801
vt 0.22981 0.98345
vt 0.2226 0.98718
vt 0.21928 0.9815
vt 0.23216 0.98829
vt 0.22543 0.99221
vt 0.22336 0.98902
vt 0.23391 0.99158
vt 0.2275 0.9954
vt 0.22543 0.99221
vt 0.14611 0.80239
vt 0.14931 0.79917
vt 0.16175 0.8208
vt 0.1495 0.79915
vt 0.14624 0.80231
vt 0.07057 0.92827
vt 0.0807 0.92728
vt 0.0821 0.94414
vt 0.08237 0.94701
vt 0.08264 0.95318
vt 0.07225 0.95331
vt 0.08261 0.95353
vt 0.08321 0.97253
vt 0.02723 0.81763
vt 0.02982 0.82751
vt 0.02079 0.83007
vt 0.03128 0.83254
vt 0.0228 0.8348
vt 0.0326 0.8391
vt 0.02568 0.84106
vt 0.0326 0.8391
vt 0.0337 0.85563
vt 0.02903 0.85688
vt 0.12831 0.98827
vt 0.12605 0.984
vt 0.21625 0.72785
vt 0.21552 0.74781
vt 0.27571 0.98055
vt 0.27827 0.97359
vt 0.28671 0.97636
vt 0.28126 0.98836
vt 0.27455 0.98441
vt 0.27599 0.98103
vt 0.28302 0.98508
vt 0.27311 0.9878
vt 0.27455 0.98441
vt 0.28126 0.98836
vt 0.12654 0.8054
vt 0.11883 0.82979
vt 0.11338 0.82509
vt 0.13348 0.79185
vt 0.12654 0.8054
vt 0.12339 0.80213
vt 0.21582 0.74781
vt 0.21606 0.76454
vt 0.20575 0.76453
vt 0.21606 0.76454
vt 0.21583 0.77069
vt 0.21435 0.79027
vt 0.20289 0.79069
vt 0.21287 0.79976
vt 0.20329 0.7999
vt 0.21174 0.80456
vt 0.20953 0.81226
vt 0.20236 0.81234
vt 0.35938 0.61842
vt 0.36585 0.61535
vt 0.37026 0.63127
vt 0.36721 0.63281
vt 0.17051 0.98656
vt 0.16838 0.98924
vt 0.18985 0.72977
vt 0.1954 0.74798
vt 0.18547 0.74819
vt 0.18521 0.74748
vt 0.19544 0.76451
vt 0.18513 0.76449
vt 0.18524 0.76436
vt 0.18483 0.77053
vt 0.18483 0.77052
vt 0.19133 0.79122
vt 0.17986 0.79175
vt 0.17969 0.79154
vt 0.19371 0.80005
vt 0.18414 0.8002
vt 0.18414 0.80019
vt 0.19418 0.80489
vt 0.1854 0.80506
vt 0.18539 0.80504
vt 0.19519 0.81242
vt 0.18803 0.8125
vt 0.17975 0.98518
vt 0.18087 0.98195
vt 0.29555 0.9935
vt 0.29308 0.98361
vt 0.30077 0.98794
vt 0.52357 0.55857
vt 0.51592 0.55486
vt 0.52403 0.55469
vt 0.29227 0.99933
vt 0.28797 0.9923
vt 0.29468 0.99625
vt 0.10756 0.82045
vt 0.10196 0.81588
vt 0.12024 0.79886
vt 0.39844 0.78103
vt 0.38628 0.76272
vt 0.39496 0.76238
vt 0.21095 0.98471
vt 0.22261 0.98718
vt 0.21554 0.99083
vt 0.21632 0.99304
vt 0.22543 0.99221
vt 0.21871 0.99613
vt 0.21871 0.99613
vt 0.2275 0.9954
vt 0.2211 0.99922
vt 0.14931 0.79917
vt 0.1524 0.79602
vt 0.09237 0.94324
vt 0.0807 0.92728
vt 0.09083 0.9263
vt 0.093 0.95326
vt 0.09268 0.94708
vt 0.09375 0.97264
vt 0.08261 0.95353
vt 0.09295 0.95374
vt 0.03885 0.82495
vt 0.02723 0.81763
vt 0.03736 0.81469
vt 0.03128 0.83255
vt 0.03885 0.82495
vt 0.0326 0.8391
vt 0.03128 0.83255
vt 0.03838 0.85439
vt 0.3611 0.75391
vt 0.3681 0.77831
vt 0.36134 0.77627
vt 0.05272 0.92976
vt 0.06155 0.94594
vt 0.05277 0.94681
vt 0.06192 0.95301
vt 0.0529 0.95295
vt 0.06214 0.97232
vt 0.05305 0.9724
vt 0.06209 0.97351
vt 0.06229 0.98383
vt 0.00271 0.83519
vt 0.01433 0.83705
vt 0.00585 0.8393
vt 0.00585 0.8393
vt 0.01876 0.84302
vt 0.01184 0.84498
vt 0.01184 0.84498
vt 0.02436 0.85813
vt 0.01969 0.85938
vt 0.24458 0.97695
vt 0.23471 0.97345
vt 0.2456 0.98045
vt 0.23745 0.98098
vt 0.24671 0.98394
vt 0.23888 0.98437
vt 0.1503 0.82999
vt 0.22316 0.74643
vt 0.21625 0.72785
vt 0.22421 0.72409
vt 0.27121 0.96724
vt 0.26896 0.97698
vt 0.27455 0.98441
vt 0.26784 0.98047
vt 0.27311 0.9878
vt 0.12454 0.83458
vt 0.12969 0.80867
vt 0.22512 0.76469
vt 0.21615 0.76455
vt 0.21639 0.74781
vt 0.22402 0.74787
vt 0.22485 0.77082
vt 0.21583 0.77069
vt 0.22512 0.76469
vt 0.22439 0.78997
vt 0.22474 0.77082
vt 0.22274 0.79938
vt 0.21317 0.79979
vt 0.21439 0.79027
vt 0.22095 0.80423
vt 0.21217 0.80463
vt 0.21317 0.79979
vt 0.2167 0.81218
vt 0.21173 0.80457
vt 0.22052 0.80441
vt 0.37331 0.62972
vt 0.36585 0.61535
vt 0.12109 0.483
vt 0.1121 0.48438
vt 0.11193 0.48228
vt 0.12051 0.48101
vt 0.13577 0.60384
vt 0.14684 0.60156
vt 0.15621 0.60343
vt 0.36788 0.89289
vt 0.36886 0.88624
vt 0.37113 0.87686
vt 0.52121 0.95127
vt 0.51733 0.95236
vt 0.51694 0.9503
vt 0.52039 0.94936
vt 0.51052 0.95312
vt 0.5104 0.95103
vt 0.51694 0.9503
vt 0.52734 0.72656
vt 0.51824 0.72656
vt 0.51852 0.7245
vt 0.52719 0.72447
vt 0.52556 0.77344
vt 0.51562 0.77344
vt 0.51579 0.77135
vt 0.52523 0.7714
vt 0.3805 0.875
vt 0.39157 0.87728
vt 0.11334 0.5
vt 0.10938 0.49935
vt 0.10997 0.49736
vt 0.1135 0.49791
vt 0.15848 0.6128
vt 0.10216 0.48438
vt 0.10249 0.48233
vt 0.11193 0.48229
vt 0.53125 0.67135
vt 0.52584 0.67188
vt 0.52575 0.66978
vt 0.53074 0.66935
vt 0.13389 0.615
vt 0.13431 0.62422
vt 0.1335 0.61949
vt 0.13657 0.62949
vt 0.52128 0.67188
vt 0.52137 0.66978
vt 0.52575 0.66978
vt 0.51648 0.67142
vt 0.51677 0.66934
vt 0.52137 0.66978
vt 0.51121 0.6704
vt 0.5119 0.66844
vt 0.51677 0.66934
vt 0.5248 0.75781
vt 0.51562 0.75781
vt 0.51581 0.75572
vt 0.52449 0.75576
vt 0.14685 0.63168
vt 0.50363 0.95312
vt 0.5 0.95246
vt 0.50061 0.95047
vt 0.50382 0.95104
vt 0.49487 0.49219
vt 0.48569 0.49219
vt 0.486 0.49014
vt 0.49469 0.4901
vt 0.50391 0.49064
vt 0.49468 0.4901
vt 0.50331 0.48864
vt 0.39077 0.90292
vt 0.38049 0.90511
vt 0.37117 0.90299
vt 0.36892 0.89967
vt 0.15617 0.62955
vt 0.52734 0.74219
vt 0.51817 0.74219
vt 0.51842 0.74012
vt 0.52717 0.7401
vt 0.50382 0.95104
vt 0.5104 0.95103
vt 0.13058 0.49817
vt 0.12705 0.49923
vt 0.12663 0.49718
vt 0.12975 0.49626
vt 0.15843 0.62624
vt 0.1202 0.5
vt 0.12009 0.4979
vt 0.12663 0.49718
vt 0.1135 0.49791
vt 0.12009 0.4979
vt 0.15946 0.61945
vt 0.36478 0.49219
vt 0.35938 0.49166
vt 0.35989 0.48966
vt 0.36487 0.49009
vt 0.36935 0.49219
vt 0.36487 0.49009
vt 0.36925 0.49009
vt 0.37414 0.49173
vt 0.36925 0.49009
vt 0.37385 0.48965
vt 0.37941 0.49071
vt 0.37385 0.48965
vt 0.37873 0.48875
vt 0.39384 0.89292
vt 0.39303 0.89766
vt 0.39345 0.88844
vt 0.43833 0.71832
vt 0.4403 0.71185
vt 0.44078 0.71233
vt 0.45414 0.56795
vt 0.45611 0.57445
vt 0.45535 0.57447
vt 0.45366 0.56843
vt 0.44005 0.72521
vt 0.44051 0.72474
vt 0.45439 0.58137
vt 0.45392 0.58091
vt 0.45535 0.57447
vt 0.45445 0.72493
vt 0.44532 0.72656
vt 0.45401 0.72446
vt 0.4492 0.58269
vt 0.44016 0.58101
vt 0.4406 0.58054
vt 0.44918 0.58192
vt 0.44005 0.72521
vt 0.4492 0.58268
vt 0.44918 0.58192
vt 0.45392 0.5809
vt 0.00758 0.8125
vt 0.00023 0.8125
vt 0.00047 0.80469
vt 0.00734 0.80469
vt 0.02344 0.48238
vt 0.02344 0.49219
vt 0.01562 0.49182
vt 0.01566 0.48274
vt 0.4562 0.71835
vt 0.45401 0.72446
vt 0.45546 0.71839
vt 0.43842 0.57447
vt 0.43917 0.57451
vt 0.4406 0.58054
vt 0.45383 0.7122
vt 0.45546 0.71839
vt 0.45338 0.71272
vt 0.4408 0.56837
vt 0.44125 0.56888
vt 0.43917 0.57451
vt 0.44537 0.71028
vt 0.45382 0.71221
vt 0.45337 0.71273
vt 0.44539 0.71104
vt 0.44917 0.56641
vt 0.44914 0.56716
vt 0.44125 0.56888
vt 0.32231 0.48438
vt 0.3125 0.48438
vt 0.31286 0.4838
vt 0.32194 0.48376
vt 0.49285 0.85156
vt 0.50324 0.85156
vt 0.5029 0.85938
vt 0.49319 0.85938
vt 0.4403 0.71185
vt 0.44539 0.71103
vt 0.44914 0.56716
vt 0.4562 0.68707
vt 0.45447 0.69396
vt 0.45401 0.69349
vt 0.45545 0.68709
vt 0.44015 0.63608
vt 0.43843 0.62916
vt 0.43918 0.62918
vt 0.44062 0.63561
vt 0.45424 0.6806
vt 0.45545 0.68709
vt 0.44039 0.62265
vt 0.44088 0.62313
vt 0.43918 0.62918
vt 0.52543 0.69531
vt 0.51562 0.69531
vt 0.51599 0.69474
vt 0.52507 0.6947
vt 0.4492 0.69531
vt 0.44007 0.69369
vt 0.44918 0.69454
vt 0.45437 0.63571
vt 0.44533 0.63739
vt 0.44536 0.63662
vt 0.45393 0.63524
vt 0.4492 0.69531
vt 0.44917 0.69455
vt 0.45401 0.69349
vt 0.18727 0.92188
vt 0.17992 0.92188
vt 0.18016 0.91406
vt 0.18703 0.91406
vt 0.44005 0.69369
vt 0.43833 0.6871
vt 0.43907 0.68714
vt 0.44049 0.69321
vt 0.4561 0.62917
vt 0.45393 0.63524
vt 0.45536 0.62921
vt 0.44072 0.68095
vt 0.44116 0.68147
vt 0.43907 0.68714
vt 0.45372 0.62306
vt 0.45536 0.62921
vt 0.45328 0.62358
vt 0.50781 0.50582
vt 0.50781 0.51562
vt 0.5 0.51526
vt 0.50004 0.50618
vt 0.49285 0.83594
vt 0.50324 0.83594
vt 0.5029 0.84375
vt 0.49319 0.84375
vt 0.44917 0.67903
vt 0.44914 0.67978
vt 0.44536 0.62109
vt 0.45328 0.62358
vt 0.44539 0.62185
vt 0.45424 0.6806
vt 0.44914 0.67978
vt 0.44537 0.62111
vt 0.44539 0.62187
vt 0.21036 0.85179
vt 0.21037 0.85179
vt 0.21273 0.85997
vt 0.21474 0.86846
vt 0.16193 0.94529
vt 0.31024 0.94987
vt 0.03458 0.6187
vt 0.03516 0.61805
vt 0.23662 0.54688
usemtl mat0
f 278/278/110 279/279/110 280/280/110
f 281/281/111 282/282/111 283/283/111
f 281/281/111 283/283/111 284/284/111
f 285/285/112 286/286/112 287/287/112
f 285/285/112 287/287/112 288/288/112
f 289/289/113 290/290/113 291/291/113
f 292/292/114 293/293/114 278/278/114
f 292/292/115 294/294/115 295/295/115
f 292/292/115 295/295/115 293/293/115
f 285/285/116 296/296/116 297/297/116
f 285/285/116 297/297/116 298/298/116
f 289/289/117 299/299/117 300/300/117
f 301/301/118 302/302/118 303/303/118
f 304/304/119 305/305/119 306/306/119
f 304/304/119 306/306/119 307/307/119
f 308/308/120 309/309/120 310/310/120
f 308/308/120 310/310/120 311/311/120
f 312/312/121 313/313/121 314/314/121
f 315/315/122 316/316/122 301/301/122
f 304/304/123 317/317/123 318/318/123
f 304/304/123 318/318/123 319/319/123
f 320/320/124 321/321/124 322/322/124
f 320/320/124 322/322/124 323/323/124
f 324/324/125 325/325/125 326/326/125
f 327/327/126 328/328/126 329/329/126
f 329/329/127 328/328/127 330/330/127
f 329/329/127 330/330/127 331/331/127
f 332/332/128 333/333/128 334/334/128
f 332/332/128 334/334/128 335/335/128
f 336/336/129 337/337/129 338/338/129
f 329/329/130 339/339/130 340/340/130
f 329/329/131 341/341/131 342/342/131
f 329/329/131 342/342/131 343/343/131
f 332/332/132 344/344/132 345/345/132
f 332/332/132 345/345/132 346/346/132
f 336/336/133 347/347/133 348/348/133
f 349/349/134 350/350/134 351/351/134
f 349/349/135 342/342/135 352/352/135
f 349/349/135 352/352/135 353/353/135
f 354/354/136 355/355/136 356/356/136
f 354/354/136 356/356/136 357/357/136
f 336/336/137 358/358/137 359/359/137
f 360/360/138 361/361/138 362/362/138
f 360/360/139 352/352/139 363/363/139
f 360/360/139 363/363/139 361/361/139
f 364/364/140 356/356/140 365/365/140
f 364/364/140 365/365/140 366/366/140
f 367/367/141 368/368/141 369/369/141
f 361/361/142 370/370/142 371/371/142
f 361/361/143 363/363/143 372/372/143
f 361/361/143 372/372/143 370/370/143
f 373/373/144 365/365/144 374/374/144
f 373/373/144 374/374/144 375/375/144
f 367/367/145 376/376/145 377/377/145
f 370/370/146 378/378/146 379/379/146
f 370/370/147 372/372/147 380/380/147
f 370/370/147 380/380/147 378/378/147
f 375/375/148 374/374/148 381/381/148
f 375/375/148 381/381/148 382/382/148
f 367/367/149 377/377/149 383/383/149
f 378/378/150 384/384/150 385/385/150
f 378/378/151 380/380/151 386/386/151
f 378/378/151 386/386/151 384/384/151
f 387/387/152 388/388/152 389/389/152
f 387/387/152 389/389/152 390/390/152
f 367/367/153 391/391/153 392/392/153
f 384/384/154 393/393/154 394/394/154
f 384/384/155 386/386/155 395/395/155
f 384/384/155 395/395/155 393/393/155
f 390/390/156 389/389/156 396/396/156
f 390/390/156 396/396/156 397/397/156
f 367/367/157 398/398/157 399/399/157
f 400/400/158 401/401/158 402/402/158
f 400/400/158 402/402/158 403/403/158
f 404/404/159 405/405/159 406/406/159
f 403/403/160 407/407/160 408/408/160
f 409/409/161 410/410/161 411/411/161
f 412/412/162 330/330/162 413/413/162
f 412/412/162 413/413/162 414/414/162
f 415/415/163 416/416/163 327/327/163
f 417/417/164 334/334/164 418/418/164
f 417/417/164 418/418/164 403/403/164
f 411/411/165 419/419/165 336/336/165
f 420/420/166 402/402/166 421/421/166
f 420/420/166 421/421/166 422/422/166
f 316/316/159 405/405/159 404/404/159
f 322/322/167 423/423/167 424/424/167
f 322/322/167 424/424/167 425/425/167
f 326/326/168 426/426/168 427/427/168
f 428/428/169 429/429/169 430/430/169
f 428/428/169 430/430/169 431/431/169
f 432/432/170 433/433/170 434/434/170
f 432/432/170 434/434/170 435/435/170
f 278/278/110 436/436/110 437/437/110
f 438/438/171 439/439/171 440/440/171
f 431/431/172 287/287/172 441/441/172
f 431/431/172 441/441/172 442/442/172
f 443/443/173 283/283/173 444/444/173
f 443/443/173 444/444/173 445/445/173
f 437/437/110 279/279/110 278/278/110
f 446/446/174 447/447/174 438/438/174
f 396/396/175 430/430/175 448/448/175
f 396/396/175 448/448/175 449/449/175
f 395/395/176 434/434/176 436/436/176
f 395/395/176 436/436/176 450/450/176
f 451/451/110 436/436/110 278/278/110
f 452/452/177 439/439/177 367/367/177
f 407/407/178 423/423/178 453/453/178
f 454/454/179 310/310/179 455/455/179
f 454/454/179 455/455/179 456/456/179
f 295/295/119 306/306/119 305/305/119
f 295/295/119 305/305/119 293/293/119
f 293/293/118 302/302/118 301/301/118
f 300/300/180 457/457/180 312/312/180
f 458/458/181 459/459/181 460/460/181
f 461/461/182 462/462/182 463/463/182
f 461/461/182 463/463/182 464/464/182
f 465/465/183 466/466/183 467/467/183
f 465/465/183 467/467/183 468/468/183
f 469/469/184 470/470/184 471/471/184
f 459/459/185 472/472/185 460/460/185
f 473/473/186 474/474/186 475/475/186
f 473/473/186 475/475/186 476/476/186
f 477/477/187 478/478/187 479/479/187
f 477/477/187 479/479/187 480/480/187
f 481/481/188 469/469/188 471/471/188
f 472/472/189 482/482/189 460/460/189
f 483/483/190 484/484/190 485/485/190
f 483/483/190 485/485/190 486/486/190
f 487/487/191 488/488/191 489/489/191
f 487/487/191 489/489/191 490/490/191
f 491/491/192 481/481/192 492/492/192
f 482/482/193 493/493/193 494/494/193
f 495/495/194 496/496/194 497/497/194
f 495/495/194 497/497/194 498/498/194
f 499/499/195 500/500/195 501/501/195
f 499/499/195 501/501/195 502/502/195
f 503/503/196 491/491/196 504/504/196
f 505/505/197 506/506/197 507/507/197
f 508/508/198 509/509/198 510/510/198
f 508/508/198 510/510/198 511/511/198
f 512/512/199 513/513/199 514/514/199
f 512/512/199 514/514/199 515/515/199
f 516/516/200 517/517/200 518/518/200
f 519/519/201 520/520/201 521/521/201
f 522/522/202 523/523/202 524/524/202
f 522/522/202 524/524/202 525/525/202
f 526/526/203 527/527/203 528/528/203
f 526/526/203 528/528/203 529/529/203
f 530/530/204 531/531/204 532/532/204
f 533/533/205 519/519/205 534/534/205
f 535/535/206 536/536/206 537/537/206
f 535/535/206 537/537/206 538/538/206
f 539/539/207 540/540/207 541/541/207
f 539/539/207 541/541/207 542/542/207
f 531/531/208 543/543/208 544/544/208
f 493/493/209 533/533/209 545/545/209
f 546/546/210 547/547/210 548/548/210
f 546/546/210 548/548/210 549/549/210
f 550/550/211 551/551/211 552/552/211
f 550/550/211 552/552/211 553/553/211
f 543/543/212 503/503/212 544/544/212
f 554/554/213 555/555/213 556/556/213
f 554/554/213 556/556/213 557/557/213
f 555/555/213 558/558/213 559/559/213
f 555/555/213 559/559/213 556/556/213
f 560/560/214 561/561/214 562/562/214
f 560/560/214 562/562/214 563/563/214
f 564/564/215 565/565/215 566/566/215
f 564/564/215 566/566/215 567/567/215
f 568/568/216 569/569/216 570/570/216
f 568/568/216 570/570/216 571/571/216
f 572/572/217 573/573/217 574/574/217
f 572/572/217 574/574/217 575/575/217
f 576/576/218 577/577/218 578/578/218
f 576/576/218 578/578/218 579/579/218
f 580/580/218 581/581/218 582/582/218
f 580/580/218 582/582/218 583/583/218
f 584/584/219 585/585/219 586/586/219
f 584/584/219 586/586/219 587/587/219
f 588/588/220 589/589/220 590/590/220
f 588/588/220 590/590/220 591/591/220
f 592/592/221 593/593/221 594/594/221
f 592/592/221 594/594/221 595/595/221
f 596/596/222 597/597/222 598/598/222
f 596/596/222 598/598/222 599/599/222
f 597/597/222 600/600/222 601/601/222
f 597/597/222 601/601/222 598/598/222
f 600/600/222 602/602/222 603/603/222
f 600/600/222 603/603/222 601/601/222
f 604/604/223 605/605/223 606/606/223
f 604/604/223 606/606/223 607/607/223
f 608/608/224 609/609/224 610/610/224
f 608/608/224 610/610/224 611/611/224
f 611/611/225 612/612/225 613/613/225
f 611/611/225 613/613/225 614/614/225
f 615/615/226 616/616/226 617/617/226
f 615/615/226 617/617/226 618/618/226
f 619/619/227 617/617/227 620/620/227
f 619/619/227 620/620/227 621/621/227
f 622/622/228 623/623/228 624/624/228
f 622/622/228 624/624/228 625/625/228
f 626/626/229 627/627/229 623/623/229
f 626/626/229 623/623/229 628/628/229
f 629/629/229 630/630/229 631/631/229
f 629/629/229 631/631/229 632/632/229
f 633/633/229 634/634/229 630/630/229
f 633/633/229 630/630/229 629/629/229
f 635/635/229 636/636/229 637/637/229
f 635/635/229 637/637/229 638/638/229
f 639/639/230 640/640/230 641/641/230
f 639/639/230 641/641/230 642/642/230
f 643/643/229 644/644/229 645/645/229
f 643/643/229 645/645/229 646/646/229
f 644/644/229 647/647/229 648/648/229
f 644/644/229 648/648/229 645/645/229
f 647/647/229 649/649/229 650/650/229
f 647/647/229 650/650/229 648/648/229
f 649/649/229 651/651/229 652/652/229
f 649/649/229 652/652/229 650/650/229
f 653/653/231 654/654/231 655/655/231
f 653/653/231 655/655/231 656/656/231
f 657/657/232 658/658/232 659/659/232
f 657/657/232 659/659/232 660/660/232
f 661/661/233 662/662/233 663/663/233
f 661/661/233 663/663/233 664/664/233
f 665/665/233 666/666/233 662/662/233
f 665/665/233 662/662/233 661/661/233
f 667/667/234 668/668/234 666/666/234
f 667/667/234 666/666/234 669/669/234
f 670/670/235 671/671/235 672/672/235
f 670/670/235 672/672/235 673/673/235
f 674/674/236 675/675/236 676/676/236
f 674/674/236 676/676/236 677/677/236
f 678/678/237 679/679/237 680/680/237
f 678/678/237 680/680/237 681/681/237
f 682/682/238 683/683/238 684/684/238
f 682/682/238 684/684/238 685/685/238
f 686/686/238 687/687/238 683/683/238
f 686/686/238 683/683/238 682/682/238
f 688/688/239 689/689/239 687/687/239
f 688/688/239 687/687/239 690/690/239
f 691/691/240 692/692/240 689/689/240
f 691/691/240 689/689/240 693/693/240
f 694/694/241 695/695/241 675/675/241
f 694/694/241 675/675/241 696/696/241
f 697/697/242 678/678/242 698/698/242
f 697/697/242 698/698/242 699/699/242
f 700/700/243 682/682/243 685/685/243
f 700/700/243 685/685/243 701/701/243
f 702/702/243 686/686/243 682/682/243
f 702/702/243 682/682/243 700/700/243
f 703/703/244 688/688/244 704/704/244
f 703/703/244 704/704/244 705/705/244
f 706/706/245 691/691/245 707/707/245
f 706/706/245 707/707/245 708/708/245
f 709/709/246 710/710/246 711/711/246
f 709/709/246 711/711/246 712/712/246
f 713/713/247 714/714/247 715/715/247
f 713/713/247 715/715/247 716/716/247
f 717/717/248 700/700/248 701/701/248
f 717/717/248 701/701/248 718/718/248
f 719/719/248 702/702/248 700/700/248
f 719/719/248 700/700/248 717/717/248
f 720/720/249 703/703/249 721/721/249
f 720/720/249 721/721/249 722/722/249
f 723/723/250 706/706/250 724/724/250
f 723/723/250 724/724/250 725/725/250
f 726/726/251 727/727/251 588/588/251
f 726/726/251 588/588/251 728/728/251
f 726/726/252 729/729/252 730/730/252
f 726/726/252 730/730/252 727/727/252
f 731/731/253 732/732/253 733/733/253
f 731/731/253 733/733/253 734/734/253
f 735/735/254 736/736/254 732/732/254
f 735/735/254 732/732/254 731/731/254
f 737/737/254 738/738/254 739/739/254
f 737/737/254 739/739/254 740/740/254
f 741/741/255 742/742/255 738/738/255
f 741/741/255 738/738/255 737/737/255
f 581/581/256 580/580/256 743/743/256
f 581/581/256 743/743/256 744/744/256
f 745/745/257 746/746/257 585/585/257
f 745/745/257 585/585/257 747/747/257
f 745/745/252 748/748/252 749/749/252
f 745/745/252 749/749/252 746/746/252
f 750/750/253 751/751/253 752/752/253
f 750/750/253 752/752/253 753/753/253
f 754/754/254 755/755/254 751/751/254
f 754/754/254 751/751/254 750/750/254
f 756/756/258 757/757/258 755/755/258
f 756/756/258 755/755/258 758/758/258
f 759/759/259 760/760/259 757/757/259
f 759/759/259 757/757/259 761/761/259
f 579/579/256 578/578/256 760/760/256
f 579/579/256 760/760/256 759/759/256
f 762/762/260 763/763/260 764/764/260
f 762/762/260 764/764/260 765/765/260
f 764/764/261 766/766/261 767/767/261
f 764/764/261 767/767/261 765/765/261
f 768/768/262 769/769/262 770/770/262
f 768/768/262 770/770/262 771/771/262
f 771/771/263 770/770/263 772/772/263
f 771/771/263 772/772/263 773/773/263
f 773/773/263 772/772/263 774/774/263
f 773/773/263 774/774/263 775/775/263
f 775/775/264 774/774/264 776/776/264
f 775/775/264 776/776/264 777/777/264
f 777/777/264 776/776/264 561/561/264
f 777/777/264 561/561/264 560/560/264
f 778/778/265 779/779/265 780/780/265
f 778/778/265 780/780/265 781/781/265
f 778/778/266 782/782/266 783/783/266
f 778/778/266 783/783/266 784/784/266
f 785/785/267 786/786/267 787/787/267
f 785/785/267 787/787/267 788/788/267
f 789/789/268 790/790/268 786/786/268
f 789/789/268 786/786/268 791/791/268
f 792/792/269 793/793/269 790/790/269
f 792/792/269 790/790/269 789/789/269
f 794/794/268 795/795/268 793/793/268
f 794/794/268 793/793/268 792/792/268
f 565/565/270 564/564/270 795/795/270
f 565/565/270 795/795/270 796/796/270
f 797/797/271 798/798/271 799/799/271
f 797/797/271 799/799/271 778/778/271
f 800/800/272 801/801/272 802/802/272
f 800/800/272 802/802/272 803/803/272
f 804/804/273 805/805/273 801/801/273
f 804/804/273 801/801/273 806/806/273
f 807/807/274 808/808/274 805/805/274
f 807/807/274 805/805/274 804/804/274
f 809/809/275 810/810/275 808/808/275
f 809/809/275 808/808/275 807/807/275
f 811/811/276 812/812/276 810/810/276
f 811/811/276 810/810/276 809/809/276
f 813/813/277 814/814/277 815/815/277
f 813/813/277 815/815/277 816/816/277
f 658/658/278 817/817/278 818/818/278
f 658/658/278 818/818/278 819/819/278
f 662/662/279 820/820/279 821/821/279
f 662/662/279 821/821/279 663/663/279
f 822/822/280 823/823/280 824/824/280
f 822/822/280 824/824/280 825/825/280
f 826/826/281 827/827/281 823/823/281
f 826/826/281 823/823/281 828/828/281
f 671/671/279 829/829/279 827/827/279
f 671/671/279 827/827/279 830/830/279
f 831/831/282 832/832/282 833/833/282
f 831/831/282 833/833/282 834/834/282
f 835/835/283 718/718/283 836/836/283
f 835/835/283 836/836/283 837/837/283
f 838/838/284 717/717/284 718/718/284
f 838/838/284 718/718/284 835/835/284
f 839/839/285 719/719/285 717/717/285
f 839/839/285 717/717/285 840/840/285
f 841/841/286 842/842/286 719/719/286
f 841/841/286 719/719/286 843/843/286
f 844/844/287 723/723/287 845/845/287
f 844/844/287 845/845/287 846/846/287
f 847/847/288 848/848/288 832/832/288
f 847/847/288 832/832/288 849/849/288
f 732/732/289 850/850/289 851/851/289
f 732/732/289 851/851/289 733/733/289
f 736/736/290 852/852/290 853/853/290
f 736/736/290 853/853/290 854/854/290
f 738/738/291 855/855/291 856/856/291
f 738/738/291 856/856/291 857/857/291
f 742/742/292 858/858/292 859/859/292
f 742/742/292 859/859/292 860/860/292
f 580/580/293 861/861/293 862/862/293
f 580/580/293 862/862/293 863/863/293
f 864/864/284 865/865/284 866/866/284
f 864/864/284 866/866/284 867/867/284
f 868/868/294 869/869/294 870/870/294
f 868/868/294 870/870/294 871/871/294
f 583/583/295 872/872/295 873/873/295
f 874/874/296 580/580/296 583/583/296
f 874/874/296 583/583/296 873/873/296
f 812/812/276 811/811/276 875/875/276
f 812/812/276 875/875/276 876/876/276
f 877/877/279 671/671/279 878/878/279
f 877/877/279 878/878/279 879/879/279
f 671/671/297 880/880/297 881/881/297
f 671/671/297 881/881/297 878/878/297
f 692/692/238 691/691/238 882/882/238
f 692/692/238 882/882/238 883/883/238
f 691/691/243 706/706/243 884/884/243
f 691/691/243 884/884/243 885/885/243
f 706/706/248 864/864/248 867/867/248
f 706/706/248 867/867/248 884/884/248
f 886/886/298 878/878/298 887/887/298
f 886/886/298 887/887/298 888/888/298
f 878/878/299 889/889/299 890/890/299
f 878/878/299 890/890/299 891/891/299
f 889/889/300 882/882/300 892/892/300
f 889/889/300 892/892/300 893/893/300
f 894/894/301 895/895/301 896/896/301
f 894/894/301 896/896/301 897/897/301
f 895/895/302 898/898/302 899/899/302
f 895/895/302 899/899/302 900/900/302
f 901/901/303 641/641/303 902/902/303
f 901/901/303 902/902/303 903/903/303
f 904/904/304 645/645/304 905/905/304
f 904/904/304 905/905/304 906/906/304
f 645/645/305 907/907/305 908/908/305
f 645/645/305 908/908/305 909/909/305
f 907/907/305 910/910/305 911/911/305
f 907/907/305 911/911/305 908/908/305
f 910/910/306 912/912/306 913/913/306
f 910/910/306 913/913/306 914/914/306
f 797/797/307 915/915/307 916/916/307
f 797/797/307 916/916/307 917/917/307
f 813/813/308 918/918/308 919/919/308
f 813/813/308 919/919/308 920/920/308
f 653/653/309 921/921/309 922/922/309
f 653/653/309 922/922/309 923/923/309
f 924/924/310 925/925/310 926/926/310
f 924/924/310 926/926/310 927/927/310
f 928/928/311 924/924/311 929/929/311
f 928/928/311 929/929/311 930/930/311
f 931/931/312 932/932/312 933/933/312
f 931/931/312 933/933/312 934/934/312
f 831/831/313 834/834/313 935/935/313
f 831/831/313 935/935/313 936/936/313
f 847/847/314 937/937/314 868/868/314
f 847/847/314 868/868/314 938/938/314
f 939/939/315 940/940/315 941/941/315
f 939/939/315 941/941/315 942/942/315
f 943/943/316 944/944/316 945/945/316
f 943/943/316 945/945/316 946/946/316
f 947/947/317 948/948/317 949/949/317
f 947/947/317 949/949/317 950/950/317
f 951/951/318 952/952/318 953/953/318
f 951/951/318 953/953/318 954/954/318
f 594/594/223 955/955/223 956/956/223
f 594/594/223 956/956/223 957/957/223
f 958/958/214 562/562/214 561/561/214
f 958/958/214 561/561/214 959/959/214
f 960/960/264 961/961/264 962/962/264
f 960/960/264 962/962/264 963/963/264
f 963/963/264 962/962/264 964/964/264
f 963/963/264 964/964/264 965/965/264
f 965/965/319 964/964/319 966/966/319
f 965/965/319 966/966/319 967/967/319
f 967/967/263 966/966/263 968/968/263
f 967/967/263 968/968/263 969/969/263
f 969/969/262 968/968/262 970/970/262
f 969/969/262 970/970/262 787/787/262
f 784/784/261 971/971/261 766/766/261
f 784/784/261 766/766/261 764/764/261
f 784/784/260 764/764/260 763/763/260
f 784/784/260 763/763/260 972/972/260
f 639/639/320 624/624/320 973/973/320
f 639/639/320 973/973/320 974/974/320
f 643/643/229 973/973/229 975/975/229
f 643/643/229 975/975/229 644/644/229
f 976/976/318 953/953/318 952/952/318
f 976/976/318 952/952/318 977/977/318
f 978/978/229 631/631/229 630/630/229
f 978/978/229 630/630/229 979/979/229
f 979/979/229 630/630/229 634/634/229
f 979/979/229 634/634/229 980/980/229
f 981/981/315 941/941/315 940/940/315
f 981/981/315 940/940/315 982/982/315
f 649/649/229 637/637/229 636/636/229
f 649/649/229 636/636/229 651/651/229
f 983/983/321 984/984/321 985/985/321
f 983/983/321 985/985/321 986/986/321
f 986/986/322 987/987/322 746/746/322
f 986/986/322 746/746/322 988/988/322
f 746/746/252 749/749/252 729/729/252
f 746/746/252 729/729/252 726/726/252
f 734/734/253 989/989/253 990/990/253
f 734/734/253 990/990/253 731/731/253
f 731/731/254 990/990/254 755/755/254
f 731/731/254 755/755/254 735/735/254
f 735/735/323 755/755/323 991/991/323
f 735/735/323 991/991/323 992/992/323
f 737/737/324 991/991/324 993/993/324
f 737/737/324 993/993/324 994/994/324
f 744/744/256 993/993/256 995/995/256
f 744/744/256 995/995/256 581/581/256
f 581/581/218 995/995/218 996/996/218
f 581/581/218 996/996/218 582/582/218
f 572/572/217 997/997/217 998/998/217
f 572/572/217 998/998/217 573/573/217
f 603/603/222 999/999/222 1000/1000/222
f 603/603/222 1000/1000/222 601/601/222
f 601/601/222 1000/1000/222 1001/1001/222
f 601/601/222 1001/1001/222 598/598/222
f 598/598/222 1001/1001/222 1002/1002/222
f 598/598/222 1002/1002/222 599/599/222
f 1003/1003/325 1004/1004/325 1005/1005/325
f 1003/1003/325 1005/1005/325 892/892/325
f 1006/1006/326 1007/1007/326 1008/1008/326
f 1006/1006/326 1008/1008/326 1009/1009/326
f 1010/1010/327 1011/1011/327 1012/1012/327
f 1010/1010/327 1012/1012/327 594/594/327
f 1013/1013/328 1014/1014/328 1015/1015/328
f 1013/1013/328 1015/1015/328 1016/1016/328
f 1017/1017/329 1010/1010/329 1018/1018/329
f 1017/1017/329 1018/1018/329 1019/1019/329
f 1007/1007/330 1020/1020/330 616/616/330
f 1007/1007/330 616/616/330 1008/1008/330
f 1020/1020/331 1021/1021/331 617/617/331
f 1020/1020/331 617/617/331 616/616/331
f 1022/1022/332 1003/1003/332 897/897/332
f 1022/1022/332 897/897/332 1023/1023/332
f 1024/1024/333 1022/1022/333 1025/1025/333
f 1024/1024/333 1025/1025/333 1026/1026/333
f 1027/1027/334 1028/1028/334 1029/1029/334
f 1027/1027/334 1029/1029/334 1030/1030/334
f 1031/1031/335 1027/1027/335 1032/1032/335
f 1031/1031/335 1032/1032/335 998/998/335
f 1033/1033/336 1031/1031/336 1034/1034/336
f 1033/1033/336 1034/1034/336 1035/1035/336
f 1036/1036/326 1037/1037/326 1007/1007/326
f 1036/1036/326 1007/1007/326 1006/1006/326
f 1038/1038/337 1039/1039/337 1040/1040/337
f 1038/1038/337 1040/1040/337 1041/1041/337
f 1042/1042/338 1043/1043/338 1004/1004/338
f 1042/1042/338 1004/1004/338 1003/1003/338
f 1043/1043/339 1044/1044/339 1045/1045/339
f 1043/1043/339 1045/1045/339 1004/1004/339
f 1046/1046/340 1047/1047/340 1048/1048/340
f 1046/1046/340 1048/1048/340 1049/1049/340
f 1037/1037/330 1050/1050/330 1020/1020/330
f 1037/1037/330 1020/1020/330 1007/1007/330
f 1050/1050/331 1051/1051/331 1021/1021/331
f 1050/1050/331 1021/1021/331 1020/1020/331
f 1052/1052/341 1053/1053/341 1054/1054/341
f 1052/1052/341 1054/1054/341 1055/1055/341
f 1056/1056/342 1057/1057/342 1058/1058/342
f 1056/1056/342 1058/1058/342 1059/1059/342
f 1060/1060/343 1061/1061/343 1062/1062/343
f 1060/1060/343 1062/1062/343 1063/1063/343
f 1064/1064/290 1065/1065/290 1066/1066/290
f 1064/1064/290 1066/1066/290 1067/1067/290
f 1061/1061/344 1042/1042/344 1003/1003/344
f 1061/1061/344 1003/1003/344 1062/1062/344
f 1068/1068/345 898/898/345 1069/1069/345
f 1070/1070/343 1071/1071/343 1061/1061/343
f 1070/1070/343 1061/1061/343 1060/1060/343
f 1072/1072/290 1073/1073/290 1065/1065/290
f 1072/1072/290 1065/1065/290 1064/1064/290
f 1074/1074/341 1075/1075/341 1053/1053/341
f 1074/1074/341 1053/1053/341 1052/1052/341
f 1076/1076/342 1077/1077/342 1057/1057/342
f 1076/1076/342 1057/1057/342 1056/1056/342
f 1078/1078/331 1079/1079/331 1051/1051/331
f 1078/1078/331 1051/1051/331 1050/1050/331
f 1071/1071/344 1080/1080/344 1042/1042/344
f 1071/1071/344 1042/1042/344 1061/1061/344
f 1081/1081/330 1078/1078/330 1050/1050/330
f 1081/1081/330 1050/1050/330 1037/1037/330
f 1082/1082/326 1081/1081/326 1037/1037/326
f 1082/1082/326 1037/1037/326 1036/1036/326
f 1083/1083/337 1084/1084/337 1039/1039/337
f 1083/1083/337 1039/1039/337 1038/1038/337
f 1085/1085/339 1086/1086/339 1044/1044/339
f 1085/1085/339 1044/1044/339 1043/1043/339
f 1087/1087/340 1088/1088/340 1047/1047/340
f 1087/1087/340 1047/1047/340 1046/1046/340
f 1080/1080/338 1085/1085/338 1043/1043/338
f 1080/1080/338 1043/1043/338 1042/1042/338
f 1089/1089/346 1090/1090/346 1091/1091/346
f 1089/1089/346 1091/1091/346 1092/1092/346
f 1093/1093/347 1094/1094/347 1095/1095/347
f 1093/1093/347 1095/1095/347 1096/1096/347
f 1097/1097/348 1098/1098/348 1099/1099/348
f 1097/1097/348 1099/1099/348 1100/1100/348
f 1101/1101/349 1102/1102/349 1103/1103/349
f 1101/1101/349 1103/1103/349 1104/1104/349
f 1105/1105/350 1106/1106/350 1107/1107/350
f 1105/1105/350 1107/1107/350 1108/1108/350
f 1090/1090/351 1109/1109/351 1110/1110/351
f 1090/1090/351 1110/1110/351 1091/1091/351
f 1111/1111/352 1105/1105/352 1108/1108/352
f 1111/1111/352 1108/1108/352 1112/1112/352
f 1113/1113/353 1111/1111/353 1114/1114/353
f 1113/1113/353 1114/1114/353 1115/1115/353
f 1116/1116/354 1117/1117/354 1118/1118/354
f 1116/1116/354 1118/1118/354 1119/1119/354
f 1120/1120/355 1121/1121/355 1122/1122/355
f 1120/1120/355 1122/1122/355 1123/1123/355
f 1124/1124/356 1125/1125/356 1126/1126/356
f 1124/1124/356 1126/1126/356 1127/1127/356
f 1109/1109/357 1128/1128/357 1129/1129/357
f 1109/1109/357 1129/1129/357 1130/1130/357
f 1131/1131/358 1132/1132/358 1133/1133/358
f 1131/1131/358 1133/1133/358 1134/1134/358
f 1135/1135/359 1136/1136/359 1094/1094/359
f 1135/1135/359 1094/1094/359 1137/1137/359
f 1138/1138/360 1135/1135/360 1139/1139/360
f 1138/1138/360 1139/1139/360 1140/1140/360
f 1141/1141/361 1142/1142/361 1143/1143/361
f 1141/1141/361 1143/1143/361 1144/1144/361
f 1145/1145/362 1141/1141/362 1106/1106/362
f 1145/1145/362 1106/1106/362 1105/1105/362
f 1132/1132/363 1146/1146/363 1147/1147/363
f 1132/1132/363 1147/1147/363 1148/1148/363
f 1149/1149/364 1150/1150/364 1105/1105/364
f 1149/1149/364 1105/1105/364 1111/1111/364
f 1146/1146/365 1151/1151/365 1152/1152/365
f 1146/1146/365 1152/1152/365 1109/1109/365
f 1153/1153/366 1154/1154/366 1155/1155/366
f 1153/1153/366 1155/1155/366 1156/1156/366
f 1157/1157/367 1158/1158/367 1136/1136/367
f 1157/1157/367 1136/1136/367 1159/1159/367
f 1160/1160/368 1161/1161/368 1162/1162/368
f 1160/1160/368 1162/1162/368 1138/1138/368
f 1163/1163/369 1164/1164/369 1165/1165/369
f 1163/1163/369 1165/1165/369 1166/1166/369
f 1167/1167/370 1163/1163/370 1141/1141/370
f 1167/1167/370 1141/1141/370 1145/1145/370
f 1154/1154/371 1168/1168/371 1146/1146/371
f 1154/1154/371 1146/1146/371 1155/1155/371
f 1169/1169/372 1170/1170/372 1150/1150/372
f 1169/1169/372 1150/1150/372 1149/1149/372
f 1168/1168/373 1171/1171/373 1172/1172/373
f 1168/1168/373 1172/1172/373 1146/1146/373
f 1173/1173/222 596/596/222 599/599/222
f 1173/1173/222 599/599/222 1174/1174/222
f 599/599/222 1002/1002/222 1175/1175/222
f 599/599/222 1175/1175/222 1174/1174/222
f 1176/1176/374 1149/1149/374 1177/1177/374
f 1176/1176/374 1177/1177/374 1178/1178/374
f 1179/1179/375 1180/1180/375 1181/1181/375
f 1179/1179/375 1181/1181/375 1182/1182/375
f 1183/1183/376 1184/1184/376 1185/1185/376
f 1183/1183/376 1185/1185/376 1186/1186/376
f 1187/1187/377 1188/1188/377 1189/1189/377
f 1187/1187/377 1189/1189/377 1190/1190/377
f 1191/1191/378 1169/1169/378 1149/1149/378
f 1191/1191/378 1149/1149/378 1192/1192/378
f 1193/1193/379 1194/1194/379 1195/1195/379
f 1193/1193/379 1195/1195/379 1196/1196/379
f 1171/1171/380 1197/1197/380 1198/1198/380
f 1171/1171/380 1198/1198/380 1172/1172/380
f 1199/1199/381 1200/1200/381 1201/1201/381
f 1199/1199/381 1201/1201/381 1202/1202/381
f 1203/1203/382 1204/1204/382 1205/1205/382
f 1203/1203/382 1205/1205/382 1206/1206/382
f 927/927/383 1207/1207/383 909/909/383
f 927/927/383 909/909/383 908/908/383
f 1204/1204/384 1208/1208/384 654/654/384
f 1204/1204/384 654/654/384 1209/1209/384
f 1210/1210/383 927/927/383 908/908/383
f 1210/1210/383 908/908/383 911/911/383
f 1211/1211/385 1210/1210/385 933/933/385
f 1211/1211/385 933/933/385 1212/1212/385
f 1213/1213/386 1214/1214/386 1215/1215/386
f 1213/1213/386 1215/1215/386 1216/1216/386
f 1217/1217/387 1218/1218/387 1219/1219/387
f 1217/1217/387 1219/1219/387 834/834/387
f 834/834/388 833/833/388 1220/1220/388
f 834/834/388 1220/1220/388 1221/1221/388
f 1222/1222/389 1223/1223/389 1224/1224/389
f 1222/1222/389 1224/1224/389 1225/1225/389
f 697/697/390 1226/1226/390 715/715/390
f 697/697/390 715/715/390 1227/1227/390
f 1228/1228/391 1229/1229/391 1230/1230/391
f 1228/1228/391 1230/1230/391 684/684/391
f 1228/1228/392 657/657/392 1231/1231/392
f 1232/1232/393 676/676/393 675/675/393
f 1232/1232/393 675/675/393 1233/1233/393
f 1233/1233/394 675/675/394 695/695/394
f 1233/1233/394 695/695/394 1234/1234/394
f 1235/1235/395 711/711/395 1236/1236/395
f 1235/1235/395 1236/1236/395 1237/1237/395
f 1237/1237/388 1220/1220/388 833/833/388
f 1237/1237/388 833/833/388 1238/1238/388
f 1238/1238/282 833/833/282 832/832/282
f 1238/1238/282 832/832/282 1239/1239/282
f 1239/1239/396 832/832/396 848/848/396
f 1239/1239/396 848/848/396 1240/1240/396
f 1240/1240/252 730/730/252 729/729/252
f 1240/1240/252 729/729/252 1241/1241/252
f 1241/1241/252 729/729/252 749/749/252
f 1241/1241/252 749/749/252 752/752/252
f 752/752/252 749/749/252 748/748/252
f 752/752/252 748/748/252 753/753/252
f 768/768/261 767/767/261 766/766/261
f 768/768/261 766/766/261 769/769/261
f 970/970/261 1242/1242/261 1243/1243/261
f 970/970/261 1243/1243/261 787/787/261
f 787/787/397 1244/1244/397 1245/1245/397
f 787/787/397 1245/1245/397 802/802/397
f 802/802/398 799/799/398 798/798/398
f 802/802/398 798/798/398 1246/1246/398
f 818/818/399 815/815/399 1247/1247/399
f 818/818/399 1247/1247/399 1248/1248/399
f 1249/1249/400 655/655/400 654/654/400
f 1249/1249/400 654/654/400 1250/1250/400
f 1251/1251/401 1252/1252/401 1253/1253/401
f 1251/1251/401 1253/1253/401 1254/1254/401
f 1255/1255/402 1256/1256/402 1257/1257/402
f 1255/1255/402 1257/1257/402 1258/1258/402
f 1259/1259/403 1260/1260/403 1261/1261/403
f 1259/1259/403 1261/1261/403 1262/1262/403
f 1263/1263/404 1264/1264/404 1208/1208/404
f 1263/1263/404 1208/1208/404 1265/1265/404
f 1260/1260/405 1266/1266/405 925/925/405
f 1260/1260/405 925/925/405 924/924/405
f 1264/1264/406 1267/1267/406 1254/1254/406
f 1264/1264/406 1254/1254/406 1208/1208/406
f 1268/1268/407 1269/1269/407 1270/1270/407
f 1268/1268/407 1270/1270/407 680/680/407
f 1271/1271/408 1272/1272/408 1273/1273/408
f 1271/1271/408 1273/1273/408 1235/1235/408
f 1269/1269/409 1274/1274/409 1275/1275/409
f 1269/1269/409 1275/1275/409 1276/1276/409
f 1277/1277/410 1278/1278/410 1279/1279/410
f 1280/1280/411 1281/1281/411 1264/1264/411
f 1280/1280/411 1264/1264/411 1282/1282/411
f 1283/1283/412 1284/1284/412 1285/1285/412
f 1283/1283/412 1285/1285/412 1260/1260/412
f 1286/1286/413 1287/1287/413 1288/1288/413
f 1286/1286/413 1288/1288/413 1271/1271/413
f 1289/1289/414 1290/1290/414 1291/1291/414
f 1289/1289/414 1291/1291/414 1292/1292/414
f 1281/1281/415 1293/1293/415 1294/1294/415
f 1281/1281/415 1294/1294/415 1295/1295/415
f 1296/1296/416 1289/1289/416 1297/1297/416
f 1296/1296/416 1297/1297/416 1268/1268/416
f 1287/1287/417 1298/1298/417 1299/1299/417
f 1287/1287/417 1299/1299/417 1300/1300/417
f 1301/1301/418 1283/1283/418 1302/1302/418
f 1301/1301/418 1302/1302/418 1303/1303/418
f 1304/1304/214 1305/1305/214 560/560/214
f 1304/1304/214 560/560/214 563/563/214
f 1306/1306/419 1307/1307/419 1308/1308/419
f 1306/1306/419 1308/1308/419 1309/1309/419
f 1310/1310/420 1311/1311/420 1312/1312/420
f 1310/1310/420 1312/1312/420 1313/1313/420
f 1314/1314/217 1315/1315/217 1316/1316/217
f 1314/1314/217 1316/1316/217 1317/1317/217
f 1318/1318/218 1319/1319/218 576/576/218
f 1318/1318/218 576/576/218 579/579/218
f 1320/1320/218 1321/1321/218 1322/1322/218
f 1320/1320/218 1322/1322/218 1323/1323/218
f 1324/1324/421 1325/1325/421 584/584/421
f 1324/1324/421 584/584/421 587/587/421
f 1326/1326/422 1327/1327/422 1328/1328/422
f 1326/1326/422 1328/1328/422 1329/1329/422
f 1330/1330/221 1331/1331/221 1332/1332/221
f 1330/1330/221 1332/1332/221 1333/1333/221
f 1334/1334/222 1335/1335/222 1336/1336/222
f 1334/1334/222 1336/1336/222 1337/1337/222
f 1338/1338/222 1339/1339/222 1335/1335/222
f 1338/1338/222 1335/1335/222 1334/1334/222
f 1340/1340/222 1341/1341/222 1339/1339/222
f 1340/1340/222 1339/1339/222 1338/1338/222
f 1342/1342/223 1343/1343/223 604/604/223
f 1342/1342/223 604/604/223 607/607/223
f 1344/1344/423 1345/1345/423 1346/1346/423
f 1344/1344/423 1346/1346/423 1347/1347/423
f 1348/1348/424 1349/1349/424 1347/1347/424
f 1348/1348/424 1347/1347/424 1350/1350/424
f 1351/1351/425 1352/1352/425 1353/1353/425
f 1351/1351/425 1353/1353/425 1354/1354/425
f 1355/1355/426 1351/1351/426 1356/1356/426
f 1355/1355/426 1356/1356/426 1357/1357/426
f 1358/1358/427 1359/1359/427 1360/1360/427
f 1358/1358/427 1360/1360/427 1361/1361/427
f 1359/1359/229 1362/1362/229 626/626/229
f 1359/1359/229 626/626/229 628/628/229
f 1363/1363/229 1364/1364/229 1365/1365/229
f 1363/1363/229 1365/1365/229 1366/1366/229
f 1364/1364/229 1367/1367/229 1368/1368/229
f 1364/1364/229 1368/1368/229 1365/1365/229
f 1369/1369/229 1370/1370/229 1371/1371/229
f 1369/1369/229 1371/1371/229 1372/1372/229
f 1373/1373/428 1374/1374/428 1375/1375/428
f 1373/1373/428 1375/1375/428 1376/1376/428
f 1377/1377/229 1378/1378/229 1374/1374/229
f 1377/1377/229 1374/1374/229 1379/1379/229
f 1380/1380/229 1381/1381/229 1378/1378/229
f 1380/1380/229 1378/1378/229 1377/1377/229
f 1382/1382/229 1383/1383/229 1381/1381/229
f 1382/1382/229 1381/1381/229 1380/1380/229
f 1384/1384/229 1385/1385/229 1383/1383/229
f 1384/1384/229 1383/1383/229 1382/1382/229
f 1386/1386/429 1387/1387/429 1388/1388/429
f 1386/1386/429 1388/1388/429 1389/1389/429
f 1390/1390/430 1391/1391/430 1392/1392/430
f 1390/1390/430 1392/1392/430 1393/1393/430
f 1391/1391/431 1394/1394/431 1395/1395/431
f 1391/1391/431 1395/1395/431 1396/1396/431
f 1394/1394/431 1397/1397/431 1398/1398/431
f 1394/1394/431 1398/1398/431 1395/1395/431
f 1397/1397/432 1399/1399/432 1400/1400/432
f 1397/1397/432 1400/1400/432 1401/1401/432
f 1399/1399/433 1402/1402/433 1403/1403/433
f 1399/1399/433 1403/1403/433 1404/1404/433
f 1405/1405/434 1406/1406/434 1407/1407/434
f 1405/1405/434 1407/1407/434 1408/1408/434
f 1409/1409/435 1410/1410/435 1411/1411/435
f 1409/1409/435 1411/1411/435 1412/1412/435
f 1410/1410/435 1413/1413/435 1414/1414/435
f 1410/1410/435 1414/1414/435 1411/1411/435
f 1413/1413/436 1400/1400/436 1415/1415/436
f 1413/1413/436 1415/1415/436 1416/1416/436
f 1417/1417/437 1403/1403/437 1418/1418/437
f 1417/1417/437 1418/1418/437 1419/1419/437
f 1420/1420/438 1407/1407/438 1421/1421/438
f 1420/1420/438 1421/1421/438 1422/1422/438
f 1412/1412/439 1411/1411/439 1423/1423/439
f 1412/1412/439 1423/1423/439 1424/1424/439
f 1411/1411/439 1414/1414/439 1425/1425/439
f 1411/1411/439 1425/1425/439 1423/1423/439
f 1426/1426/440 1427/1427/440 1428/1428/440
f 1426/1426/440 1428/1428/440 1429/1429/440
f 1430/1430/441 1418/1418/441 1431/1431/441
f 1430/1430/441 1431/1431/441 1432/1432/441
f 1433/1433/442 1434/1434/442 1435/1435/442
f 1433/1433/442 1435/1435/442 1436/1436/442
f 1437/1437/443 1438/1438/443 1439/1439/443
f 1437/1437/443 1439/1439/443 1440/1440/443
f 1441/1441/444 1442/1442/444 1443/1443/444
f 1441/1441/444 1443/1443/444 1444/1444/444
f 1442/1442/444 1445/1445/444 1446/1446/444
f 1442/1442/444 1446/1446/444 1443/1443/444
f 1445/1445/445 1447/1447/445 1448/1448/445
f 1445/1445/445 1448/1448/445 1449/1449/445
f 1447/1447/446 1450/1450/446 1451/1451/446
f 1447/1447/446 1451/1451/446 1452/1452/446
f 1328/1328/251 1453/1453/251 1454/1454/251
f 1328/1328/251 1454/1454/251 1455/1455/251
f 1456/1456/252 1457/1457/252 1458/1458/252
f 1456/1456/252 1458/1458/252 1459/1459/252
f 1460/1460/253 1461/1461/253 1462/1462/253
f 1460/1460/253 1462/1462/253 1463/1463/253
f 1461/1461/254 1464/1464/254 1465/1465/254
f 1461/1461/254 1465/1465/254 1462/1462/254
f 1466/1466/254 1467/1467/254 1468/1468/254
f 1466/1466/254 1468/1468/254 1469/1469/254
f 1467/1467/255 1470/1470/255 1471/1471/255
f 1467/1467/255 1471/1471/255 1468/1468/255
f 1472/1472/256 1322/1322/256 1321/1321/256
f 1472/1472/256 1321/1321/256 1473/1473/256
f 1474/1474/257 1475/1475/257 745/745/257
f 1474/1474/257 745/745/257 747/747/257
f 1476/1476/252 748/748/252 745/745/252
f 1476/1476/252 745/745/252 1475/1475/252
f 1477/1477/253 1478/1478/253 750/750/253
f 1477/1477/253 750/750/253 753/753/253
f 1478/1478/254 1479/1479/254 754/754/254
f 1478/1478/254 754/754/254 750/750/254
f 1480/1480/447 1481/1481/447 1482/1482/447
f 1480/1480/447 1482/1482/447 1483/1483/447
f 1481/1481/259 1484/1484/259 759/759/259
f 1481/1481/259 759/759/259 761/761/259
f 1484/1484/256 1318/1318/256 579/579/256
f 1484/1484/256 579/579/256 759/759/256
f 1485/1485/260 1486/1486/260 762/762/260
f 1485/1485/260 762/762/260 765/765/260
f 767/767/261 1487/1487/261 1485/1485/261
f 767/767/261 1485/1485/261 765/765/261
f 1488/1488/262 1489/1489/262 768/768/262
f 1488/1488/262 768/768/262 771/771/262
f 1490/1490/263 1488/1488/263 771/771/263
f 1490/1490/263 771/771/263 773/773/263
f 1491/1491/263 1490/1490/263 773/773/263
f 1491/1491/263 773/773/263 775/775/263
f 1492/1492/264 1491/1491/264 775/775/264
f 1492/1492/264 775/775/264 777/777/264
f 1305/1305/264 1492/1492/264 777/777/264
f 1305/1305/264 777/777/264 560/560/264
f 1493/1493/448 1494/1494/448 1495/1495/448
f 1493/1493/448 1495/1495/448 1496/1496/448
f 1497/1497/449 1498/1498/449 1499/1499/449
f 1497/1497/449 1499/1499/449 1494/1494/449
f 1500/1500/450 1501/1501/450 1502/1502/450
f 1500/1500/450 1502/1502/450 1503/1503/450
f 1501/1501/451 1504/1504/451 1505/1505/451
f 1501/1501/451 1505/1505/451 1506/1506/451
f 1504/1504/452 1507/1507/452 1508/1508/452
f 1504/1504/452 1508/1508/452 1505/1505/452
f 1507/1507/451 1509/1509/451 1510/1510/451
f 1507/1507/451 1510/1510/451 1508/1508/451
f 1509/1509/453 1308/1308/453 1307/1307/453
f 1509/1509/453 1307/1307/453 1511/1511/453
f 1512/1512/454 1513/1513/454 1514/1514/454
f 1512/1512/454 1514/1514/454 1495/1495/454
f 1515/1515/455 1516/1516/455 1517/1517/455
f 1515/1515/455 1517/1517/455 1518/1518/455
f 1519/1519/456 1505/1505/456 1520/1520/456
f 1519/1519/456 1520/1520/456 1521/1521/456
f 1505/1505/457 1522/1522/457 1523/1523/457
f 1505/1505/457 1523/1523/457 1520/1520/457
f 1522/1522/458 1524/1524/458 1525/1525/458
f 1522/1522/458 1525/1525/458 1523/1523/458
f 1524/1524/459 1526/1526/459 1527/1527/459
f 1524/1524/459 1527/1527/459 1525/1525/459
f 1528/1528/460 1529/1529/460 1530/1530/460
f 1528/1528/460 1530/1530/460 1531/1531/460
f 1532/1532/461 1533/1533/461 1534/1534/461
f 1532/1532/461 1534/1534/461 1535/1535/461
f 1533/1533/462 1536/1536/462 1537/1537/462
f 1533/1533/462 1537/1537/462 1538/1538/462
f 1536/1536/463 1539/1539/463 1540/1540/463
f 1536/1536/463 1540/1540/463 1541/1541/463
f 1539/1539/464 1542/1542/464 1543/1543/464
f 1539/1539/464 1543/1543/464 1544/1544/464
f 1542/1542/462 1545/1545/462 1402/1402/462
f 1542/1542/462 1402/1402/462 1546/1546/462
f 1547/1547/465 1548/1548/465 1549/1549/465
f 1547/1547/465 1549/1549/465 1550/1550/465
f 1551/1551/466 1552/1552/466 1553/1553/466
f 1551/1551/466 1553/1553/466 1554/1554/466
f 1552/1552/467 1555/1555/467 1556/1556/467
f 1552/1552/467 1556/1556/467 1553/1553/467
f 1555/1555/468 1557/1557/468 1558/1558/468
f 1555/1555/468 1558/1558/468 1559/1559/468
f 1557/1557/469 1452/1452/469 1560/1560/469
f 1557/1557/469 1560/1560/469 1561/1561/469
f 1452/1452/470 1562/1562/470 1563/1563/470
f 1452/1452/470 1563/1563/470 1564/1564/470
f 1548/1548/471 1456/1456/471 1565/1565/471
f 1548/1548/471 1565/1565/471 1566/1566/471
f 1567/1567/472 1568/1568/472 1461/1461/472
f 1567/1567/472 1461/1461/472 1460/1460/472
f 1569/1569/473 1570/1570/473 1571/1571/473
f 1569/1569/473 1571/1571/473 1461/1461/473
f 1572/1572/474 1573/1573/474 1467/1467/474
f 1572/1572/474 1467/1467/474 1574/1574/474
f 1573/1573/475 1575/1575/475 1576/1576/475
f 1573/1573/475 1576/1576/475 1467/1467/475
f 1577/1577/476 1578/1578/476 1579/1579/476
f 1577/1577/476 1579/1579/476 1472/1472/476
f 1580/1580/467 1563/1563/467 1562/1562/467
f 1580/1580/467 1562/1562/467 1581/1581/467
f 1582/1582/477 1583/1583/477 1584/1584/477
f 1582/1582/477 1584/1584/477 1585/1585/477
f 1586/1586/478 1323/1323/478 1587/1587/478
f 1323/1323/479 1322/1322/479 1588/1588/479
f 1323/1323/479 1588/1588/479 1587/1587/479
f 1589/1589/459 1527/1527/459 1526/1526/459
f 1589/1589/459 1526/1526/459 1590/1590/459
f 1591/1591/462 1402/1402/462 1545/1545/462
f 1591/1591/462 1545/1545/462 1592/1592/462
f 1593/1593/480 1594/1594/480 1402/1402/480
f 1593/1593/480 1402/1402/480 1591/1591/480
f 1595/1595/435 1596/1596/435 1594/1594/435
f 1595/1595/435 1594/1594/435 1597/1597/435
f 1598/1598/439 1599/1599/439 1596/1596/439
f 1598/1598/439 1596/1596/439 1595/1595/439
f 1581/1581/444 1562/1562/444 1599/1599/444
f 1581/1581/444 1599/1599/444 1598/1598/444
f 1600/1600/481 1591/1591/481 1601/1601/481
f 1600/1600/481 1601/1601/481 1602/1602/481
f 1603/1603/482 1593/1593/482 1604/1604/482
f 1603/1603/482 1604/1604/482 1605/1605/482
f 1606/1606/483 1607/1607/483 1593/1593/483
f 1606/1606/483 1593/1593/483 1608/1608/483
f 1609/1609/484 1598/1598/484 1595/1595/484
f 1609/1609/484 1595/1595/484 1610/1610/484
f 1611/1611/485 1581/1581/485 1598/1598/485
f 1611/1611/485 1598/1598/485 1612/1612/485
f 1613/1613/486 1373/1373/486 1614/1614/486
f 1613/1613/486 1614/1614/486 1615/1615/486
f 1616/1616/487 1617/1617/487 1373/1373/487
f 1616/1616/487 1373/1373/487 1618/1618/487
f 1619/1619/488 1380/1380/488 1377/1377/488
f 1619/1619/488 1377/1377/488 1620/1620/488
f 1621/1621/488 1382/1382/488 1380/1380/488
f 1621/1621/488 1380/1380/488 1619/1619/488
f 1622/1622/489 1384/1384/489 1623/1623/489
f 1622/1622/489 1623/1623/489 1624/1624/489
f 1625/1625/490 1495/1495/490 1626/1626/490
f 1625/1625/490 1626/1626/490 1627/1627/490
f 1628/1628/491 1629/1629/491 1530/1530/491
f 1628/1628/491 1530/1530/491 1630/1630/491
f 1631/1631/492 1632/1632/492 1633/1633/492
f 1631/1631/492 1633/1633/492 1634/1634/492
f 1635/1635/493 1636/1636/493 1637/1637/493
f 1635/1635/493 1637/1637/493 1638/1638/493
f 1639/1639/494 1640/1640/494 1641/1641/494
f 1639/1639/494 1641/1641/494 1642/1642/494
f 1643/1643/495 1644/1644/495 1645/1645/495
f 1643/1643/495 1645/1645/495 1646/1646/495
f 1647/1647/496 1648/1648/496 1649/1649/496
f 1647/1647/496 1649/1649/496 1584/1584/496
f 1584/1584/497 1650/1650/497 1651/1651/497
f 1584/1584/497 1651/1651/497 1328/1328/497
f 1652/1652/498 1653/1653/498 1654/1654/498
f 1652/1652/498 1654/1654/498 1655/1655/498
f 1656/1656/499 1657/1657/499 1658/1658/499
f 1656/1656/499 1658/1658/499 1659/1659/499
f 1660/1660/500 1661/1661/500 1662/1662/500
f 1660/1660/500 1662/1662/500 1663/1663/500
f 1664/1664/501 1665/1665/501 1666/1666/501
f 1664/1664/501 1666/1666/501 1667/1667/501
f 1343/1343/223 1342/1342/223 1330/1330/223
f 1343/1343/223 1330/1330/223 1668/1668/223
f 1305/1305/214 1304/1304/214 1669/1669/214
f 1305/1305/214 1669/1669/214 1670/1670/214
f 1492/1492/264 1305/1305/264 1670/1670/264
f 1492/1492/264 1670/1670/264 1671/1671/264
f 1491/1491/264 1492/1492/264 1671/1671/264
f 1491/1491/264 1671/1671/264 1672/1672/264
f 1490/1490/502 1491/1491/502 1672/1672/502
f 1490/1490/502 1672/1672/502 1673/1673/502
f 1488/1488/263 1490/1490/263 1673/1673/263
f 1488/1488/263 1673/1673/263 1501/1501/263
f 1489/1489/262 1488/1488/262 1501/1501/262
f 1489/1489/262 1501/1501/262 1674/1674/262
f 1487/1487/261 1675/1675/261 1494/1494/261
f 1487/1487/261 1494/1494/261 1485/1485/261
f 1486/1486/260 1485/1485/260 1494/1494/260
f 1486/1486/260 1494/1494/260 1676/1676/260
f 1359/1359/320 1677/1677/320 1678/1678/320
f 1359/1359/320 1678/1678/320 1679/1679/320
f 1362/1362/229 1359/1359/229 1374/1374/229
f 1362/1362/229 1374/1374/229 1378/1378/229
f 1665/1665/501 1664/1664/501 1680/1680/501
f 1665/1665/501 1680/1680/501 1681/1681/501
f 1364/1364/229 1363/1363/229 1682/1682/229
f 1364/1364/229 1682/1682/229 1683/1683/229
f 1367/1367/229 1364/1364/229 1683/1683/229
f 1367/1367/229 1683/1683/229 1684/1684/229
f 1653/1653/498 1652/1652/498 1685/1685/498
f 1653/1653/498 1685/1685/498 1686/1686/498
f 1370/1370/229 1369/1369/229 1383/1383/229
f 1370/1370/229 1383/1383/229 1385/1385/229
f 1474/1474/503 1687/1687/503 1688/1688/503
f 1474/1474/503 1688/1688/503 1689/1689/503
f 1690/1690/504 1474/1474/504 1455/1455/504
f 1690/1690/504 1455/1455/504 1691/1691/504
f 1457/1457/252 1476/1476/252 1475/1475/252
f 1457/1457/252 1475/1475/252 1458/1458/252
f 1478/1478/253 1477/1477/253 1463/1463/253
f 1478/1478/253 1463/1463/253 1462/1462/253
f 1479/1479/254 1478/1478/254 1462/1462/254
f 1479/1479/254 1462/1462/254 1465/1465/254
f 1481/1481/323 1692/1692/323 1693/1693/323
f 1481/1481/323 1693/1693/323 1694/1694/323
f 1695/1695/505 1481/1481/505 1468/1468/505
f 1695/1695/505 1468/1468/505 1696/1696/505
f 1318/1318/256 1484/1484/256 1473/1473/256
f 1318/1318/256 1473/1473/256 1321/1321/256
f 1319/1319/218 1318/1318/218 1321/1321/218
f 1319/1319/218 1321/1321/218 1320/1320/218
f 1697/1697/217 1310/1310/217 1316/1316/217
f 1697/1697/217 1316/1316/217 1315/1315/217
f 1698/1698/222 1699/1699/222 1340/1340/222
f 1698/1698/222 1340/1340/222 1338/1338/222
f 1700/1700/222 1698/1698/222 1338/1338/222
f 1700/1700/222 1338/1338/222 1334/1334/222
f 1701/1701/222 1700/1700/222 1334/1334/222
f 1701/1701/222 1334/1334/222 1337/1337/222
f 1702/1702/506 1703/1703/506 1704/1704/506
f 1702/1702/506 1704/1704/506 1606/1606/506
f 1705/1705/507 1706/1706/507 1707/1707/507
f 1705/1705/507 1707/1707/507 1708/1708/507
f 1342/1342/508 1709/1709/508 1710/1710/508
f 1342/1342/508 1710/1710/508 1711/1711/508
f 1712/1712/509 1713/1713/509 1714/1714/509
f 1712/1712/509 1714/1714/509 1715/1715/509
f 1716/1716/510 1717/1717/510 1718/1718/510
f 1716/1716/510 1718/1718/510 1331/1331/510
f 1352/1352/511 1719/1719/511 1706/1706/511
f 1352/1352/511 1706/1706/511 1705/1705/511
f 1351/1351/512 1720/1720/512 1719/1719/512
f 1351/1351/512 1719/1719/512 1352/1352/512
f 1721/1721/513 1722/1722/513 1723/1723/513
f 1721/1721/513 1723/1723/513 1609/1609/513
f 1724/1724/514 1725/1725/514 1726/1726/514
f 1724/1724/514 1726/1726/514 1611/1611/514
f 1314/1314/515 1727/1727/515 1728/1728/515
f 1314/1314/515 1728/1728/515 1729/1729/515
f 1730/1730/516 1728/1728/516 1731/1731/516
f 1730/1730/516 1731/1731/516 1732/1732/516
f 1733/1733/517 1734/1734/517 1735/1735/517
f 1733/1733/517 1735/1735/517 1736/1736/517
f 1706/1706/507 1737/1737/507 1738/1738/507
f 1706/1706/507 1738/1738/507 1707/1707/507
f 1739/1739/518 1740/1740/518 1741/1741/518
f 1739/1739/518 1741/1741/518 1742/1742/518
f 1743/1743/519 1744/1744/519 1745/1745/519
f 1743/1743/519 1745/1745/519 1722/1722/519
f 1746/1746/520 1747/1747/520 1744/1744/520
f 1746/1746/520 1744/1744/520 1743/1743/520
f 1748/1748/521 1749/1749/521 1750/1750/521
f 1748/1748/521 1750/1750/521 1751/1751/521
f 1719/1719/511 1752/1752/511 1737/1737/511
f 1719/1719/511 1737/1737/511 1706/1706/511
f 1720/1720/512 1753/1753/512 1752/1752/512
f 1720/1720/512 1752/1752/512 1719/1719/512
f 1754/1754/522 1755/1755/522 1756/1756/522
f 1754/1754/522 1756/1756/522 1757/1757/522
f 1758/1758/523 1759/1759/523 1760/1760/523
f 1758/1758/523 1760/1760/523 1761/1761/523
f 1723/1723/524 1762/1762/524 1763/1763/524
f 1723/1723/524 1763/1763/524 1764/1764/524
f 1765/1765/473 1766/1766/473 1767/1767/473
f 1765/1765/473 1767/1767/473 1768/1768/473
f 1722/1722/525 1745/1745/525 1762/1762/525
f 1722/1722/525 1762/1762/525 1723/1723/525
f 1581/1581/526 1769/1769/526 1580/1580/526
f 1762/1762/524 1770/1770/524 1771/1771/524
f 1762/1762/524 1771/1771/524 1763/1763/524
f 1766/1766/473 1772/1772/473 1773/1773/473
f 1766/1766/473 1773/1773/473 1767/1767/473
f 1755/1755/522 1774/1774/522 1775/1775/522
f 1755/1755/522 1775/1775/522 1756/1756/522
f 1759/1759/523 1776/1776/523 1777/1777/523
f 1759/1759/523 1777/1777/523 1760/1760/523
f 1753/1753/512 1778/1778/512 1779/1779/512
f 1753/1753/512 1779/1779/512 1752/1752/512
f 1745/1745/525 1780/1780/525 1770/1770/525
f 1745/1745/525 1770/1770/525 1762/1762/525
f 1752/1752/511 1779/1779/511 1781/1781/511
f 1752/1752/511 1781/1781/511 1737/1737/511
f 1737/1737/507 1781/1781/507 1782/1782/507
f 1737/1737/507 1782/1782/507 1738/1738/507
f 1740/1740/518 1783/1783/518 1784/1784/518
f 1740/1740/518 1784/1784/518 1741/1741/518
f 1747/1747/520 1785/1785/520 1786/1786/520
f 1747/1747/520 1786/1786/520 1744/1744/520
f 1749/1749/521 1787/1787/521 1788/1788/521
f 1749/1749/521 1788/1788/521 1750/1750/521
f 1744/1744/519 1786/1786/519 1780/1780/519
f 1744/1744/519 1780/1780/519 1745/1745/519
f 1789/1789/527 1790/1790/527 1791/1791/527
f 1789/1789/527 1791/1791/527 1792/1792/527
f 1793/1793/528 1794/1794/528 1795/1795/528
f 1793/1793/528 1795/1795/528 1796/1796/528
f 1797/1797/529 1798/1798/529 1799/1799/529
f 1797/1797/529 1799/1799/529 1800/1800/529
f 1801/1801/530 1802/1802/530 1803/1803/530
f 1801/1801/530 1803/1803/530 1804/1804/530
f 1805/1805/531 1806/1806/531 1807/1807/531
f 1805/1805/531 1807/1807/531 1808/1808/531
f 1809/1809/532 1810/1810/532 1790/1790/532
f 1809/1809/532 1790/1790/532 1811/1811/532
f 1812/1812/533 1813/1813/533 1814/1814/533
f 1812/1812/533 1814/1814/533 1815/1815/533
f 1816/1816/534 1817/1817/534 1818/1818/534
f 1816/1816/534 1818/1818/534 1819/1819/534
f 1820/1820/535 1821/1821/535 1822/1822/535
f 1820/1820/535 1822/1822/535 1823/1823/535
f 1824/1824/536 1825/1825/536 1826/1826/536
f 1824/1824/536 1826/1826/536 1827/1827/536
f 1828/1828/537 1829/1829/537 1830/1830/537
f 1828/1828/537 1830/1830/537 1831/1831/537
f 1832/1832/538 1826/1826/538 1810/1810/538
f 1832/1832/538 1810/1810/538 1833/1833/538
f 1790/1790/539 1834/1834/539 1835/1835/539
f 1790/1790/539 1835/1835/539 1836/1836/539
f 1794/1794/540 1837/1837/540 1838/1838/540
f 1794/1794/540 1838/1838/540 1839/1839/540
f 1840/1840/541 1838/1838/541 1841/1841/541
f 1840/1840/541 1841/1841/541 1842/1842/541
f 1843/1843/542 1844/1844/542 1845/1845/542
f 1843/1843/542 1845/1845/542 1846/1846/542
f 1806/1806/543 1845/1845/543 1847/1847/543
f 1806/1806/543 1847/1847/543 1807/1807/543
f 1810/1810/544 1848/1848/544 1849/1849/544
f 1810/1810/544 1849/1849/544 1790/1790/544
f 1850/1850/545 1851/1851/545 1852/1852/545
f 1850/1850/545 1852/1852/545 1853/1853/545
f 1854/1854/546 1855/1855/546 1848/1848/546
f 1854/1854/546 1848/1848/546 1856/1856/546
f 1834/1834/547 1857/1857/547 1858/1858/547
f 1834/1834/547 1858/1858/547 1859/1859/547
f 1837/1837/548 1860/1860/548 1861/1861/548
f 1837/1837/548 1861/1861/548 1862/1862/548
f 1838/1838/549 1863/1863/549 1864/1864/549
f 1838/1838/549 1864/1864/549 1865/1865/549
f 1844/1844/550 1866/1866/550 1867/1867/550
f 1844/1844/550 1867/1867/550 1845/1845/550
f 1845/1845/551 1867/1867/551 1868/1868/551
f 1845/1845/551 1868/1868/551 1847/1847/551
f 1848/1848/552 1869/1869/552 1870/1870/552
f 1848/1848/552 1870/1870/552 1849/1849/552
f 1847/1847/553 1868/1868/553 1871/1871/553
f 1847/1847/553 1871/1871/553 1852/1852/553
f 1855/1855/554 1872/1872/554 1873/1873/554
f 1855/1855/554 1873/1873/554 1874/1874/554
f 1337/1337/222 1336/1336/222 1875/1875/222
f 1337/1337/222 1875/1875/222 1876/1876/222
f 1877/1877/222 1701/1701/222 1337/1337/222
f 1877/1877/222 1337/1337/222 1876/1876/222
f 1817/1817/555 1852/1852/555 1878/1878/555
f 1817/1817/555 1878/1878/555 1879/1879/555
f 1880/1880/556 1881/1881/556 1882/1882/556
f 1880/1880/556 1882/1882/556 1883/1883/556
f 1884/1884/557 1885/1885/557 1886/1886/557
f 1884/1884/557 1886/1886/557 1887/1887/557
f 1888/1888/558 1889/1889/558 1890/1890/558
f 1888/1888/558 1890/1890/558 1891/1891/558
f 1852/1852/559 1871/1871/559 1892/1892/559
f 1852/1852/559 1892/1892/559 1893/1893/559
f 1894/1894/560 1895/1895/560 1896/1896/560
f 1894/1894/560 1896/1896/560 1897/1897/560
f 1898/1898/561 1899/1899/561 1872/1872/561
f 1898/1898/561 1872/1872/561 1855/1855/561
f 1900/1900/562 1901/1901/562 1902/1902/562
f 1900/1900/562 1902/1902/562 1903/1903/562
f 1633/1633/563 1904/1904/563 1905/1905/563
f 1633/1633/563 1905/1905/563 1906/1906/563
f 1620/1620/564 1635/1635/564 1639/1639/564
f 1620/1620/564 1639/1639/564 1619/1619/564
f 1387/1387/565 1907/1907/565 1904/1904/565
f 1387/1387/565 1904/1904/565 1908/1908/565
f 1619/1619/564 1639/1639/564 1909/1909/564
f 1619/1619/564 1909/1909/564 1621/1621/564
f 1643/1643/566 1909/1909/566 1910/1910/566
f 1643/1643/566 1910/1910/566 1911/1911/566
f 1912/1912/567 1913/1913/567 1914/1914/567
f 1912/1912/567 1914/1914/567 1915/1915/567
f 1916/1916/568 1917/1917/568 1918/1918/568
f 1916/1916/568 1918/1918/568 1550/1550/568
f 1434/1434/569 1547/1547/569 1550/1550/569
f 1434/1434/569 1550/1550/569 1435/1435/569
f 1919/1919/570 1920/1920/570 1921/1921/570
f 1919/1919/570 1921/1921/570 1922/1922/570
f 1437/1437/571 1923/1923/571 1421/1421/571
f 1437/1437/571 1421/1421/571 1924/1924/571
f 1925/1925/572 1926/1926/572 1927/1927/572
f 1925/1925/572 1927/1927/572 1409/1409/572
f 1928/1928/573 1929/1929/573 1930/1930/573
f 1931/1931/574 1932/1932/574 1933/1933/574
f 1931/1931/574 1933/1933/574 1934/1934/574
f 1935/1935/569 1931/1931/569 1936/1936/569
f 1935/1935/569 1936/1936/569 1937/1937/569
f 1938/1938/465 1935/1935/465 1937/1937/465
f 1938/1938/465 1937/1937/465 1939/1939/465
f 1456/1456/575 1938/1938/575 1939/1939/575
f 1456/1456/575 1939/1939/575 1940/1940/575
f 1457/1457/252 1456/1456/252 1460/1460/252
f 1457/1457/252 1460/1460/252 1463/1463/252
f 1476/1476/252 1457/1457/252 1463/1463/252
f 1476/1476/252 1463/1463/252 1477/1477/252
f 748/748/252 1476/1476/252 1477/1477/252
f 748/748/252 1477/1477/252 753/753/252
f 1487/1487/261 767/767/261 768/768/261
f 1487/1487/261 768/768/261 1489/1489/261
f 1675/1675/261 1487/1487/261 1489/1489/261
f 1675/1675/261 1489/1489/261 1674/1674/261
f 1941/1941/576 1675/1675/576 1942/1942/576
f 1941/1941/576 1942/1942/576 1943/1943/576
f 1944/1944/577 1941/1941/577 1515/1515/577
f 1944/1944/577 1515/1515/577 1945/1945/577
f 1946/1946/578 1528/1528/578 1532/1532/578
f 1946/1946/578 1532/1532/578 1947/1947/578
f 1387/1387/579 1386/1386/579 1948/1948/579
f 1387/1387/579 1948/1948/579 1949/1949/579
f 1950/1950/580 1951/1951/580 1952/1952/580
f 1950/1950/580 1952/1952/580 1953/1953/580
f 1954/1954/581 1955/1955/581 1956/1956/581
f 1954/1954/581 1956/1956/581 1957/1957/581
f 1640/1640/582 1958/1958/582 1959/1959/582
f 1640/1640/582 1959/1959/582 1960/1960/582
f 1907/1907/583 1961/1961/583 1962/1962/583
f 1907/1907/583 1962/1962/583 1963/1963/583
f 1636/1636/584 1964/1964/584 1965/1965/584
f 1636/1636/584 1965/1965/584 1966/1966/584
f 1953/1953/585 1967/1967/585 1968/1968/585
f 1953/1953/585 1968/1968/585 1969/1969/585
f 1420/1420/586 1970/1970/586 1971/1971/586
f 1420/1420/586 1971/1971/586 1972/1972/586
f 1932/1932/587 1973/1973/587 1974/1974/587
f 1932/1932/587 1974/1974/587 1975/1975/587
f 1976/1976/588 1977/1977/588 1970/1970/588
f 1976/1976/588 1970/1970/588 1420/1420/588
f 1978/1978/589 1405/1405/589 1979/1979/589
f 1961/1961/590 1980/1980/590 1981/1981/590
f 1961/1961/590 1981/1981/590 1982/1982/590
f 1964/1964/591 1983/1983/591 1984/1984/591
f 1964/1964/591 1984/1984/591 1985/1985/591
f 1973/1973/592 1986/1986/592 1987/1987/592
f 1973/1973/592 1987/1987/592 1988/1988/592
f 1989/1989/593 1990/1990/593 1991/1991/593
f 1989/1989/593 1991/1991/593 1992/1992/593
f 1967/1967/594 1993/1993/594 1980/1980/594
f 1967/1967/594 1980/1980/594 1994/1994/594
f 1970/1970/595 1991/1991/595 1995/1995/595
f 1970/1970/595 1995/1995/595 1996/1996/595
f 1997/1997/596 1998/1998/596 1986/1986/596
f 1997/1997/596 1986/1986/596 1999/1999/596
f 2000/2000/597 1984/1984/597 2001/2001/597
f 2000/2000/597 2001/2001/597 2002/2002/597
f 2003/2003/598 2004/2004/598 2005/2005/598
f 2003/2003/598 2005/2005/598 2006/2006/598
f 2007/2007/599 2008/2008/599 2009/2009/599
f 2007/2007/599 2009/2009/599 2010/2010/599
f 2011/2011/600 2012/2012/600 2013/2013/600
f 2011/2011/600 2013/2013/600 2014/2014/600
f 2015/2015/601 2016/2016/601 2017/2017/601
f 2015/2015/601 2017/2017/601 2018/2018/601
f 2004/2004/602 2019/2019/602 2020/2020/602
f 2004/2004/602 2020/2020/602 2021/2021/602
f 2022/2022/603 2015/2015/603 2023/2023/603
f 2022/2022/603 2023/2023/603 2024/2024/603
f 2025/2025/604 2026/2026/604 2027/2027/604
f 2025/2025/604 2027/2027/604 2028/2028/604
f 2029/2029/605 2007/2007/605 2030/2030/605
f 2029/2029/605 2030/2030/605 2031/2031/605
f 2032/2032/606 2033/2033/606 2034/2034/606
f 2032/2032/606 2034/2034/606 2035/2035/606
f 2036/2036/607 2037/2037/607 2038/2038/607
f 2036/2036/607 2038/2038/607 2039/2039/607
f 2033/2033/608 2032/2032/608 2040/2040/608
f 2033/2033/608 2040/2040/608 2041/2041/608
f 2042/2042/609 2033/2033/609 2041/2041/609
f 2042/2042/609 2041/2041/609 2043/2043/609
f 2044/2044/610 2045/2045/610 2046/2046/610
f 2044/2044/610 2046/2046/610 2047/2047/610
f 2048/2048/611 2049/2049/611 2050/2050/611
f 2048/2048/611 2050/2050/611 2051/2051/611
f 2052/2052/612 2053/2053/612 2054/2054/612
f 2052/2052/612 2054/2054/612 2055/2055/612
f 2056/2056/613 2057/2057/613 2058/2058/613
f 2056/2056/613 2058/2058/613 2059/2059/613
f 2060/2060/614 2061/2061/614 2045/2045/614
f 2060/2060/614 2045/2045/614 2062/2062/614
f 2063/2063/615 2058/2058/615 2064/2064/615
f 2063/2063/615 2064/2064/615 2065/2065/615
f 2066/2066/616 2067/2067/616 2068/2068/616
f 2066/2066/616 2068/2068/616 2069/2069/616
f 2070/2070/617 2050/2050/617 2071/2071/617
f 2070/2070/617 2071/2071/617 2072/2072/617
f 2073/2073/193 2074/2074/193 2075/2075/193
f 2076/2076/194 2077/2077/194 2078/2078/194
f 2076/2076/194 2078/2078/194 2079/2079/194
f 2080/2080/195 2081/2081/195 2082/2082/195
f 2080/2080/195 2082/2082/195 2083/2083/195
f 2084/2084/196 2085/2085/196 2086/2086/196
f 2087/2087/197 2088/2088/197 2089/2089/197
f 2090/2090/198 2091/2091/198 2092/2092/198
f 2090/2090/198 2092/2092/198 2093/2093/198
f 2094/2094/199 2095/2095/199 2096/2096/199
f 2094/2094/199 2096/2096/199 2097/2097/199
f 2098/2098/200 2099/2099/200 2100/2100/200
f 2101/2101/618 2102/2102/618 2103/2103/618
f 2104/2104/619 2105/2105/619 2106/2106/619
f 2104/2104/619 2106/2106/619 2107/2107/619
f 2108/2108/183 2109/2109/183 2110/2110/183
f 2108/2108/183 2110/2110/183 2111/2111/183
f 2112/2112/184 2113/2113/184 2114/2114/184
f 2102/2102/620 2115/2115/620 2116/2116/620
f 2117/2117/621 2118/2118/621 2119/2119/621
f 2117/2117/621 2119/2119/621 2120/2120/621
f 2121/2121/622 2122/2122/622 2123/2123/622
f 2121/2121/622 2123/2123/622 2124/2124/622
f 2125/2125/188 2112/2112/188 2114/2114/188
f 2115/2115/623 2073/2073/623 2126/2126/623
f 2127/2127/624 2128/2128/624 2129/2129/624
f 2127/2127/624 2129/2129/624 2130/2130/624
f 2131/2131/625 2132/2132/625 2133/2133/625
f 2131/2131/625 2133/2133/625 2134/2134/625
f 2085/2085/192 2125/2125/192 2086/2086/192
f 2135/2135/626 2136/2136/626 2137/2137/626
f 2138/2138/627 2139/2139/627 2140/2140/627
f 2138/2138/627 2140/2140/627 2141/2141/627
f 2142/2142/203 2143/2143/203 2144/2144/203
f 2142/2142/203 2144/2144/203 2145/2145/203
f 2146/2146/204 2147/2147/204 2148/2148/204
f 2149/2149/628 2135/2135/628 2137/2137/628
f 2150/2150/629 2151/2151/629 2152/2152/629
f 2150/2150/629 2152/2152/629 2153/2153/629
f 2154/2154/630 2155/2155/630 2156/2156/630
f 2154/2154/630 2156/2156/630 2157/2157/630
f 2147/2147/208 2158/2158/208 2148/2148/208
f 2074/2074/631 2149/2149/631 2159/2159/631
f 2160/2160/632 2161/2161/632 2162/2162/632
f 2160/2160/632 2162/2162/632 2163/2163/632
f 2164/2164/633 2165/2165/633 2166/2166/633
f 2164/2164/633 2166/2166/633 2167/2167/633
f 2158/2158/212 2084/2084/212 2086/2086/212
f 2168/2168/634 2169/2169/634 2170/2170/634
f 2168/2168/634 2170/2170/634 2171/2171/634
f 2172/2172/635 2173/2173/635 2174/2174/635
f 2172/2172/635 2174/2174/635 2175/2175/635
f 2176/2176/636 2177/2177/636 2178/2178/636
f 2176/2176/636 2178/2178/636 2179/2179/636
f 2180/2180/637 2181/2181/637 2182/2182/637
f 2180/2180/637 2182/2182/637 2183/2183/637
f 2184/2184/638 2185/2185/638 2186/2186/638
f 2187/2187/639 2188/2188/639 2189/2189/639
f 2187/2187/639 2189/2189/639 2190/2190/639
f 2191/2191/640 2192/2192/640 2193/2193/640
f 2191/2191/640 2193/2193/640 2194/2194/640
f 2195/2195/641 2196/2196/641 2197/2197/641
f 2195/2195/641 2197/2197/641 2198/2198/641
f 2199/2199/642 2182/2182/642 2200/2200/642
f 2199/2199/642 2200/2200/642 2201/2201/642
f 2194/2194/643 2202/2202/643 2203/2203/643
f 2194/2194/643 2203/2203/643 2204/2204/643
f 2196/2196/644 2205/2205/644 2206/2206/644
f 2196/2196/644 2206/2206/644 2207/2207/644
f 2208/2208/645 2209/2209/645 2210/2210/645
f 2208/2208/645 2210/2210/645 2211/2211/645
f 2212/2212/646 2213/2213/646 2214/2214/646
f 2212/2212/646 2214/2214/646 2191/2191/646
f 2215/2215/647 2216/2216/647 2217/2217/647
f 2215/2215/647 2217/2217/647 2218/2218/647
f 2219/2219/648 2220/2220/648 2221/2221/648
f 2222/2222/649 2173/2173/649 2172/2172/649
f 2223/2223/650 2224/2224/650 2222/2222/650
f 2225/2225/651 2226/2226/651 2227/2227/651
f 2228/2228/652 2229/2229/652 2230/2230/652
f 2228/2228/652 2230/2230/652 2231/2231/652
f 2232/2232/653 2233/2233/653 2234/2234/653
f 2235/2235/651 2225/2225/651 2227/2227/651
f 2236/2236/654 2237/2237/654 2238/2238/654
f 2236/2236/654 2238/2238/654 2239/2239/654
f 2233/2233/653 2240/2240/653 2234/2234/653
f 2226/2226/651 2241/2241/651 2227/2227/651
f 2242/2242/655 2243/2243/655 2244/2244/655
f 2242/2242/655 2244/2244/655 2245/2245/655
f 2246/2246/653 2232/2232/653 2234/2234/653
f 2241/2241/651 2247/2247/651 2227/2227/651
f 2248/2248/656 2249/2249/656 2250/2250/656
f 2248/2248/656 2250/2250/656 2251/2251/656
f 2252/2252/653 2246/2246/653 2234/2234/653
f 2247/2247/651 2235/2235/651 2227/2227/651
f 2253/2253/657 2254/2254/657 2255/2255/657
f 2253/2253/657 2255/2255/657 2256/2256/657
f 2240/2240/653 2252/2252/653 2234/2234/653
f 2257/2257/658 2258/2258/658 2259/2259/658
f 2257/2257/658 2259/2259/658 2260/2260/658
f 2258/2258/659 2261/2261/659 2262/2262/659
f 2258/2258/659 2262/2262/659 2263/2263/659
f 2261/2261/660 2264/2264/660 2265/2265/660
f 2261/2261/660 2265/2265/660 2266/2266/660
f 2267/2267/635 2268/2268/635 2221/2221/635
f 2267/2267/635 2221/2221/635 2269/2269/635
f 2268/2268/649 2173/2173/649 2222/2222/649
f 2270/2270/661 2271/2271/661 2272/2272/661
f 2270/2270/661 2272/2272/661 2273/2273/661
f 2274/2274/662 2275/2275/662 2276/2276/662
f 2274/2274/662 2276/2276/662 2277/2277/662
f 2278/2278/663 2279/2279/663 2280/2280/663
f 2278/2278/663 2280/2280/663 2281/2281/663
f 2279/2279/664 2282/2282/664 2283/2283/664
f 2279/2279/664 2283/2283/664 2284/2284/664
f 2285/2285/665 2286/2286/665 2287/2287/665
f 2285/2285/665 2287/2287/665 2288/2288/665
f 2289/2289/666 2290/2290/666 2291/2291/666
f 2289/2289/666 2291/2291/666 2292/2292/666
f 2293/2293/667 2294/2294/667 2295/2295/667
f 2293/2293/667 2295/2295/667 2296/2296/667
f 2297/2297/668 2298/2298/668 2299/2299/668
f 2297/2297/668 2299/2299/668 2295/2295/668
f 2300/2300/669 2301/2301/669 2302/2302/669
f 2300/2300/669 2302/2302/669 2299/2299/669
f 2303/2303/650 2304/2304/650 2172/2172/650
f 2303/2303/650 2172/2172/650 2305/2305/650
f 2306/2306/650 2222/2222/650 2307/2307/650
f 2205/2205/670 2308/2308/670 2309/2309/670
f 2205/2205/670 2309/2309/670 2293/2293/670
f 2310/2310/671 2311/2311/671 2312/2312/671
f 2310/2310/671 2312/2312/671 2309/2309/671
f 2216/2216/672 2313/2313/672 2314/2314/672
f 2216/2216/672 2314/2314/672 2312/2312/672
f 2315/2315/673 2316/2316/673 2317/2317/673
f 2315/2315/673 2317/2317/673 2303/2303/673
f 2223/2223/650 2222/2222/650 2306/2306/650
f 2318/2318/674 2319/2319/674 2320/2320/674
f 2318/2318/674 2320/2320/674 2321/2321/674
f 2322/2322/675 2285/2285/675 2323/2323/675
f 2322/2322/675 2323/2323/675 2324/2324/675
f 2285/2285/676 2325/2325/676 2326/2326/676
f 2285/2285/676 2326/2326/676 2327/2327/676
f 2325/2325/677 2328/2328/677 2329/2329/677
f 2325/2325/677 2329/2329/677 2330/2330/677
f 2328/2328/678 2331/2331/678 2332/2332/678
f 2328/2328/678 2332/2332/678 2333/2333/678
f 2334/2334/679 2335/2335/679 2203/2203/679
f 2334/2334/679 2203/2203/679 2336/2336/679
f 2337/2337/680 2338/2338/680 2193/2193/680
f 2337/2337/680 2193/2193/680 2339/2339/680
f 2340/2340/681 2341/2341/681 2214/2214/681
f 2340/2340/681 2214/2214/681 2342/2342/681
f 2268/2268/635 2267/2267/635 2174/2174/635
f 2268/2268/635 2174/2174/635 2173/2173/635
f 2268/2268/649 2222/2222/649 2221/2221/649
f 2343/2343/682 2344/2344/682 2345/2345/682
f 2346/2346/683 2347/2347/683 2348/2348/683
f 2347/2347/684 2349/2349/684 2350/2350/684
f 2351/2351/685 2352/2352/685 2349/2349/685
f 2184/2184/686 2353/2353/686 2354/2354/686
f 2355/2355/687 2356/2356/687 2296/2296/687
f 2355/2355/687 2296/2296/687 2357/2357/687
f 2203/2203/688 2358/2358/688 2359/2359/688
f 2203/2203/688 2359/2359/688 2360/2360/688
f 2257/2257/689 2361/2361/689 2358/2358/689
f 2257/2257/689 2358/2358/689 2362/2362/689
f 2363/2363/690 2364/2364/690 2365/2365/690
f 2363/2363/690 2365/2365/690 2366/2366/690
f 2367/2367/691 2368/2368/691 2369/2369/691
f 2367/2367/691 2369/2369/691 2370/2370/691
f 2371/2371/692 2372/2372/692 2368/2368/692
f 2371/2371/692 2368/2368/692 2373/2373/692
f 2374/2374/693 2375/2375/693 2376/2376/693
f 2374/2374/693 2376/2376/693 2377/2377/693
f 2378/2378/694 2379/2379/694 2380/2380/694
f 2378/2378/694 2380/2380/694 2381/2381/694
f 2382/2382/695 2383/2383/695 2384/2384/695
f 2382/2382/695 2384/2384/695 2385/2385/695
f 2386/2386/687 2387/2387/687 2356/2356/687
f 2386/2386/687 2356/2356/687 2355/2355/687
f 2385/2385/696 2388/2388/696 2389/2389/696
f 2385/2385/696 2389/2389/696 2390/2390/696
f 2391/2391/697 2392/2392/697 2393/2393/697
f 2391/2391/697 2393/2393/697 2394/2394/697
f 2387/2387/687 2386/2386/687 2395/2395/687
f 2387/2387/687 2395/2395/687 2396/2396/687
f 2397/2397/698 2398/2398/698 2399/2399/698
f 2397/2397/698 2399/2399/698 2400/2400/698
f 2401/2401/699 2402/2402/699 2403/2403/699
f 2401/2401/699 2403/2403/699 2404/2404/699
f 2405/2405/700 2406/2406/700 2407/2407/700
f 2408/2408/701 2382/2382/701 2409/2409/701
f 2408/2408/701 2409/2409/701 2410/2410/701
f 2411/2411/702 2412/2412/702 2413/2413/702
f 2374/2374/703 2414/2414/703 2415/2415/703
f 2416/2416/704 2417/2417/704 2405/2405/704
f 2418/2418/705 2419/2419/705 2420/2420/705
f 2421/2421/706 2422/2422/706 2423/2423/706
f 2424/2424/707 2425/2425/707 2274/2274/707
f 2424/2424/707 2274/2274/707 2426/2426/707
f 2427/2427/708 2428/2428/708 2429/2429/708
f 2427/2427/708 2429/2429/708 2430/2430/708
f 2351/2351/709 2431/2431/709 2432/2432/709
f 2433/2433/710 2434/2434/710 2435/2435/710
f 2433/2433/710 2435/2435/710 2436/2436/710
f 2437/2437/711 2257/2257/711 2438/2438/711
f 2437/2437/711 2438/2438/711 2439/2439/711
f 2434/2434/712 2433/2433/712 2440/2440/712
f 2441/2441/713 2442/2442/713 2443/2443/713
f 2441/2441/713 2443/2443/713 2444/2444/713
f 2445/2445/714 2446/2446/714 2447/2447/714
f 2445/2445/714 2447/2447/714 2448/2448/714
f 2449/2449/715 2450/2450/715 2446/2446/715
f 2449/2449/715 2446/2446/715 2451/2451/715
f 2452/2452/716 2453/2453/716 2454/2454/716
f 2452/2452/716 2454/2454/716 2449/2449/716
f 2455/2455/717 2456/2456/717 2457/2457/717
f 2455/2455/717 2457/2457/717 2452/2452/717
f 2458/2458/718 2459/2459/718 2460/2460/718
f 2461/2461/719 2462/2462/719 2463/2463/719
f 2461/2461/719 2463/2463/719 2464/2464/719
f 2465/2465/720 2466/2466/720 2467/2467/720
f 2465/2465/720 2467/2467/720 2468/2468/720
f 2469/2469/720 2470/2470/720 2466/2466/720
f 2469/2469/720 2466/2466/720 2465/2465/720
f 2471/2471/721 2472/2472/721 2473/2473/721
f 2471/2471/721 2473/2473/721 2474/2474/721
f 2475/2475/722 2476/2476/722 2477/2477/722
f 2475/2475/722 2477/2477/722 2478/2478/722
f 2479/2479/723 2480/2480/723 2481/2481/723
f 2479/2479/723 2481/2481/723 2482/2482/723
f 2483/2483/724 2484/2484/724 2485/2485/724
f 2483/2483/724 2485/2485/724 2486/2486/724
f 2487/2487/725 2488/2488/725 2489/2489/725
f 2490/2490/726 2491/2491/726 2492/2492/726
f 2490/2490/726 2492/2492/726 2493/2493/726
f 2494/2494/727 2495/2495/727 2496/2496/727
f 2494/2494/727 2496/2496/727 2497/2497/727
f 2498/2498/728 2499/2499/728 2500/2500/728
f 2498/2498/728 2500/2500/728 2501/2501/728
f 2502/2502/729 2503/2503/729 2504/2504/729
f 2502/2502/729 2504/2504/729 2505/2505/729
f 2506/2506/730 2507/2507/730 2508/2508/730
f 2506/2506/730 2508/2508/730 2509/2509/730
f 2510/2510/731 2511/2511/731 2512/2512/731
f 2510/2510/731 2512/2512/731 2513/2513/731
f 2514/2514/732 2515/2515/732 2516/2516/732
f 2514/2514/732 2516/2516/732 2517/2517/732
f 2518/2518/733 2519/2519/733 2520/2520/733
f 2518/2518/733 2520/2520/733 2521/2521/733
f 2522/2522/734 2523/2523/734 2524/2524/734
f 2522/2522/734 2524/2524/734 2525/2525/734
f 2526/2526/735 2527/2527/735 2528/2528/735
f 2529/2529/736 2530/2530/736 2531/2531/736
f 2532/2532/737 2533/2533/737 2534/2534/737
f 2535/2535/738 2536/2536/738 2537/2537/738
f 2538/2538/739 2539/2539/739 2540/2540/739
f 2538/2538/739 2540/2540/739 2541/2541/739
f 2542/2542/740 2543/2543/740 2544/2544/740
f 2536/2536/738 2545/2545/738 2537/2537/738
f 2546/2546/741 2547/2547/741 2548/2548/741
f 2546/2546/741 2548/2548/741 2549/2549/741
f 2550/2550/740 2542/2542/740 2544/2544/740
f 2551/2551/738 2535/2535/738 2537/2537/738
f 2552/2552/742 2553/2553/742 2554/2554/742
f 2552/2552/742 2554/2554/742 2555/2555/742
f 2543/2543/740 2556/2556/740 2544/2544/740
f 2557/2557/738 2551/2551/738 2537/2537/738
f 2558/2558/743 2559/2559/743 2560/2560/743
f 2558/2558/743 2560/2560/743 2561/2561/743
f 2556/2556/740 2562/2562/740 2544/2544/740
f 2545/2545/738 2557/2557/738 2537/2537/738
f 2563/2563/744 2564/2564/744 2565/2565/744
f 2563/2563/744 2565/2565/744 2566/2566/744
f 2562/2562/740 2550/2550/740 2544/2544/740
f 2567/2567/745 2568/2568/745 2569/2569/745
f 2567/2567/745 2569/2569/745 2570/2570/745
f 2571/2571/746 2572/2572/746 2568/2568/746
f 2571/2571/746 2568/2568/746 2573/2573/746
f 2574/2574/747 2575/2575/747 2572/2572/747
f 2574/2574/747 2572/2572/747 2576/2576/747
f 2577/2577/722 2578/2578/722 2579/2579/722
f 2577/2577/722 2579/2579/722 2580/2580/722
f 2581/2581/736 2582/2582/736 2583/2583/736
f 2584/2584/748 2585/2585/748 2586/2586/748
f 2584/2584/748 2586/2586/748 2587/2587/748
f 2588/2588/749 2589/2589/749 2590/2590/749
f 2588/2588/749 2590/2590/749 2591/2591/749
f 2592/2592/750 2593/2593/750 2589/2589/750
f 2592/2592/750 2589/2589/750 2594/2594/750
f 2595/2595/751 2596/2596/751 2593/2593/751
f 2595/2595/751 2593/2593/751 2597/2597/751
f 2598/2598/752 2599/2599/752 2600/2600/752
f 2598/2598/752 2600/2600/752 2601/2601/752
f 2602/2602/753 2603/2603/753 2604/2604/753
f 2602/2602/753 2604/2604/753 2605/2605/753
f 2606/2606/754 2607/2607/754 2608/2608/754
f 2606/2606/754 2608/2608/754 2609/2609/754
f 2610/2610/755 2611/2611/755 2612/2612/755
f 2610/2610/755 2612/2612/755 2606/2606/755
f 2613/2613/756 2614/2614/756 2615/2615/756
f 2613/2613/756 2615/2615/756 2610/2610/756
f 2477/2477/737 2616/2616/737 2617/2617/737
f 2477/2477/737 2617/2617/737 2618/2618/737
f 2530/2530/737 2619/2619/737 2620/2620/737
f 2621/2621/757 2622/2622/757 2511/2511/757
f 2621/2621/757 2511/2511/757 2608/2608/757
f 2623/2623/758 2624/2624/758 2499/2499/758
f 2623/2623/758 2499/2499/758 2612/2612/758
f 2625/2625/759 2626/2626/759 2523/2523/759
f 2625/2625/759 2523/2523/759 2615/2615/759
f 2627/2627/760 2533/2533/760 2628/2628/760
f 2627/2627/760 2628/2628/760 2617/2617/760
f 2534/2534/737 2533/2533/737 2627/2627/737
f 2629/2629/761 2630/2630/761 2631/2631/761
f 2629/2629/761 2631/2631/761 2632/2632/761
f 2633/2633/762 2600/2600/762 2634/2634/762
f 2633/2633/762 2634/2634/762 2635/2635/762
f 2636/2636/763 2637/2637/763 2638/2638/763
f 2636/2636/763 2638/2638/763 2633/2633/763
f 2639/2639/764 2640/2640/764 2637/2637/764
f 2639/2639/764 2637/2637/764 2636/2636/764
f 2641/2641/765 2642/2642/765 2643/2643/765
f 2641/2641/765 2643/2643/765 2639/2639/765
f 2506/2506/766 2644/2644/766 2645/2645/766
f 2506/2506/766 2645/2645/766 2646/2646/766
f 2494/2494/767 2645/2645/767 2647/2647/767
f 2494/2494/767 2647/2647/767 2648/2648/767
f 2518/2518/768 2647/2647/768 2575/2575/768
f 2518/2518/768 2575/2575/768 2649/2649/768
f 2475/2475/722 2579/2579/722 2578/2578/722
f 2475/2475/722 2578/2578/722 2476/2476/722
f 2583/2583/736 2582/2582/736 2526/2526/736
f 2650/2650/769 2651/2651/769 2652/2652/769
f 2653/2653/770 2650/2650/770 2654/2654/770
f 2655/2655/771 2656/2656/771 2653/2653/771
f 2657/2657/772 2658/2658/772 2659/2659/772
f 2609/2609/773 2660/2660/773 2661/2661/773
f 2609/2609/773 2661/2661/773 2662/2662/773
f 2663/2663/774 2664/2664/774 2665/2665/774
f 2663/2663/774 2665/2665/774 2666/2666/774
f 2664/2664/775 2667/2667/775 2644/2644/775
f 2664/2664/775 2644/2644/775 2668/2668/775
f 2669/2669/776 2670/2670/776 2671/2671/776
f 2669/2669/776 2671/2671/776 2672/2672/776
f 2673/2673/777 2674/2674/777 2675/2675/777
f 2673/2673/777 2675/2675/777 2676/2676/777
f 2676/2676/778 2677/2677/778 2678/2678/778
f 2676/2676/778 2678/2678/778 2679/2679/778
f 2680/2680/779 2681/2681/779 2682/2682/779
f 2680/2680/779 2682/2682/779 2683/2683/779
f 2684/2684/780 2685/2685/780 2686/2686/780
f 2684/2684/780 2686/2686/780 2687/2687/780
f 2688/2688/781 2689/2689/781 2690/2690/781
f 2688/2688/781 2690/2690/781 2691/2691/781
f 2660/2660/773 2692/2692/773 2693/2693/773
f 2660/2660/773 2693/2693/773 2661/2661/773
f 2694/2694/782 2695/2695/782 2696/2696/782
f 2694/2694/782 2696/2696/782 2697/2697/782
f 2698/2698/783 2699/2699/783 2670/2670/783
f 2698/2698/783 2670/2670/783 2700/2700/783
f 2701/2701/773 2693/2693/773 2692/2692/773
f 2701/2701/773 2692/2692/773 2702/2702/773
f 2703/2703/784 2704/2704/784 2705/2705/784
f 2703/2703/784 2705/2705/784 2706/2706/784
f 2707/2707/785 2708/2708/785 2709/2709/785
f 2710/2710/786 2711/2711/786 2712/2712/786
f 2710/2710/786 2712/2712/786 2713/2713/786
f 2714/2714/787 2715/2715/787 2716/2716/787
f 2683/2683/788 2717/2717/788 2718/2718/788
f 2719/2719/789 2720/2720/789 2721/2721/789
f 2722/2722/790 2723/2723/790 2724/2724/790
f 2725/2725/791 2726/2726/791 2727/2727/791
f 2728/2728/792 2729/2729/792 2730/2730/792
f 2728/2728/792 2730/2730/792 2731/2731/792
f 2679/2679/793 2732/2732/793 2733/2733/793
f 2679/2679/793 2733/2733/793 2734/2734/793
f 2489/2489/794 2735/2735/794 2655/2655/794
f 2736/2736/795 2737/2737/795 2738/2738/795
f 2736/2736/795 2738/2738/795 2739/2739/795
f 2740/2740/796 2569/2569/796 2741/2741/796
f 2740/2740/796 2741/2741/796 2742/2742/796
f 2738/2738/797 2737/2737/797 2743/2743/797
f 2344/2344/798 2744/2744/798 2745/2745/798
f 2651/2651/799 2746/2746/799 2344/2344/799
f 2747/2747/800 2403/2403/800 2699/2699/800
f 2747/2747/800 2699/2699/800 2748/2748/800
f 2749/2749/801 2750/2750/801 2346/2346/801
f 2751/2751/802 2752/2752/802 2707/2707/802
f 2405/2405/700 2753/2753/700 2406/2406/700
f 2754/2754/803 2371/2371/803 2755/2755/803
f 2756/2756/804 2757/2757/804 2758/2758/804
f 2756/2756/804 2758/2758/804 2759/2759/804
f 2760/2760/805 2363/2363/805 2761/2761/805
f 2760/2760/805 2761/2761/805 2762/2762/805
f 2394/2394/806 2763/2763/806 2764/2764/806
f 2394/2394/806 2764/2764/806 2762/2762/806
f 2765/2765/807 2401/2401/807 2766/2766/807
f 2765/2765/807 2766/2766/807 2767/2767/807
f 2768/2768/808 2769/2769/808 2770/2770/808
f 2768/2768/808 2770/2770/808 2771/2771/808
f 2771/2771/809 2698/2698/809 2772/2772/809
f 2771/2771/809 2772/2772/809 2773/2773/809
f 2774/2774/810 2775/2775/810 2776/2776/810
f 2774/2774/810 2776/2776/810 2777/2777/810
f 2778/2778/811 2673/2673/811 2779/2779/811
f 2778/2778/811 2779/2779/811 2780/2780/811
f 2781/2781/812 2676/2676/812 2782/2782/812
f 2781/2781/812 2782/2782/812 2783/2783/812
f 2784/2784/813 2785/2785/813 2786/2786/813
f 2784/2784/813 2786/2786/813 2787/2787/813
f 2788/2788/814 2789/2789/814 2790/2790/814
f 2788/2788/814 2790/2790/814 2791/2791/814
f 2792/2792/815 2447/2447/815 2462/2462/815
f 2792/2792/815 2462/2462/815 2793/2793/815
f 2794/2794/816 2795/2795/816 2796/2796/816
f 2794/2794/816 2796/2796/816 2797/2797/816
f 2798/2798/817 2427/2427/817 2799/2799/817
f 2798/2798/817 2799/2799/817 2754/2754/817
f 2371/2371/818 2757/2757/818 2800/2800/818
f 2801/2801/819 2802/2802/819 2803/2803/819
f 2801/2801/819 2803/2803/819 2804/2804/819
f 2805/2805/820 2806/2806/820 2807/2807/820
f 2805/2805/820 2807/2807/820 2808/2808/820
f 2489/2489/821 2809/2809/821 2810/2810/821
f 2489/2489/821 2810/2810/821 2811/2811/821
f 2656/2656/822 2812/2812/822 2813/2813/822
f 2656/2656/822 2813/2813/822 2814/2814/822
f 2653/2653/823 2815/2815/823 2816/2816/823
f 2653/2653/823 2816/2816/823 2817/2817/823
f 2650/2650/824 2818/2818/824 2819/2819/824
f 2650/2650/824 2819/2819/824 2820/2820/824
f 2651/2651/825 2821/2821/825 2822/2822/825
f 2651/2651/825 2822/2822/825 2823/2823/825
f 2824/2824/826 2822/2822/826 2825/2825/826
f 2824/2824/826 2825/2825/826 2826/2826/826
f 2827/2827/827 2828/2828/827 2829/2829/827
f 2827/2827/827 2829/2829/827 2343/2343/827
f 2830/2830/828 2831/2831/828 2832/2832/828
f 2830/2830/828 2832/2832/828 2833/2833/828
f 2834/2834/829 2833/2833/829 2835/2835/829
f 2834/2834/829 2835/2835/829 2836/2836/829
f 2837/2837/830 2835/2835/830 2838/2838/830
f 2837/2837/830 2838/2838/830 2839/2839/830
f 2840/2840/831 2838/2838/831 2841/2841/831
f 2840/2840/831 2841/2841/831 2842/2842/831
f 2843/2843/832 2841/2841/832 2844/2844/832
f 2843/2843/832 2844/2844/832 2845/2845/832
f 2846/2846/833 2847/2847/833 2848/2848/833
f 2846/2846/833 2848/2848/833 2849/2849/833
f 2850/2850/834 2851/2851/834 2852/2852/834
f 2850/2850/834 2852/2852/834 2853/2853/834
f 2854/2854/835 2855/2855/835 2856/2856/835
f 2854/2854/835 2856/2856/835 2857/2857/835
f 2857/2857/836 2858/2858/836 2859/2859/836
f 2857/2857/836 2859/2859/836 2792/2792/836
f 2860/2860/837 2859/2859/837 2861/2861/837
f 2860/2860/837 2861/2861/837 2862/2862/837
f 2863/2863/838 2861/2861/838 2864/2864/838
f 2863/2863/838 2864/2864/838 2865/2865/838
f 2866/2866/839 2867/2867/839 2868/2868/839
f 2866/2866/839 2868/2868/839 2869/2869/839
f 2869/2869/840 2870/2870/840 2871/2871/840
f 2869/2869/840 2871/2871/840 2455/2455/840
f 2468/2468/720 2872/2872/720 2873/2873/720
f 2468/2468/720 2873/2873/720 2465/2465/720
f 2465/2465/720 2873/2873/720 2874/2874/720
f 2465/2465/720 2874/2874/720 2469/2469/720
f 2444/2444/713 2875/2875/713 2876/2876/713
f 2444/2444/713 2876/2876/713 2441/2441/713
f 2458/2458/718 2877/2877/718 2878/2878/718
f 2879/2879/841 2880/2880/841 2881/2881/841
f 2879/2879/841 2881/2881/841 2675/2675/841
f 2882/2882/842 2883/2883/842 2884/2884/842
f 2882/2882/842 2884/2884/842 2885/2885/842
f 2885/2885/843 2886/2886/843 2887/2887/843
f 2885/2885/843 2887/2887/843 2888/2888/843
f 2889/2889/844 2890/2890/844 2891/2891/844
f 2889/2889/844 2891/2891/844 2892/2892/844
f 2893/2893/845 2463/2463/845 2894/2894/845
f 2893/2893/845 2894/2894/845 2895/2895/845
f 2896/2896/846 2897/2897/846 2898/2898/846
f 2896/2896/846 2898/2898/846 2893/2893/846
f 2899/2899/847 2900/2900/847 2901/2901/847
f 2899/2899/847 2901/2901/847 2902/2902/847
f 2903/2903/848 2904/2904/848 2905/2905/848
f 2903/2903/848 2905/2905/848 2906/2906/848
f 2907/2907/849 2908/2908/849 2909/2909/849
f 2907/2907/849 2909/2909/849 2368/2368/849
f 2910/2910/850 2911/2911/850 2912/2912/850
f 2910/2910/850 2912/2912/850 2369/2369/850
f 2913/2913/851 2914/2914/851 2915/2915/851
f 2913/2913/851 2915/2915/851 2365/2365/851
f 2916/2916/852 2917/2917/852 2918/2918/852
f 2916/2916/852 2918/2918/852 2919/2919/852
f 2920/2920/853 2921/2921/853 2922/2922/853
f 2920/2920/853 2922/2922/853 2403/2403/853
f 2923/2923/854 2924/2924/854 2925/2925/854
f 2923/2923/854 2925/2925/854 2699/2699/854
f 2926/2926/855 2925/2925/855 2927/2927/855
f 2926/2926/855 2927/2927/855 2928/2928/855
f 2929/2929/856 2930/2930/856 2931/2931/856
f 2929/2929/856 2931/2931/856 2932/2932/856
f 2933/2933/857 2934/2934/857 2935/2935/857
f 2936/2936/858 2219/2219/858 2937/2937/858
f 2938/2938/859 2939/2939/859 2940/2940/859
f 2941/2941/860 2942/2942/860 2943/2943/860
f 2944/2944/861 2945/2945/861 2946/2946/861
f 2942/2942/862 2947/2947/862 2948/2948/862
f 2949/2949/863 2950/2950/863 2951/2951/863
f 2952/2952/864 2953/2953/864 2954/2954/864
f 2955/2955/865 2956/2956/865 2957/2957/865
f 2958/2958/866 2959/2959/866 2960/2960/866
f 2961/2961/867 2962/2962/867 2963/2963/867
f 2964/2964/868 2965/2965/868 2966/2966/868
f 2967/2967/869 2968/2968/869 2969/2969/869
f 2964/2964/870 2970/2970/870 2971/2971/870
f 2972/2972/871 2973/2973/871 2974/2974/871
f 2972/2972/871 2974/2974/871 2975/2975/871
f 2976/2976/872 2977/2977/872 2598/2598/872
f 2976/2976/872 2598/2598/872 2978/2978/872
f 2979/2979/873 2980/2980/873 2981/2981/873
f 2979/2979/873 2981/2981/873 2982/2982/873
f 2982/2982/874 2983/2983/874 2984/2984/874
f 2982/2982/874 2984/2984/874 2468/2468/874
f 2985/2985/875 2986/2986/875 2987/2987/875
f 2985/2985/875 2987/2987/875 2988/2988/875
f 2986/2986/876 2976/2976/876 2989/2989/876
f 2986/2986/876 2989/2989/876 2990/2990/876
f 2991/2991/877 2985/2985/877 2992/2992/877
f 2991/2991/877 2992/2992/877 2993/2993/877
f 2994/2994/878 2995/2995/878 2996/2996/878
f 2994/2994/878 2996/2996/878 2730/2730/878
f 2997/2997/879 2998/2998/879 2999/2999/879
f 2997/2997/879 2999/2999/879 2680/2680/879
f 3000/3000/880 3001/3001/880 2684/2684/880
f 3000/3000/880 2684/2684/880 3002/3002/880
f 3003/3003/881 3004/3004/881 3005/3005/881
f 3003/3003/881 3005/3005/881 3006/3006/881
f 3007/3007/882 3008/3008/882 2694/2694/882
f 3007/3007/882 2694/2694/882 3009/3009/882
f 3010/3010/883 3011/3011/883 2703/2703/883
f 3010/3010/883 2703/2703/883 3012/3012/883
f 3013/3013/884 3014/3014/884 2400/2400/884
f 3013/3013/884 2400/2400/884 3015/3015/884
f 3016/3016/885 3017/3017/885 3018/3018/885
f 3016/3016/885 3018/3018/885 3019/3019/885
f 3020/3020/886 3016/3016/886 3021/3021/886
f 3020/3020/886 3021/3021/886 3022/3022/886
f 3023/3023/887 3024/3024/887 3025/3025/887
f 3023/3023/887 3025/3025/887 2380/2380/887
f 3026/3026/888 3027/3027/888 2376/2376/888
f 3026/3026/888 2376/2376/888 3028/3028/888
f 3029/3029/889 3030/3030/889 3031/3031/889
f 3029/3029/889 3031/3031/889 3032/3032/889
f 3033/3033/890 3034/3034/890 3035/3035/890
f 3033/3033/890 3035/3035/890 3036/3036/890
f 3037/3037/891 3033/3033/891 3038/3038/891
f 3037/3037/891 3038/3038/891 3039/3039/891
f 3040/3040/892 3037/3037/892 3041/3041/892
f 3040/3040/892 3041/3041/892 3042/3042/892
f 3043/3043/893 3040/3040/893 3044/3044/893
f 3043/3043/893 3044/3044/893 2287/2287/893
f 3045/3045/894 3046/3046/894 3047/3047/894
f 3045/3045/894 3047/3047/894 3048/3048/894
f 3049/3049/895 2871/2871/895 3050/3050/895
f 3049/3049/895 3050/3050/895 3051/3051/895
f 3052/3052/896 2868/2868/896 3053/3053/896
f 3052/3052/896 3053/3053/896 3054/3054/896
f 3055/3055/897 2864/2864/897 3056/3056/897
f 3055/3055/897 3056/3056/897 3057/3057/897
f 3058/3058/898 2861/2861/898 3059/3059/898
f 3058/3058/898 3059/3059/898 3060/3060/898
f 3061/3061/899 3059/3059/899 3062/3062/899
f 3061/3061/899 3062/3062/899 3063/3063/899
f 3064/3064/900 2856/2856/900 3065/3065/900
f 3064/3064/900 3065/3065/900 3066/3066/900
f 3067/3067/901 2898/2898/901 3068/3068/901
f 3067/3067/901 3068/3068/901 3069/3069/901
f 3070/3070/902 2852/2852/902 3071/3071/902
f 3070/3070/902 3071/3071/902 3072/3072/902
f 3073/3073/686 2353/2353/686 2184/2184/686
f 3074/3074/903 2984/2984/903 3075/3075/903
f 3074/3074/903 3075/3075/903 3076/3076/903
f 3077/3077/720 3078/3078/720 2984/2984/720
f 3077/3077/720 2984/2984/720 3074/3074/720
f 3079/3079/720 3080/3080/720 3078/3078/720
f 3079/3079/720 3078/3078/720 3077/3077/720
f 3081/3081/713 2876/2876/713 2875/2875/713
f 3081/3081/713 2875/2875/713 3082/3082/713
f 3083/3083/718 2877/2877/718 2458/2458/718
f 3084/3084/904 2457/2457/904 3085/3085/904
f 3084/3084/904 3085/3085/904 3086/3086/904
f 3087/3087/905 2981/2981/905 3088/3088/905
f 3087/3087/905 3088/3088/905 3089/3089/905
f 3090/3090/720 2467/2467/720 2466/2466/720
f 3090/3090/720 2466/2466/720 3091/3091/720
f 3091/3091/720 2466/2466/720 2470/2470/720
f 3091/3091/720 2470/2470/720 3092/3092/720
f 3093/3093/713 2443/2443/713 2442/2442/713
f 3093/3093/713 2442/2442/713 3094/3094/713
f 2878/2878/718 2459/2459/718 2458/2458/718
f 3095/3095/906 2454/2454/906 3096/3096/906
f 3095/3095/906 3096/3096/906 3097/3097/906
f 3098/3098/907 3099/3099/907 3100/3100/907
f 3098/3098/907 3100/3100/907 3101/3101/907
f 3102/3102/908 2447/2447/908 3099/3099/908
f 3102/3102/908 3099/3099/908 3103/3103/908
f 3104/3104/909 3105/3105/909 3106/3106/909
f 3104/3104/909 3106/3106/909 3102/3102/909
f 3107/3107/910 2463/2463/910 3108/3108/910
f 3107/3107/910 3108/3108/910 3109/3109/910
f 3110/3110/911 2894/2894/911 3111/3111/911
f 3110/3110/911 3111/3111/911 3112/3112/911
f 3113/3113/912 2803/2803/912 2802/2802/912
f 3113/3113/912 2802/2802/912 3114/3114/912
f 3115/3115/772 2658/2658/772 2657/2657/772
f 3116/3116/913 3117/3117/913 3118/3118/913
f 3116/3116/913 3118/3118/913 2514/2514/913
f 3119/3119/914 3120/3120/914 3121/3121/914
f 3119/3119/914 3121/3121/914 2972/2972/914
f 3122/3122/915 3123/3123/915 3124/3124/915
f 3122/3122/915 3124/3124/915 2602/2602/915
f 3125/3125/916 3126/3126/916 3127/3127/916
f 3125/3125/916 3127/3127/916 2629/2629/916
f 3128/3128/917 3129/3129/917 3130/3130/917
f 3128/3128/917 3130/3130/917 2479/2479/917
f 2933/2933/857 3131/3131/857 3132/3132/857
f 3133/3133/918 3134/3134/918 3135/3135/918
f 3133/3133/918 3135/3135/918 2490/2490/918
f 2505/2505/919 3136/3136/919 3137/3137/919
f 2505/2505/919 3137/3137/919 2502/2502/919
f 3138/3138/920 3139/3139/920 3140/3140/920
f 3138/3138/920 3140/3140/920 2483/2483/920
f 2791/2791/921 3141/3141/921 3142/3142/921
f 2791/2791/921 3142/3142/921 3143/3143/921
f 2587/2587/922 3142/3142/922 3144/3144/922
f 2587/2587/922 3144/3144/922 3145/3145/922
f 2892/2892/923 3144/3144/923 3146/3146/923
f 2892/2892/923 3146/3146/923 3147/3147/923
f 2808/2808/924 3148/3148/924 3149/3149/924
f 2808/2808/924 3149/3149/924 3150/3150/924
f 2487/2487/725 3151/3151/725 3152/3152/725
f 2211/2211/925 3153/3153/925 3154/3154/925
f 2211/2211/925 3154/3154/925 2190/2190/925
f 3048/3048/926 3155/3155/926 3156/3156/926
f 3048/3048/926 3156/3156/926 3157/3157/926
f 3158/3158/927 3159/3159/927 3160/3160/927
f 3158/3158/927 3160/3160/927 3161/3161/927
f 2321/2321/928 3162/3162/928 3163/3163/928
f 2321/2321/928 3163/3163/928 3164/3164/928
f 2179/2179/929 3165/3165/929 3166/3166/929
f 2179/2179/929 3166/3166/929 3167/3167/929
f 3168/3168/930 3169/3169/930 3170/3170/930
f 2190/2190/931 3171/3171/931 3172/3172/931
f 2190/2190/931 3172/3172/931 3173/3173/931
f 3173/3173/932 3174/3174/932 3175/3175/932
f 3173/3173/932 3175/3175/932 2183/2183/932
f 2183/2183/933 3175/3175/933 3176/3176/933
f 2183/2183/933 3176/3176/933 3177/3177/933
f 2797/2797/934 3176/3176/934 3178/3178/934
f 2797/2797/934 3178/3178/934 3179/3179/934
f 2273/2273/935 3178/3178/935 3180/3180/935
f 2273/2273/935 3180/3180/935 2270/2270/935
f 2902/2902/936 3180/3180/936 3181/3181/936
f 2902/2902/936 3181/3181/936 3182/3182/936
f 3183/3183/937 3184/3184/937 3185/3185/937
f 3183/3183/937 3185/3185/937 3186/3186/937
f 2184/2184/938 3187/3187/938 3188/3188/938
f 3189/3189/939 2210/2210/939 3190/3190/939
f 3189/3189/939 3190/3190/939 3191/3191/939
f 3192/3192/940 2189/2189/940 3193/3193/940
f 3192/3192/940 3193/3193/940 3194/3194/940
f 3195/3195/941 2200/2200/941 2182/2182/941
f 3195/3195/941 2182/2182/941 3196/3196/941
f 3197/3197/942 2182/2182/942 3198/3198/942
f 3197/3197/942 3198/3198/942 3199/3199/942
f 3200/3200/943 2796/2796/943 3201/3201/943
f 3200/3200/943 3201/3201/943 3202/3202/943
f 3203/3203/944 2272/2272/944 3204/3204/944
f 3203/3203/944 3204/3204/944 3205/3205/944
f 3206/3206/945 2901/2901/945 3207/3207/945
f 3206/3206/945 3207/3207/945 3208/3208/945
f 2844/2844/946 2848/2848/946 3209/3209/946
f 2844/2844/946 3209/3209/946 3210/3210/946
f 2431/2431/938 3187/3187/938 2184/2184/938
f 3211/3211/947 3047/3047/947 3212/3212/947
f 3211/3211/947 3212/3212/947 3213/3213/947
f 3214/3214/674 2291/2291/674 3215/3215/674
f 3214/3214/674 3215/3215/674 3216/3216/674
f 3217/3217/948 2320/2320/948 3218/3218/948
f 3217/3217/948 3218/3218/948 3219/3219/948
f 2221/2221/949 2178/2178/949 3220/3220/949
f 2221/2221/949 3220/3220/949 3221/3221/949
f 3170/3170/648 3222/3222/648 3168/3168/648
f 3223/3223/950 3118/3118/950 3224/3224/950
f 3223/3223/950 3224/3224/950 3225/3225/950
f 3226/3226/951 3121/3121/951 3227/3227/951
f 3226/3226/951 3227/3227/951 3228/3228/951
f 3229/3229/952 3124/3124/952 3230/3230/952
f 3229/3229/952 3230/3230/952 3231/3231/952
f 3232/3232/915 3127/3127/915 3233/3233/915
f 3232/3232/915 3233/3233/915 3234/3234/915
f 2580/2580/953 3130/3130/953 3235/3235/953
f 2580/2580/953 3235/3235/953 3236/3236/953
f 2526/2526/857 3131/3131/857 2933/2933/857
f 3237/3237/954 3135/3135/954 3238/3238/954
f 3237/3237/954 3238/3238/954 3239/3239/954
f 3240/3240/955 3137/3137/955 3136/3136/955
f 3240/3240/955 3136/3136/955 3241/3241/955
f 3242/3242/956 3140/3140/956 3243/3243/956
f 3242/3242/956 3243/3243/956 3244/3244/956
f 3245/3245/957 3142/3142/957 3246/3246/957
f 3245/3245/957 3246/3246/957 3247/3247/957
f 2733/2733/958 3248/3248/958 3142/3142/958
f 2733/2733/958 3142/3142/958 3249/3249/958
f 2887/2887/959 3250/3250/959 3251/3251/959
f 2887/2887/959 3251/3251/959 2733/2733/959
f 3252/3252/960 3149/3149/960 3148/3148/960
f 3252/3252/960 3148/3148/960 2887/2887/960
f 3152/3152/725 2488/2488/725 2487/2487/725
f 3253/3253/961 2516/2516/961 3254/3254/961
f 3253/3253/961 3254/3254/961 3255/3255/961
f 3256/3256/962 2492/2492/962 3257/3257/962
f 3256/3256/962 3257/3257/962 3095/3095/962
f 3258/3258/963 2504/2504/963 3259/3259/963
f 3258/3258/963 3259/3259/963 3098/3098/963
f 3260/3260/964 2485/2485/964 3261/3261/964
f 3260/3260/964 3261/3261/964 3102/3102/964
f 3262/3262/965 3263/3263/965 3264/3264/965
f 3262/3262/965 3264/3264/965 3104/3104/965
f 3265/3265/966 2586/2586/966 3266/3266/966
f 3265/3265/966 3266/3266/966 3267/3267/966
f 3268/3268/967 2891/2891/967 3269/3269/967
f 3268/3268/967 3269/3269/967 3270/3270/967
f 3271/3271/968 2807/2807/968 3272/3272/968
f 3271/3271/968 3272/3272/968 3273/3273/968
f 2659/2659/725 3151/3151/725 2487/2487/725
f 3274/3274/969 2974/2974/969 3275/3275/969
f 3274/3274/969 3275/3275/969 3087/3087/969
f 3276/3276/761 2604/2604/761 3277/3277/761
f 3276/3276/761 3277/3277/761 3090/3090/761
f 3278/3278/970 2631/2631/970 3279/3279/970
f 3278/3278/970 3279/3279/970 3091/3091/970
f 2935/2935/971 2481/2481/971 3280/3280/971
f 2935/2935/971 3280/3280/971 3093/3093/971
f 3132/3132/857 2934/2934/857 2933/2933/857
f 3281/3281/972 3154/3154/972 3282/3282/972
f 3281/3281/972 3282/3282/972 3283/3283/972
f 3284/3284/973 3156/3156/973 3155/3155/973
f 3284/3284/973 3155/3155/973 3074/3074/973
f 3285/3285/974 3160/3160/974 3286/3286/974
f 3285/3285/974 3286/3286/974 3077/3077/974
f 3287/3287/927 3163/3163/927 3288/3288/927
f 3287/3287/927 3288/3288/927 3079/3079/927
f 3289/3289/975 3166/3166/975 3169/3169/975
f 3289/3289/975 3169/3169/975 3081/3081/975
f 3290/3290/930 3169/3169/930 3168/3168/930
f 3291/3291/976 3292/3292/976 3293/3293/976
f 3291/3291/976 3293/3293/976 3294/3294/976
f 3295/3295/977 3296/3296/977 3292/3292/977
f 3295/3295/977 3292/3292/977 3297/3297/977
f 3298/3298/978 3176/3176/978 3296/3296/978
f 3298/3298/978 3296/3296/978 3299/3299/978
f 3300/3300/979 3301/3301/979 3302/3302/979
f 3300/3300/979 3302/3302/979 3298/3298/979
f 3303/3303/980 3304/3304/980 3305/3305/980
f 3303/3303/980 3305/3305/980 3300/3300/980
f 3306/3306/981 3181/3181/981 3307/3307/981
f 3306/3306/981 3307/3307/981 3308/3308/981
f 3309/3309/982 3185/3185/982 3310/3310/982
f 3309/3309/982 3310/3310/982 3070/3070/982
f 3188/3188/638 2185/2185/638 2184/2184/638
f 3311/3311/983 3312/3312/983 3313/3313/983
f 3311/3311/983 3313/3313/983 3314/3314/983
f 3315/3315/222 3316/3316/222 1876/1876/222
f 3315/3315/222 1876/1876/222 1875/1875/222
f 3316/3316/222 3317/3317/222 1877/1877/222
f 3316/3316/222 1877/1877/222 1876/1876/222
f 3318/3318/222 3319/3319/222 1002/1002/222
f 3318/3318/222 1002/1002/222 1001/1001/222
f 3319/3319/222 3320/3320/222 1175/1175/222
f 3319/3319/222 1175/1175/222 1002/1002/222
f 3321/3321/984 3322/3322/984 3323/3323/984
f 3321/3321/984 3323/3323/984 3324/3324/984
f 3322/3322/985 3325/3325/985 3326/3326/985
f 3322/3322/985 3326/3326/985 3327/3327/985
f 3328/3328/986 3329/3329/986 3330/3330/986
f 3328/3328/986 3330/3330/986 3331/3331/986
f 3332/3332/987 3333/3333/987 3334/3334/987
f 3332/3332/987 3334/3334/987 3335/3335/987
f 3336/3336/222 3337/3337/222 1173/1173/222
f 3336/3336/222 1173/1173/222 1174/1174/222
f 3320/3320/222 3336/3336/222 1174/1174/222
f 3320/3320/222 1174/1174/222 1175/1175/222
f 3338/3338/988 3339/3339/988 3340/3340/988
f 3338/3338/988 3340/3340/988 3341/3341/988
f 3317/3317/222 3342/3342/222 1701/1701/222
f 3317/3317/222 1701/1701/222 1877/1877/222
f 3312/3312/989 3343/3343/989 3344/3344/989
f 3312/3312/989 3344/3344/989 3345/3345/989
f 3346/3346/990 3347/3347/990 3348/3348/990
f 3346/3346/990 3348/3348/990 3349/3349/990
f 3350/3350/222 3315/3315/222 1875/1875/222
f 3350/3350/222 1875/1875/222 1336/1336/222
f 3351/3351/222 3352/3352/222 1335/1335/222
f 3351/3351/222 1335/1335/222 1339/1339/222
f 3353/3353/222 3351/3351/222 1339/1339/222
f 3353/3353/222 1339/1339/222 1341/1341/222
f 3347/3347/991 3354/3354/991 3355/3355/991
f 3347/3347/991 3355/3355/991 3356/3356/991
f 3352/3352/222 3350/3350/222 1336/1336/222
f 3352/3352/222 1336/1336/222 1335/1335/222
f 3354/3354/992 3357/3357/992 3358/3358/992
f 3354/3354/992 3358/3358/992 3359/3359/992
f 3357/3357/993 3360/3360/993 3361/3361/993
f 3357/3357/993 3361/3361/993 3362/3362/993
f 3363/3363/994 3364/3364/994 3365/3365/994
f 3363/3363/994 3365/3365/994 3366/3366/994
f 3367/3367/222 3353/3353/222 1341/1341/222
f 3367/3367/222 1341/1341/222 1340/1340/222
f 3368/3368/995 3369/3369/995 3370/3370/995
f 3368/3368/995 3370/3370/995 3371/3371/995
f 3372/3372/996 3373/3373/996 3374/3374/996
f 3372/3372/996 3374/3374/996 3375/3375/996
f 3376/3376/997 3372/3372/997 3377/3377/997
f 3376/3376/997 3377/3377/997 3378/3378/997
f 3379/3379/222 3380/3380/222 603/603/222
f 3379/3379/222 603/603/222 602/602/222
f 3380/3380/222 3381/3381/222 999/999/222
f 3380/3380/222 999/999/222 603/603/222
f 3381/3381/222 3382/3382/222 1000/1000/222
f 3381/3381/222 1000/1000/222 999/999/222
f 3383/3383/222 3367/3367/222 1340/1340/222
f 3383/3383/222 1340/1340/222 1699/1699/222
f 3384/3384/998 3385/3385/998 3386/3386/998
f 3384/3384/998 3386/3386/998 3387/3387/998
f 3382/3382/222 3318/3318/222 1001/1001/222
f 3382/3382/222 1001/1001/222 1000/1000/222
f 3325/3325/999 3368/3368/999 3388/3388/999
f 3325/3325/999 3388/3388/999 3389/3389/999
f 3390/3390/1000 3391/3391/1000 3392/3392/1000
f 3390/3390/1000 3392/3392/1000 3393/3393/1000
f 3394/3394/222 3383/3383/222 1699/1699/222
f 3394/3394/222 1699/1699/222 1698/1698/222
f 3391/3391/1001 3395/3395/1001 3396/3396/1001
f 3391/3391/1001 3396/3396/1001 3397/3397/1001
f 3395/3395/1002 3338/3338/1002 3398/3398/1002
f 3395/3395/1002 3398/3398/1002 3399/3399/1002
f 3342/3342/222 3400/3400/222 1700/1700/222
f 3342/3342/222 1700/1700/222 1701/1701/222
f 3400/3400/222 3394/3394/222 1698/1698/222
f 3400/3400/222 1698/1698/222 1700/1700/222
f 3401/3401/1003 3402/3402/1003 3403/3403/1003
f 3401/3401/1003 3403/3403/1003 3404/3404/1003
f 3405/3405/1004 3401/3401/1004 3406/3406/1004
f 3405/3405/1004 3406/3406/1004 3407/3407/1004
f 3408/3408/1005 3405/3405/1005 3409/3409/1005
f 3408/3408/1005 3409/3409/1005 3410/3410/1005
f 3411/3411/1006 3408/3408/1006 3412/3412/1006
f 3411/3411/1006 3412/3412/1006 3413/3413/1006
f 3414/3414/222 3415/3415/222 600/600/222
f 3414/3414/222 600/600/222 597/597/222
f 3415/3415/222 3379/3379/222 602/602/222
f 3415/3415/222 602/602/222 600/600/222
f 3416/3416/222 3414/3414/222 597/597/222
f 3416/3416/222 597/597/222 596/596/222
f 3337/3337/222 3416/3416/222 596/596/222
f 3337/3337/222 596/596/222 1173/1173/222
f 3417/3417/1007 3418/3418/1007 3419/3419/1007
f 3417/3417/1007 3419/3419/1007 2032/2032/1007
f 3420/3420/1008 3421/3421/1008 3422/3422/1008
f 3420/3420/1008 3422/3422/1008 3423/3423/1008
f 3424/3424/1009 3417/3417/1009 2032/2032/1009
f 3424/3424/1009 2032/2032/1009 3425/3425/1009
f 3421/3421/1010 3426/3426/1010 3427/3427/1010
f 3421/3421/1010 3427/3427/1010 3428/3428/1010
f 3429/3429/1011 3430/3430/1011 2039/2039/1011
f 3429/3429/1011 2039/2039/1011 3431/3431/1011
f 3432/3432/1012 3433/3433/1012 3434/3434/1012
f 3432/3432/1012 3434/3434/1012 3435/3435/1012
f 3430/3430/1013 3436/3436/1013 2035/2035/1013
f 3430/3430/1013 2035/2035/1013 2039/2039/1013
f 3426/3426/1014 3437/3437/1014 3438/3438/1014
f 3426/3426/1014 3438/3438/1014 3439/3439/1014
f 3440/3440/1015 3441/3441/1015 3442/3442/1015
f 3440/3440/1015 3442/3442/1015 3443/3443/1015
f 3444/3444/1016 3445/3445/1016 3446/3446/1016
f 3444/3444/1016 3446/3446/1016 3447/3447/1016
f 3448/3448/1017 3429/3429/1017 3449/3449/1017
f 3448/3448/1017 3449/3449/1017 3450/3450/1017
f 3433/3433/1018 3451/3451/1018 3452/3452/1018
f 3433/3433/1018 3452/3452/1018 3453/3453/1018
f 3454/3454/1019 3448/3448/1019 3455/3455/1019
f 3454/3454/1019 3455/3455/1019 3456/3456/1019
f 3451/3451/1020 3457/3457/1020 3458/3458/1020
f 3451/3451/1020 3458/3458/1020 3459/3459/1020
f 3460/3460/1021 3461/3461/1021 3462/3462/1021
f 3460/3460/1021 3462/3462/1021 3463/3463/1021
f 3457/3457/1022 3464/3464/1022 3465/3465/1022
f 3457/3457/1022 3465/3465/1022 3466/3466/1022
f 3467/3467/1023 3468/3468/1023 3469/3469/1023
f 3467/3467/1023 3469/3469/1023 3470/3470/1023
f 3471/3471/1024 3472/3472/1024 3473/3473/1024
f 3471/3471/1024 3473/3473/1024 3474/3474/1024
f 3475/3475/1025 3460/3460/1025 3476/3476/1025
f 3475/3475/1025 3476/3476/1025 2040/2040/1025
f 3464/3464/1026 3420/3420/1026 3423/3423/1026
f 3464/3464/1026 3423/3423/1026 3477/3477/1026
f 3478/3478/1027 3479/3479/1027 3480/3480/1027
f 3478/3478/1027 3480/3480/1027 3481/3481/1027
f 3482/3482/1028 3483/3483/1028 3484/3484/1028
f 3482/3482/1028 3484/3484/1028 3485/3485/1028
f 3486/3486/1029 3478/3478/1029 3487/3487/1029
f 3486/3486/1029 3487/3487/1029 1232/1232/1029
f 3483/3483/1030 3488/3488/1030 3489/3489/1030
f 3483/3483/1030 3489/3489/1030 3490/3490/1030
f 3491/3491/1031 3492/3492/1031 3493/3493/1031
f 3491/3491/1031 3493/3493/1031 3494/3494/1031
f 3495/3495/1032 3496/3496/1032 694/694/1032
f 3495/3495/1032 694/694/1032 3497/3497/1032
f 3498/3498/1033 3499/3499/1033 3500/3500/1033
f 3498/3498/1033 3500/3500/1033 3501/3501/1033
f 3479/3479/1034 3502/3502/1034 3503/3503/1034
f 3479/3479/1034 3503/3503/1034 3504/3504/1034
f 3499/3499/1035 3482/3482/1035 3485/3485/1035
f 3499/3499/1035 3485/3485/1035 3500/3500/1035
f 3505/3505/1036 3506/3506/1036 3507/3507/1036
f 3505/3505/1036 3507/3507/1036 3508/3508/1036
f 3509/3509/1037 3510/3510/1037 3511/3511/1037
f 3509/3509/1037 3511/3511/1037 3512/3512/1037
f 3513/3513/1038 3498/3498/1038 3514/3514/1038
f 3513/3513/1038 3514/3514/1038 3515/3515/1038
f 3510/3510/1039 3516/3516/1039 3517/3517/1039
f 3510/3510/1039 3517/3517/1039 3518/3518/1039
f 3519/3519/1040 3513/3513/1040 3520/3520/1040
f 3519/3519/1040 3520/3520/1040 3521/3521/1040
f 3522/3522/1041 3523/3523/1041 3524/3524/1041
f 3522/3522/1041 3524/3524/1041 3525/3525/1041
f 3526/3526/1042 3527/3527/1042 3528/3528/1042
f 3526/3526/1042 3528/3528/1042 3529/3529/1042
f 3516/3516/1043 3530/3530/1043 3531/3531/1043
f 3516/3516/1043 3531/3531/1043 3517/3517/1043
f 3532/3532/1044 3519/3519/1044 3533/3533/1044
f 3532/3532/1044 3533/3533/1044 3534/3534/1044
f 3530/3530/1045 3535/3535/1045 1232/1232/1045
f 3530/3530/1045 1232/1232/1045 3536/3536/1045
f 3488/3488/1046 3537/3537/1046 3538/3538/1046
f 3488/3488/1046 3538/3538/1046 3489/3489/1046
f 2765/2765/1047 2764/2764/1047 2763/2763/1047
f 2765/2765/1047 2763/2763/1047 3539/3539/1047
f 3540/3540/1048 2393/2393/1048 2392/2392/1048
f 3540/3540/1048 2392/2392/1048 3541/3541/1048
f 3541/3541/1049 2918/2918/1049 2917/2917/1049
f 3541/3541/1049 2917/2917/1049 3542/3542/1049
f 2829/2829/1050 2832/2832/1050 2831/2831/1050
f 2829/2829/1050 2831/2831/1050 3543/3543/1050
f 2343/2343/801 2750/2750/801 2749/2749/801
f 3544/3544/1051 3018/3018/1051 3017/3017/1051
f 3544/3544/1051 3017/3017/1051 3013/3013/1051
f 3545/3545/1052 2389/2389/1052 2388/2388/1052
f 3545/3545/1052 2388/2388/1052 3546/3546/1052
f 3547/3547/705 2419/2419/705 2418/2418/705
# Vertices: 3270, normals: 943, texture coordinates: 3270, faces: 2290

