# File generated by ImageToStl.com - Free Image and 3D model conversion tools

mtllib low_poly_tree.mtl

o obj1
v 0.0636601 0.82164234 0.05759605
v 0.06526828 0.83066672 0.05694133
v 0.05300609 0.82969198 0.02724441
v 0.06366008 0.82164232 -0.05759625
v 0.0530061 0.82969197 -0.02724466
v 0.06526826 0.83066671 -0.05694153
v 0.20230486 0.84155917 -1E-07
v 0.20176665 0.8421954 -1E-07
v 0.2018057 0.84151949 0.00120877
v 0.04098406 -0.13693506 -0.14809502
v -0.01675442 -0.1231214 -0.00870211
v 0.01325774 -0.13720598 -0.15958314
v 0.04098406 -0.13693506 -0.14809502
v 0.06871285 -0.13720598 -0.13661288
v -0.01675442 -0.1231214 -0.00870211
v 0.06871285 -0.13720598 -0.13661288
v 0.09873291 -0.13807454 -0.12418941
v -0.01675442 -0.1231214 -0.00870211
v 0.24282746 -0.15736357 -0.06033618
v 0.19126908 -0.14254015 -0.0500806
v 0.1814883 -0.14254016 -0.08232357
v 0.19534452 -0.14254015 -0.00870217
v -0.01675442 -0.1231214 -0.00870211
v -0.01675442 -0.1231214 -0.00870211
v 0.19126908 -0.14254014 0.03267627
v -0.01675442 -0.1231214 -0.00870211
v 0.17919944 -0.14254013 0.07246455
v -0.01675442 -0.1231214 -0.00870211
v 0.1595994 -0.14254013 0.10913363
v -0.01675442 -0.1231214 -0.00870211
v 0.13322218 -0.14254012 0.14127435
v -0.01675442 -0.1231214 -0.00870211
v 0.10108146 -0.14254012 0.16765157
v -0.01675442 -0.1231214 -0.00870211
v 0.06441238 -0.14254011 0.1872516
v -0.01675442 -0.1231214 -0.00870211
v 0.02462409 -0.14254011 0.19932124
v -0.01675442 -0.1231214 -0.00870211
v -0.01675433 -0.14254011 0.20339665
v -0.03381508 -0.14254011 0.20171632
v -0.01675434 -0.14413996 0.20907022
v -0.05669965 -0.14186756 0.19211652
v -0.09358112 -0.14150181 0.17677409
v -0.01675442 -0.1231214 -0.00870211
v -0.09358112 -0.14150181 0.17677409
v -0.13050898 -0.14186757 0.16154371
v -0.01675442 -0.1231214 -0.00870211
v -0.17074267 -0.14413998 0.14528617
v -0.16673082 -0.14254012 0.14127432
v -0.15347879 -0.14254012 0.15214999
v -0.19310804 -0.14254013 0.10913361
v -0.01675442 -0.1231214 -0.00870211
v -0.21270807 -0.14254013 0.07246453
v -0.01675442 -0.1231214 -0.00870211
v -0.2247777 -0.14254014 0.03267625
v -0.01675442 -0.1231214 -0.00870211
v -0.22885311 -0.14254015 -0.00870216
v -0.01675442 -0.1231214 -0.00870211
v -0.22477768 -0.14254015 -0.05008058
v -0.01675442 -0.1231214 -0.00870211
v -0.22885311 -0.14254015 -0.00870216
v -0.25697105 -0.15179599 -0.05648424
v -0.21774448 -0.14254016 -0.07326589
v -0.01675442 -0.1231214 -0.00870211
v -0.19560396 -0.14084517 -0.0827841
v -0.15424634 -0.138261 -0.10057138
v -0.122349 -0.13679367 -0.11429681
v -0.01675442 -0.1231214 -0.00870211
v -0.15424634 -0.138261 -0.10057138
v -0.06958014 -0.13575975 -0.13623492
v -0.01675442 -0.1231214 -0.00870211
v -0.09494967 -0.13600762 -0.12572973
v -0.01675442 -0.1231214 -0.00870211
v -0.06958014 -0.13575975 -0.13623492
v -0.04421288 -0.13600762 -0.14674559
v -0.01675442 -0.1231214 -0.00870211
v -0.04421288 -0.13600762 -0.14674559
v -0.01675436 -0.13680227 -0.15812957
v 0 -2E-08 -0.16329921
v 0 0.16544003 -0.1532552
v 0.10836777 0.16544004 -0.1083678
v 0.11546998 -2E-08 -0.11546998
v 0.15325517 0.16544006 -2E-08
v 0.21520657 -0 -0.02506309
v 0.10836777 0.16544008 0.10836774
v 0.15217402 2E-08 0.12711092
v -1E-08 0.16544008 0.15325515
v -2E-08 3E-08 0.19014347
v -0.10836776 0.16544008 0.10836775
v -0.15217401 2E-08 0.12711094
v -0.15325517 0.16544006 -3E-08
v -0.21520657 -0 -0.0250631
v 0.16686269 0.46858235 0.08199676
v 0.08529367 0.47694736 0.11596095
v -0.10836778 0.16544004 -0.10836779
v -0.11547 -2E-08 -0.11546997
v 0 0.16544003 -0.1532552
v 0 -2E-08 -0.16329921
v -0.03006232 0.48877723 -5E-08
v 0.00372465 0.48531238 -0.08199684
v 0.16686269 0.46858233 -0.08199684
v 0.20064967 0.46511746 -4E-08
v 0.00372467 0.4853124 0.08199676
v 0.08529367 0.47694733 -0.11596104
v 0.08529367 0.47694733 -0.11596104
v 0.04175653 0.82879778 -1.1E-07
v 0.04273644 0.8304198 -1.1E-07
v 0.0517006 0.83123123 -0.02155777
v 0.17823849 0.82243806 -0.05810631
v 0.17879311 0.83969023 -0.05694154
v 0.19840537 0.84124922 -0.00944399
v 0.19058394 0.82893938 -0.02826164
v 0.12203068 0.83517849 0.08052725
v 0.11905499 0.87261572 0.05355841
v 0.08130247 0.86961497 0.03787148
v 0.12203068 0.83517846 -0.08052746
v 0.11905499 0.8726157 -0.05355863
v 0.15680753 0.87561644 -0.0378717
v 0.12203068 0.83517846 -0.08052746
v 0.08130246 0.86961496 -0.0378717
v 0.11905499 0.8726157 -0.05355863
v 0.05170059 0.83123124 0.02155751
v 0.17879311 0.83969025 0.05694133
v 0.15680753 0.87561645 0.03787148
v 0.01325774 -0.13720598 -0.15958314
v -0.01675442 -0.1231214 -0.00870211
v -0.01675436 -0.13680227 -0.15812957
v 0 -0.13758968 -0.16507965
v 0.09873291 -0.13807454 -0.12418941
v 0.11674113 -0.1389205 -0.1167411
v 0.12870829 -0.13913866 -0.10589719
v -0.01675442 -0.1231214 -0.00870211
v 0.13250476 -0.13929757 -0.10245863
v 0.17115559 -0.14174303 -0.086537
v -0.01675442 -0.1231214 -0.00870211
v 0.12870829 -0.13913866 -0.10589719
v -0.01675442 -0.1231214 -0.00870211
v 0.17115559 -0.14174303 -0.086537
v 0.25125528 -0.15830603 -0.00870215
v 0.2296735 -0.15358169 0.04031539
v 0.21057711 -0.15211711 0.08546162
v 0.19215711 -0.15358168 0.130888
v 0.14757156 -0.14826243 0.15562374
v 0.1044897 -0.14426999 0.17275237
v 0.0650766 -0.14302955 0.1888552
v 0.0258209 -0.14426999 0.20533803
v -0.05669965 -0.14186756 0.19211652
v -0.01675442 -0.1231214 -0.00870211
v -0.01675442 -0.1231214 -0.00870211
v -0.13050898 -0.14186757 0.16154371
v -0.21331579 -0.14272562 0.07271626
v -0.19738898 -0.14399195 0.11199404
v -0.22982743 -0.14399197 0.03368071
v -0.24848805 -0.14807687 -0.00870217
v -0.01675442 -0.1231214 -0.00870211
v -0.19560396 -0.14084517 -0.0827841
v -0.01675442 -0.1231214 -0.00870211
v -0.122349 -0.13679367 -0.11429681
v -0.11672026 -0.1366375 -0.11672021
v -0.09494967 -0.13600762 -0.12572973
v 0.12100868 0.8252127 -0.0815132
v 0.1538689 0.81824169 -0.06835504
v 0.06566487 0.86837193 -1.1E-07
v 0.0698174 0.82117656 -0.06023752
v 0.0657877 0.82149164 -0.05847243
v 0.12100868 0.8252127 -0.0815132
v 0.11759061 0.825904 -0.07995552
v 0.11141915 0.8300311 -0.07673227
v 0.17819972 0.82123204 0.05818754
v 0.15399744 0.81823177 0.06835061
v 0.15389278 0.81823722 0.06839332
v 0.12100868 0.82521273 0.08151299
v 0.06975324 0.8211642 0.06027099
v 0.11752204 0.82591846 0.07997752
v 0.11140127 0.83002789 0.07675079
v 0.11881129 0.82565782 0.08056724
v 0.18967012 0.82787117 0.03046754
v 0.19058517 0.82893939 0.02826181
v 0.19163937 0.82848436 0.02570313
v 0.08130247 0.86961497 0.03787148
v 0.08130246 0.86961496 -0.0378717
v 0.06566487 0.86837193 -1.1E-07
v 0.11905499 0.8726157 -0.05355863
v 0.11905499 0.87261572 0.05355841
v 0.15680753 0.87561645 0.03787148
v 0.15680753 0.87561644 -0.0378717
v 0.17244513 0.87685949 -1.1E-07
v 0.17244513 0.87685949 -1.1E-07
v 0.20176663 0.84219548 -1.3E-07
v 0.19830794 0.84334717 -0.00563803
v -0.09494967 -0.13600762 -0.12572973
v -0.11672026 -0.1366375 -0.11672021
v -0.06958014 -0.13575975 -0.13623492
v -0.01675436 -0.13680227 -0.15812957
v 0 -0.13758968 -0.16507965
v -0.04421288 -0.13600762 -0.14674559
v -0.25810895 -0.15210336 -0.05599794
v -0.26691637 -0.15439438 -0.0490661
v -0.25697105 -0.15179599 -0.05648424
v -0.21774448 -0.14254016 -0.07326589
v -0.19560396 -0.14084517 -0.0827841
v -0.15424634 -0.138261 -0.10057138
v -0.122349 -0.13679367 -0.11429681
v -0.19738898 -0.14399195 0.11199404
v -0.18688084 -0.14655091 0.13903417
v -0.21331579 -0.14272562 0.07271626
v -0.22982743 -0.14399197 0.03368071
v -0.24848805 -0.14807687 -0.00870217
v -0.01675434 -0.14413996 0.20907022
v -2E-08 -0.1466913 0.21646792
v -0.03381508 -0.14254011 0.20171632
v -0.05669965 -0.14186756 0.19211652
v -0.09358112 -0.14150181 0.17677409
v -0.17074267 -0.14413998 0.14528617
v -0.15347879 -0.14254012 0.15214999
v -0.13050898 -0.14186757 0.16154371
v 0.14757156 -0.14826243 0.15562374
v 0.18874282 -0.15441313 0.13967382
v 0.1044897 -0.14426999 0.17275237
v 0.0650766 -0.14302955 0.1888552
v 0.0258209 -0.14426999 0.20533803
v 0.19215711 -0.15358168 0.130888
v 0.21057711 -0.15211711 0.08546162
v 0.2296735 -0.15358169 0.04031539
v 0.25125528 -0.15830603 -0.00870215
v 0.27042778 -0.16487865 -0.05069603
v 0.24282746 -0.15736357 -0.06033618
v 0.1814883 -0.14254016 -0.08232357
v 0.17115559 -0.14174303 -0.086537
v 0.13250476 -0.13929757 -0.10245863
v 0.12870829 -0.13913866 -0.10589719
v 0.11674113 -0.1389205 -0.1167411
v 0.01325774 -0.13720598 -0.15958314
v 0 -0.13758968 -0.16507965
v 0.04098406 -0.13693506 -0.14809502
v 0.09873291 -0.13807454 -0.12418941
v 0.06871285 -0.13720598 -0.13661288
v 0.27042778 -0.16487865 -0.05069603
v 0.18874282 -0.15441313 0.13967382
v -2E-08 -0.1466913 0.21646792
v -0.18688084 -0.14655091 0.13903417
v -0.25810895 -0.15210336 -0.05599794
v -0.24848805 -0.14807687 -0.00870217
v -0.26691637 -0.15439438 -0.0490661
vn -0.90983 -0.36948 0.18894
vn -0.90983 0.36948 0.18894
vn 0.72365 -0.31887 0.61209
vn 0.25865 0.62448 -0.73697
vn 0 0 -1
vn 0.27202 0.61978 -0.73612
vn 0.24589 0.63061 -0.73612
vn 0.23438 0.6379 -0.73358
vn 0.22077 0.67627 -0.70279
vn -0.18397 -0.03659 -0.98225
vn 0.30376 0.62308 -0.72077
vn -0.18757 0 -0.98225
vn -0.18397 0.03659 -0.98225
vn -0.17329 0.07178 -0.98225
vn -0.15595 0.10419 -0.98225
vn -0.13264 0.13264 -0.98225
vn -0.10419 0.15595 -0.98225
vn -0.07178 0.17329 -0.98225
vn -0.03659 0.18397 -0.98225
vn 0 0.18757 -0.98225
vn -0.29891 -0.65186 -0.69694
vn -0.34774 -0.57242 -0.74257
vn -0.29365 -0.66843 -0.68335
vn -0.27903 -0.67367 -0.68433
vn -0.265 -0.6803 -0.68335
vn -0.15885 -0.65067 -0.74256
vn 0.13264 0.13264 -0.98225
vn -0.24956 -0.67231 -0.69694
vn 0.15595 0.10419 -0.98225
vn 0.17329 0.07178 -0.98225
vn 0.18397 0.03659 -0.98225
vn 0.18757 0 -0.98225
vn 0.18397 -0.03659 -0.98225
vn -0.23222 0.68605 -0.6895
vn -0.32253 0.63691 -0.70023
vn -0.36928 0.6467 -0.66739
vn -0.37831 0.63647 -0.67215
vn -0.3894 0.62644 -0.67524
vn -0.25865 0.62448 -0.73697
vn -0.24589 0.63061 -0.73612
vn -0.27202 0.61978 -0.73612
vn -0.28532 0.61679 -0.73359
vn 0.38208 0.92243 0.056
vn 0.78874 0.57387 0.22039
vn 0.8878 -0.36774 0.27674
vn 0.37481 -0.90488 0.20176
vn -0.37481 -0.90488 0.20176
vn -0.8878 -0.36774 0.27674
vn 0.38363 -0.92347 0.00591
vn -0.78874 0.57387 0.22039
vn -0.38208 0.92243 0.056
vn -0.86929 0.36532 0.33296
vn 0.91364 0.38021 -0.14386
vn -0.36741 -0.90689 0.20631
vn -0.36741 0.90689 0.20631
vn 0.38363 0.92347 0.00591
vn 0.91364 -0.38021 -0.14386
vn -0.86929 -0.36532 0.33296
vn -0.81123 0.3189 0.49012
vn 0.92435 0.38152 -0.00401
vn -0.36169 -0.76986 0.52584
vn 0.27408 0.76986 0.57637
vn -0.36169 0.76986 0.52584
vn -0.81123 -0.3189 0.49011
vn 0.27408 -0.76986 0.57637
vn -0.00421 0.74988 -0.66156
vn 0.32284 0.67314 -0.66533
vn 0.36602 0.62839 -0.68641
vn 0.36343 0.63441 -0.68223
vn 0.35613 0.63932 -0.6815
vn 0.59445 -0.36446 -0.7168
vn 0.60731 -0.31307 -0.73018
vn 0.62659 -0.25953 -0.73487
vn 0.65082 -0.20805 -0.73017
vn 0.15885 -0.65067 -0.74256
vn 0.20121 -0.62451 -0.75465
vn 0.24922 -0.60165 -0.75888
vn 0.29931 -0.58387 -0.75466
vn -0.62659 -0.25953 -0.73487
vn -0.65082 -0.20805 -0.73017
vn -0.60731 -0.31307 -0.73018
vn -0.59445 -0.36446 -0.7168
vn -0.31926 0.63328 -0.705
vn 0.38501 0.92152 0.05076
vn 0.38 0.92361 0.05053
vn -0.81124 0.31888 0.4901
vn -0.37745 0.91663 0.13158
vn -0.3888 0.91208 0.13017
vn -0.9068 -0.3762 0.19021
vn 0.38501 -0.92152 0.05071
vn 0.38005 -0.92351 0.05187
vn 0.92445 0.38129 -0.00402
vn -0.9068 0.3762 0.19021
vn -0.37745 -0.91665 0.13148
vn -0.38883 -0.91132 0.13531
vn 0.92445 -0.38129 -0.00402
vn 0.92434 -0.38154 -0.00396
vn -0.07924 0 0.99686
vn 0.72363 -0.31889 0.6121
vn -0.81124 -0.31888 0.4901
vn 0.72362 0.31889 0.61211
vn 0.72363 0.31889 0.6121
vn -0.38266 0.92381 0.01195
vn -0.53835 0.82256 0.18323
vn -0.89631 -0.37126 0.24247
vn -0.37753 -0.91144 0.16356
vn 0.37753 -0.91144 0.16356
vn 0.89631 -0.37126 0.24247
vn 0.53335 0.83315 0.14626
vn 0.38266 0.92381 0.01195
vn 0.76233 0.2639 -0.59094
vn 0.53814 -0.5249 -0.65946
vn -0.01584 -0.73755 -0.67511
vn -0.53814 -0.5249 -0.65946
vn -0.23319 0.69497 -0.68017
vn -0.68281 0.29296 -0.66929
vt 0.86133 0.79323
vt 0.85021 0.79323
vt 0.8187 0.79323
vt 0.82981 0.79323
vt 0.92527 0.79323
vt 0.92482 0.79323
vt 0.91538 0.80081
vt 0.91728 0.79323
vt 0.91921 0.80096
vt 0.91385 0.80081
vt 0.91002 0.80096
vt 0.91195 0.79323
vt 0.90856 0.80096
vt 0.90457 0.80144
vt 0.90662 0.79323
vt 0.88797 0.80664
vt 0.88797 0.80389
vt 0.89229 0.80389
vt 0.88264 0.80389
vt 0.88531 0.79323
vt 0.87998 0.79323
vt 0.87731 0.80389
vt 0.87465 0.79323
vt 0.87198 0.80389
vt 0.86932 0.79323
vt 0.86666 0.80389
vt 0.86399 0.79323
vt 0.86133 0.80389
vt 0.85866 0.79323
vt 0.856 0.80389
vt 0.85333 0.79323
vt 0.85067 0.80389
vt 0.848 0.79323
vt 0.84534 0.80389
vt 0.84268 0.79323
vt 0.84001 0.80389
vt 0.83781 0.80389
vt 0.84001 0.80419
vt 0.83459 0.80352
vt 0.8295 0.80332
vt 0.83202 0.79323
vt 0.82921 0.80332
vt 0.82412 0.80352
vt 0.82669 0.79323
vt 0.8187 0.80419
vt 0.8187 0.80389
vt 0.82089 0.80389
vt 0.81337 0.80389
vt 0.81603 0.79323
vt 0.80804 0.80389
vt 0.8107 0.79323
vt 0.80271 0.80389
vt 0.80537 0.79323
vt 0.79738 0.80389
vt 0.80005 0.79323
vt 0.96258 0.80389
vt 0.96524 0.79323
vt 0.9679 0.80389
vt 0.96258 0.80561
vt 0.95947 0.80389
vt 0.95458 0.79323
vt 0.95701 0.80296
vt 0.95251 0.80154
vt 0.94738 0.80074
vt 0.94925 0.79323
vt 0.95133 0.80154
vt 0.93686 0.80017
vt 0.9386 0.79323
vt 0.94036 0.80031
vt 0.93327 0.79323
vt 0.935 0.80017
vt 0.9315 0.80031
vt 0.92794 0.79323
vt 0.92971 0.80031
vt 0.92606 0.80074
vt 0.9679 0.83586
vt 0.9679 0.79323
vt 0.94659 0.79323
vt 0.94659 0.83586
vt 0.92527 0.83586
vt 0.90396 0.79323
vt 0.90396 0.83586
vt 0.88264 0.79323
vt 0.88264 0.83586
vt 0.86133 0.83586
vt 0.84001 0.79323
vt 0.84001 0.83586
vt 0.8187 0.83586
vt 0.79738 0.79323
vt 0.79738 0.83586
vt 0.83181 0.79323
vt 0.92881 0.79323
vt 0.93572 0.79323
vt 0.84821 0.79323
vt 0.92068 0.80096
vt 0.92261 0.79323
vt 0.92449 0.80074
vt 0.92244 0.80117
vt 0.90335 0.80144
vt 0.90114 0.8019
vt 0.8991 0.80202
vt 0.90129 0.79323
vt 0.89754 0.80211
vt 0.89341 0.80345
vt 0.89596 0.79323
vt 0.89816 0.80202
vt 0.89064 0.79323
vt 0.89319 0.80345
vt 0.88264 0.80681
vt 0.87731 0.80594
vt 0.87198 0.80567
vt 0.86666 0.80594
vt 0.86133 0.80495
vt 0.856 0.80421
vt 0.85067 0.80398
vt 0.84534 0.80421
vt 0.83478 0.80352
vt 0.83735 0.79323
vt 0.82136 0.79323
vt 0.82393 0.80352
vt 0.80804 0.80393
vt 0.81337 0.80416
vt 0.80271 0.80416
vt 0.79738 0.80492
vt 0.95991 0.79323
vt 0.95748 0.80296
vt 0.94392 0.79323
vt 0.9458 0.80074
vt 0.94505 0.80065
vt 0.94216 0.80031
vt 0.95551 0.79323
vt 0.81641 0.79323
vt 0.81792 0.79323
vt 0.79867 0.79323
vt 0.80116 0.79323
vt 0.89508 0.79323
vt 0.89504 0.79323
vt 0.8636 0.79323
vt 0.88134 0.79323
vt 0.87886 0.79323
vt 0.88183 0.79323
vt 0.91402 0.79323
vt 0.91483 0.79323
vt 0.91579 0.79323
vt 0.81107 0.95007
vt 0.81107 0.89219
vt 0.79909 0.92113
vt 0.84001 0.8802
vt 0.84001 0.96205
vt 0.86895 0.95007
vt 0.86895 0.89219
vt 0.88094 0.92113
vt 0.92747 0.79323
vt 0.81472 0.87091
vt 0.8187 0.87107
vt 0.81009 0.87085
vt 0.80044 0.87112
vt 0.79738 0.87132
vt 0.80546 0.87091
vt 0.83858 0.87518
vt 0.84001 0.87565
vt 0.83842 0.8751
vt 0.83309 0.87276
vt 0.82999 0.87231
vt 0.82415 0.8716
vt 0.81954 0.87114
vt 0.85818 0.87297
vt 0.86133 0.87363
vt 0.8537 0.87264
vt 0.84927 0.87297
vt 0.84451 0.87402
vt 0.88067 0.87301
vt 0.88264 0.87366
vt 0.87871 0.87259
vt 0.87609 0.87242
vt 0.87189 0.87233
vt 0.86314 0.87301
vt 0.86508 0.87259
vt 0.86769 0.87242
vt 0.89941 0.87407
vt 0.90396 0.87565
vt 0.8946 0.87304
vt 0.89014 0.87272
vt 0.88565 0.87304
vt 0.90498 0.87544
vt 0.91012 0.87506
vt 0.9152 0.87544
vt 0.92066 0.87666
vt 0.92527 0.87835
vt 0.92881 0.87639
vt 0.93685 0.87248
vt 0.93829 0.87225
vt 0.94373 0.87154
vt 0.94441 0.87156
vt 0.94659 0.87166
vt 0.96548 0.87122
vt 0.9679 0.87132
vt 0.96042 0.87115
vt 0.94988 0.87144
vt 0.95536 0.87122
vt 0.88659 0.80803
vt 0.86568 0.80609
vt 0.84201 0.80466
vt 0.8168 0.80463
vt 0.96265 0.80566
vt 0.9679 0.80492
vt 0.96355 0.80609
usemtl mat0
f 1/1/1 2/1/1 3/2/1
f 4/3/2 5/4/2 6/3/2
f 7/5/3 8/5/3 9/6/3
f 10/7/4 11/8/5 12/9/6
f 13/10/4 14/11/7 15/12/5
f 16/13/7 17/14/8 18/15/5
f 19/16/9 20/17/10 21/18/11
f 20/17/10 22/19/12 23/20/5
f 24/21/5 22/19/12 25/22/13
f 26/23/5 25/22/13 27/24/14
f 28/25/5 27/24/14 29/26/15
f 30/27/5 29/26/15 31/28/16
f 32/29/5 31/28/16 33/30/17
f 34/31/5 33/30/17 35/32/18
f 36/33/5 35/32/18 37/34/19
f 38/35/5 37/34/19 39/36/20
f 40/37/21 39/36/20 41/38/22
f 42/39/23 43/40/24 44/41/5
f 45/42/24 46/43/25 47/44/5
f 48/45/26 49/46/27 50/47/28
f 51/48/29 52/49/5 49/46/27
f 53/50/30 54/51/5 51/48/29
f 55/52/31 56/53/5 53/50/30
f 57/54/32 58/55/5 55/52/31
f 59/56/33 60/57/5 61/58/32
f 59/56/33 62/59/34 63/60/35
f 64/61/5 65/62/36 66/63/37
f 67/64/38 68/65/5 69/66/37
f 70/67/39 71/68/5 72/69/40
f 73/70/5 74/71/39 75/72/41
f 76/73/5 77/74/41 78/75/42
f 79/76/43 80/77/43 81/78/43
f 79/76/43 81/78/43 82/79/43
f 82/79/44 81/78/44 83/5/44
f 82/79/44 83/5/44 84/80/44
f 84/80/45 83/5/45 85/81/45
f 84/80/45 85/81/45 86/82/45
f 86/82/46 85/81/46 87/83/46
f 86/82/46 87/83/46 88/84/46
f 88/84/47 87/83/47 89/1/47
f 88/84/47 89/1/47 90/85/47
f 90/85/48 89/1/48 91/86/48
f 90/85/48 91/86/48 92/87/48
f 87/83/49 85/81/49 93/81/49
f 87/83/49 93/81/49 94/83/49
f 92/87/50 91/86/50 95/3/50
f 92/87/50 95/3/50 96/88/50
f 96/88/51 95/3/51 97/89/51
f 96/88/51 97/89/51 98/90/51
f 95/3/52 91/86/52 99/86/52
f 95/3/52 99/86/52 100/3/52
f 83/5/53 81/78/53 101/78/53
f 83/5/53 101/78/53 102/5/53
f 89/1/54 87/83/54 94/83/54
f 89/1/54 94/83/54 103/1/54
f 97/89/55 95/3/55 100/3/55
f 97/89/55 100/3/55 104/89/55
f 81/78/56 80/77/56 105/77/56
f 81/78/56 105/77/56 101/78/56
f 85/81/57 83/5/57 102/5/57
f 85/81/57 102/5/57 93/81/57
f 91/86/58 89/1/58 103/1/58
f 91/86/58 103/1/58 99/86/58
f 5/4/59 106/86/59 107/86/59
f 5/4/59 107/86/59 108/91/59
f 109/78/60 110/78/60 111/92/60
f 109/78/60 111/92/60 112/93/60
f 2/1/61 113/83/61 114/83/61
f 2/1/61 114/83/61 115/1/61
f 110/78/62 116/77/62 117/77/62
f 110/78/62 117/77/62 118/78/62
f 119/89/63 6/3/63 120/3/63
f 119/89/63 120/3/63 121/89/63
f 106/86/64 3/2/64 122/94/64
f 106/86/64 122/94/64 107/86/64
f 113/83/65 123/81/65 124/81/65
f 113/83/65 124/81/65 114/83/65
f 125/95/6 126/96/5 127/97/42
f 125/95/6 127/97/42 128/98/66
f 129/99/8 130/100/67 131/101/68
f 129/99/8 131/101/68 132/102/5
f 133/103/69 134/104/70 135/105/5
f 133/103/69 135/105/5 136/106/68
f 20/17/10 137/107/5 138/108/70
f 20/17/10 138/108/70 21/18/11
f 25/22/13 22/19/12 139/109/71
f 25/22/13 139/109/71 140/110/72
f 27/24/14 25/22/13 140/110/72
f 27/24/14 140/110/72 141/111/73
f 29/26/15 27/24/14 141/111/73
f 29/26/15 141/111/73 142/112/74
f 33/30/17 31/28/16 143/113/75
f 33/30/17 143/113/75 144/114/76
f 35/32/18 33/30/17 144/114/76
f 35/32/18 144/114/76 145/115/77
f 37/34/19 35/32/18 145/115/77
f 37/34/19 145/115/77 146/116/78
f 39/36/20 40/37/21 147/117/23
f 39/36/20 147/117/23 148/118/5
f 49/46/27 149/119/5 150/120/25
f 49/46/27 150/120/25 50/47/28
f 151/121/79 53/50/30 51/48/29
f 151/121/79 51/48/29 152/122/80
f 153/123/81 55/52/31 53/50/30
f 153/123/81 53/50/30 151/121/79
f 154/124/82 57/54/32 55/52/31
f 154/124/82 55/52/31 153/123/81
f 155/125/5 59/56/33 63/60/35
f 155/125/5 63/60/35 156/126/36
f 157/127/5 158/128/38 159/129/83
f 157/127/5 159/129/83 160/130/40
f 161/77/84 162/131/84 105/77/84
f 105/77/84 109/78/84 101/78/84
f 109/78/84 105/77/84 162/131/84
f 161/77/85 109/78/85 162/131/85
f 109/78/85 161/77/85 110/78/85
f 110/78/85 161/77/85 116/77/85
f 120/3/86 107/86/86 163/86/86
f 107/86/86 120/3/86 108/91/86
f 108/91/86 120/3/86 5/4/86
f 5/4/86 120/3/86 6/3/86
f 4/3/87 164/132/87 100/3/87
f 164/132/87 4/3/87 165/133/87
f 100/3/87 166/89/87 104/89/87
f 166/89/87 100/3/87 164/132/87
f 166/89/87 164/132/87 167/134/87
f 167/134/87 164/132/87 168/135/87
f 165/133/88 168/135/88 164/132/88
f 168/135/88 165/133/88 4/3/88
f 168/135/88 4/3/88 6/3/88
f 167/134/88 119/89/88 166/89/88
f 119/89/88 167/134/88 168/135/88
f 119/89/88 168/135/88 6/3/88
f 1/1/89 99/86/89 103/1/89
f 99/86/89 1/1/89 3/2/89
f 99/86/89 3/2/89 106/86/89
f 169/81/90 94/83/90 93/81/90
f 94/83/90 169/81/90 170/136/90
f 94/83/90 171/137/90 172/83/90
f 171/137/90 94/83/90 170/136/90
f 169/81/91 171/137/91 170/136/91
f 171/137/91 169/81/91 172/83/91
f 172/83/91 169/81/91 123/81/91
f 172/83/91 123/81/91 113/83/91
f 102/5/92 111/92/92 7/5/92
f 111/92/92 102/5/92 101/78/92
f 111/92/92 101/78/92 112/93/92
f 112/93/92 101/78/92 109/78/92
f 106/86/93 100/3/93 99/86/93
f 100/3/93 106/86/93 5/4/93
f 100/3/93 5/4/93 4/3/93
f 172/83/94 103/1/94 94/83/94
f 103/1/94 172/83/94 173/138/94
f 173/138/94 172/83/94 174/139/94
f 173/138/94 174/139/94 175/140/94
f 174/139/94 172/83/94 176/141/94
f 1/1/94 103/1/94 173/138/94
f 113/83/95 176/141/95 172/83/95
f 176/141/95 113/83/95 174/139/95
f 174/139/95 113/83/95 175/140/95
f 175/140/95 113/83/95 2/1/95
f 175/140/95 1/1/95 173/138/95
f 1/1/95 175/140/95 2/1/95
f 102/5/96 169/81/96 93/81/96
f 169/81/96 102/5/96 177/142/96
f 177/142/96 102/5/96 178/143/96
f 178/143/96 102/5/96 179/144/96
f 179/144/96 102/5/96 9/6/96
f 9/6/96 102/5/96 7/5/96
f 177/142/97 123/81/97 169/81/97
f 123/81/97 177/142/97 178/143/97
f 123/81/97 178/143/97 9/6/97
f 9/6/97 178/143/97 179/144/97
f 180/145/98 181/146/98 182/147/98
f 181/146/98 180/145/98 183/148/98
f 183/148/98 180/145/98 184/149/98
f 183/148/98 184/149/98 185/150/98
f 183/148/98 185/150/98 186/151/98
f 186/151/98 185/150/98 187/152/98
f 9/6/99 124/81/99 123/81/99
f 124/81/99 9/6/99 188/5/99
f 188/5/99 9/6/99 8/5/99
f 115/1/100 3/2/100 2/1/100
f 3/2/100 115/1/100 163/86/100
f 3/2/100 163/86/100 122/94/100
f 122/94/100 163/86/100 107/86/100
f 7/5/101 189/5/101 8/5/101
f 189/5/101 7/5/101 111/92/101
f 189/5/101 111/92/101 190/153/101
f 188/5/102 189/5/102 118/78/102
f 189/5/102 188/5/102 8/5/102
f 118/78/102 189/5/102 190/153/102
f 118/78/102 190/153/102 111/92/102
f 118/78/102 111/92/102 110/78/102
f 96/88/103 191/154/103 192/155/103
f 191/154/103 96/88/103 193/156/103
f 194/157/103 98/90/103 195/158/103
f 98/90/103 194/157/103 196/159/103
f 98/90/103 196/159/103 193/156/103
f 98/90/103 193/156/103 96/88/103
f 92/87/104 197/160/104 198/161/104
f 197/160/104 92/87/104 199/162/104
f 199/162/104 92/87/104 200/163/104
f 200/163/104 92/87/104 201/164/104
f 201/164/104 92/87/104 202/165/104
f 202/165/104 92/87/104 203/166/104
f 203/166/104 92/87/104 192/155/104
f 192/155/104 92/87/104 96/88/104
f 90/85/105 204/167/105 205/168/105
f 204/167/105 90/85/105 92/87/105
f 204/167/105 92/87/105 206/169/105
f 206/169/105 92/87/105 207/170/105
f 207/170/105 92/87/105 208/171/105
f 208/171/105 92/87/105 198/161/105
f 88/84/106 209/172/106 210/173/106
f 209/172/106 88/84/106 211/174/106
f 211/174/106 88/84/106 212/175/106
f 212/175/106 88/84/106 213/176/106
f 214/177/106 90/85/106 205/168/106
f 90/85/106 214/177/106 215/178/106
f 90/85/106 215/178/106 216/179/106
f 90/85/106 216/179/106 213/176/106
f 90/85/106 213/176/106 88/84/106
f 86/82/107 217/180/107 218/181/107
f 217/180/107 86/82/107 219/182/107
f 219/182/107 86/82/107 220/183/107
f 221/184/107 88/84/107 210/173/107
f 88/84/107 221/184/107 220/183/107
f 88/84/107 220/183/107 86/82/107
f 222/185/108 86/82/108 218/181/108
f 86/82/108 222/185/108 223/186/108
f 86/82/108 223/186/108 84/80/108
f 84/80/108 223/186/108 224/187/108
f 84/80/108 224/187/108 225/188/108
f 84/80/108 225/188/108 226/189/108
f 227/190/109 84/80/109 226/189/109
f 84/80/109 227/190/109 228/191/109
f 84/80/109 228/191/109 229/192/109
f 84/80/109 229/192/109 230/193/109
f 84/80/109 230/193/109 231/194/109
f 84/80/109 231/194/109 232/195/109
f 84/80/109 232/195/109 82/79/109
f 79/76/110 233/196/110 234/197/110
f 233/196/110 79/76/110 235/198/110
f 236/199/110 82/79/110 232/195/110
f 82/79/110 236/199/110 237/200/110
f 82/79/110 237/200/110 235/198/110
f 82/79/110 235/198/110 79/76/110
f 19/16/9 22/19/12 20/17/10
f 22/19/12 19/16/9 139/109/71
f 139/109/71 19/16/9 238/201/111
f 29/26/15 143/113/75 31/28/16
f 143/113/75 29/26/15 239/202/112
f 239/202/112 29/26/15 142/112/74
f 39/36/20 240/203/113 41/38/22
f 240/203/113 39/36/20 37/34/19
f 240/203/113 37/34/19 146/116/78
f 51/48/29 241/204/114 152/122/80
f 241/204/114 51/48/29 49/46/27
f 241/204/114 49/46/27 48/45/26
f 242/205/115 243/206/82 244/207/116
f 243/206/82 242/205/115 62/59/34
f 243/206/82 62/59/34 59/56/33
f 243/206/82 59/56/33 61/58/32
# Vertices: 244, normals: 116, texture coordinates: 207, faces: 264

o obj2
v 0.02577288 1.24016741 0.23229207
v -0.04609146 1.22460486 0.21193826
v 0.03933829 1.23160831 0.2507686
v 0.19350572 1.6180075 -0.19681886
v 0.19736572 1.62347238 -0.18584521
v 0.26707983 1.60977081 -0.15008808
v 0.02577288 1.24016741 0.23229207
v 0.03933829 1.23160831 0.2507686
v -0.04609146 1.22460486 0.21193826
v -0.36340677 1.199508 0.25872591
v -0.38705837 1.24675841 0.1856039
v -0.36419194 1.18837548 0.20105037
v -0.03011187 1.93033366 -0.04133592
v -0.01603526 1.9389132 -0.04774531
v -0.01249324 1.9364885 -0.05815332
v 0.19350572 1.6180075 -0.19681886
v 0.26707983 1.60977081 -0.15008808
v 0.19736572 1.62347238 -0.18584521
v 0.41540668 1.70066524 0.02184532
v 0.4441096 1.59715492 0.02399055
v 0.46785981 1.60713566 -0.01566316
v -0.0240524 2.25338083 -0.11101318
v -0.0004592 2.23623184 -0.12594667
v -0.0337422 2.24937206 -0.11084126
v -0.03011187 1.93033366 -0.04133592
v -0.01249324 1.9364885 -0.05815332
v -0.01603526 1.9389132 -0.04774531
v 0.04334676 1.99638573 -0.259062
v 0.04391694 1.91006336 -0.28143203
v 0.01069051 1.91663047 -0.30058372
v 0.08351074 2.52053478 -0.08040016
v 0.10590576 2.51064649 -0.07531317
v 0.07588485 2.5139926 -0.08648098
v 0.15402381 2.18672395 -0.21608762
v 0.26142794 2.18942476 -0.17733605
v 0.06421933 2.16171031 -0.23259628
v 0.16129108 2.53587377 0.00125337
v 0.17991186 2.51211729 0.03286389
v 0.16248154 2.53031879 -0.00675079
v -0.03896648 2.52241847 -0.03751756
v -0.03482263 2.52244182 -0.04333161
v -0.02839199 2.4896077 -0.07995762
v 0.14844884 2.1931224 -0.19976021
v -0.0240524 2.25338083 -0.11101318
v -0.0337422 2.24937206 -0.11084126
v -0.0004592 2.23623184 -0.12594667
v 0.24649796 2.35988038 -0.04038026
v 0.26136168 2.23950034 -0.04533614
v 0.26537147 2.2488077 -0.07287652
v 0.07234792 2.79406224 -0.09029877
v 0.07638453 2.79417552 -0.08860919
v 0.12346338 2.7342538 -0.09364437
v 0.16417497 2.48001418 0.20282602
v 0.20708301 2.48792126 0.13375153
v 0.20704727 2.48896827 0.13300251
v 0.11930115 2.79054669 0.00501299
v 0.1223989 2.78386046 0.01315892
v 0.12206763 2.78361118 -0.00158522
v 0.21676698 2.48445414 0.14127747
v 0.25031136 2.4639969 0.08799323
v 0.03293211 2.4818114 0.20845103
v 0.05624778 2.49802146 0.20305044
v 0.0692994 2.62756054 0.15095916
v 0.08677416 2.77384801 0.04703514
v 0.10701328 2.75789497 0.05262113
v 0.10632378 2.75867817 0.05283304
v 0.03820259 2.78845838 0.05828197
v 0.03654367 2.7883006 0.05900612
v 0.04105301 2.77670376 0.06334538
v 0.05662762 2.80086493 0.04461602
v 0.06637126 2.79218094 0.04538645
v 0.01395904 2.79744497 0.02972536
v 0.00288551 2.78757483 0.02409129
v 0.01732391 2.78839495 0.03876055
v -0.02839199 2.4896077 -0.07995762
v -0.03482263 2.52244182 -0.04333161
v -0.03896648 2.52241847 -0.03751756
v 0.20704727 2.48896827 0.13300251
v 0.20708301 2.48792126 0.13375153
v 0.08351074 2.52053478 -0.08040016
v 0.07588485 2.5139926 -0.08648098
v 0.10590576 2.51064649 -0.07531317
v 0.20704727 2.48896827 0.13300251
v 0.16129108 2.53587377 0.00125337
v 0.16248154 2.53031879 -0.00675079
v 0.17991186 2.51211729 0.03286389
v 0.07135181 2.62361962 0.14801161
v 0.07404024 2.51413543 0.16678483
v 0.09140246 2.52497037 0.17571025
v 0.11415917 2.80015306 0.13750407
v 0.19125585 2.70242727 0.09586816
v 0.06827152 3.25503242 0.00227653
v 0.02706217 2.71279316 0.15658923
v -0.07128892 2.73235453 0.11393106
v -0.01342673 2.74078671 0.13274124
v -0.0128796 2.74197918 0.13256913
v -0.01734613 2.73612064 0.14126194
v -0.09770925 2.7397299 0.01927194
v -0.06301003 2.7940894 0.04244877
v -0.07608734 2.80914215 -0.07574691
v -0.01018402 2.71540272 -0.13500423
v 0.08530161 2.79188997 -0.14850937
v 0.16885686 2.67512064 -0.0930348
v 0.20176166 2.77712059 -0.01677204
v 0.12346338 2.7342538 -0.09364437
v 0.07638453 2.79417552 -0.08860919
v 0.07234792 2.79406224 -0.09029877
v -0.0128796 2.74197918 0.13256913
v -0.01342673 2.74078671 0.13274124
v 0.11930115 2.79054669 0.00501299
v 0.12206763 2.78361118 -0.00158522
v 0.1223989 2.78386046 0.01315892
v 0.03820259 2.78845838 0.05828197
v 0.04105301 2.77670376 0.06334538
v 0.03654367 2.7883006 0.05900612
v 0.05662762 2.80086493 0.04461602
v 0.06637126 2.79218094 0.04538645
v 0.04105301 2.77670376 0.06334538
v -0.06301003 2.7940894 0.04244877
v 0.01732391 2.78839495 0.03876055
v 0.01395904 2.79744497 0.02972536
v 0.00288551 2.78757483 0.02409129
v 0.05860113 1.22783746 0.26639703
v 0.04976755 0.84731038 0.71413019
v 0.46952273 0.75862916 0.57774344
v 0.2243506 1.18252957 0.22731032
v -0.36998765 0.75862916 0.57774336
v 0.05467318 0.81825994 0.06819905
v 0.10422276 0.82872821 0.08429872
v -0.62941057 0.8473103 0.22067828
v -0.62941057 0.84731023 -0.22067858
v 0.02404986 0.8287282 -0.02604991
v 0.02404986 0.82872821 0.02604965
v -0.36998757 0.75862897 -0.57774361
v 0.04976763 0.84731015 -0.71413031
v 0.10422278 0.82872819 -0.08429899
v 0.05467318 0.81825991 -0.06819931
v 0.15377241 0.81825991 -0.06819933
v 0.11759061 0.825904 -0.07995552
v 0.12100868 0.8252127 -0.0815132
v 0.1538689 0.81824169 -0.06835504
v 0.16929867 1.61012879 -0.22779858
v -0.02015181 1.24576721 -0.64203423
v -0.35510405 1.14705693 -0.50829087
v 0.02631645 1.57488038 -0.24197705
v -0.54621145 1.2465672 -0.20452823
v -0.12698889 1.19329921 -0.19890812
v -0.19692275 1.2293986 -0.08495079
v 0.06282286 1.24481703 0.51568496
v -0.11606206 1.20455655 0.47200415
v -0.41958183 1.1910255 0.27495327
v -0.3978306 1.25201709 0.18531858
v -0.47728727 1.16605098 0.20583712
v -0.36419194 1.18837548 0.20105037
v 0.11024787 1.93457881 0.11034232
v 0.40180667 1.63940437 0.37286498
v 0.53581682 1.57499562 0.11923623
v 0.14789387 1.93494768 0.05189449
v -0.0075147 1.55453591 0.40850618
v -0.16391982 1.63030419 0.46282645
v 0.00608583 1.60987152 0.16387615
v 0.10093881 1.58889016 0.1732899
v 0.27086519 1.6311917 -0.35793355
v 0.37905207 1.60619385 -0.25891878
v 0.51498815 1.60505586 -0.00427954
v 0.42291942 1.70507318 0.02626301
v 0.52696819 1.5879629 0.06585238
v 0.4441096 1.59715492 0.02399055
v -0.19906894 1.92286389 -0.24090809
v -0.2854797 1.95052991 -0.16224309
v 0.02120234 1.91249499 -0.3364158
v 0.04730297 1.99964365 -0.26466887
v 0.08098583 1.89892421 -0.34400585
v 0.04391694 1.91006336 -0.28143203
v 0.14933178 2.1919741 -0.20008931
v 0.14844884 2.1931224 -0.19976021
v 0.14933178 2.1919741 -0.20008931
v 0.2937001 2.24376013 -0.07635224
v 0.25159819 2.3645403 -0.03944375
v 0.3162681 2.22509098 -0.03906235
v 0.26136168 2.23950034 -0.04533614
v 0.22174583 2.44591874 -0.14444764
v 0.07951866 2.50496748 -0.19213048
v 0.00388059 2.73343084 -0.10589914
v 0.06496172 2.78653759 -0.09635705
v 0.08671954 2.51946889 0.19595563
v 0.0692994 2.62756054 0.15095916
v 0.05624778 2.49802146 0.20305044
v 0.07404024 2.51413543 0.16678483
v 0.05871881 1.22990945 -0.26388986
v 0.46952284 0.75862897 -0.57774365
v 0.13893586 1.22918511 -0.22068294
v 0.20925992 1.21166409 -0.2025926
v 0.30715717 1.18276286 -0.15453249
v 0.20925992 1.21166409 -0.2025926
v 0.35220997 1.1999412 -0.09349873
v 0.72894589 0.84731023 -0.22067848
v 0.32996585 1.2213702 0.08553161
v 0.31663875 1.23398722 0.03280521
v 0.72894581 0.8473103 0.22067824
v 0.72894581 0.81039582 -1.1E-07
v 0.24071981 1.17766242 0.21920387
v 0.2243506 1.18252957 0.22731032
v 0.32996585 1.2213702 0.08553161
v 0.5668719 0.76657984 0.34641615
v -0.08580965 1.22201189 0.19319716
v -0.06086398 1.21489446 0.21591242
v -0.24518305 1.19195256 0.09604672
v -0.10870878 1.22942167 0.16209526
v -0.24518305 1.19195256 0.09604672
v -0.25307043 1.18517845 0.06785953
v -0.20142256 1.22850054 -0.08231937
v -0.12698889 1.19329921 -0.19890812
v -0.10052 1.2007329 -0.21154759
v -0.19692275 1.2293986 -0.08495079
v -0.10052 1.2007329 -0.21154759
v 0.00270331 1.22817589 -0.23464676
v 0.04273644 0.8304198 -1.1E-07
v 0.0517006 0.83123123 -0.02155777
v 0.0530061 0.82969197 -0.02724466
v 0.06366008 0.82164232 -0.05759625
v 0.0657877 0.82149164 -0.05847243
v 0.0698174 0.82117656 -0.06023752
v 0.11141915 0.8300311 -0.07673227
v 0.11759061 0.825904 -0.07995552
v 0.05170059 0.83123124 0.02155751
v 0.05300609 0.82969198 0.02724441
v 0.0636601 0.82164234 0.05759605
v 0.06975324 0.8211642 0.06027099
v 0.11140127 0.83002789 0.07675079
v 0.11752204 0.82591846 0.07997752
v 0.15377241 0.81825994 0.06819906
v 0.18439573 0.8287282 -0.0260499
v 0.18439573 0.82872821 0.02604964
v 0.18439573 0.84324327 -1.3E-07
v 0.20176665 0.8421954 -1E-07
v 0.20176663 0.84219548 -1.3E-07
v 0.2018057 0.84151949 0.00120877
v 0.19163937 0.82848436 0.02570313
v 0.19058517 0.82893939 0.02826181
v 0.11881129 0.82565782 0.08056724
v 0.12100868 0.82521273 0.08151299
v 0.15389278 0.81823722 0.06839332
v 0.19840537 0.84124922 -0.00944399
v 0.19058394 0.82893938 -0.02826164
v 0.20176663 0.84219548 -1.3E-07
v 0.19830794 0.84334717 -0.00563803
v 0.17823849 0.82243806 -0.05810631
v 0.1538689 0.81824169 -0.06835504
v 0.15399744 0.81823177 0.06835061
v 0.17819972 0.82123204 0.05818754
v 0.18967012 0.82787117 0.03046754
v 0.5668719 0.76657984 0.34641615
v 0.39347642 1.14736087 0.38194159
v 0.18523897 1.61255071 0.13308942
v 0.1184845 1.59321433 0.16877004
v 0.25520266 1.60202437 0.12177877
v 0.602346 1.25157987 0.07817912
v 0.00608583 1.60987152 0.16387615
v -0.01873927 1.61056589 0.16538316
v 0.10093881 1.58889016 0.1732899
v 0.1184845 1.59321433 0.16877004
v -0.13377641 1.60044582 0.08129749
v -0.29122389 1.24596429 0.42832348
v -0.08264806 1.61090463 0.11109656
v -0.3978306 1.25201709 0.18531858
v -0.41958183 1.1910255 0.27495327
v -0.13377641 1.60044582 0.08129749
v -0.15371395 1.58141866 0.00629146
v -0.47728727 1.16605098 0.20583712
v -0.1377284 1.59473636 -0.04902792
v -0.52127548 1.14705703 0.15322654
v -0.14986246 1.58586099 -0.01290774
v -0.10118965 1.60372657 -0.1789406
v -0.10343038 1.61366315 -0.12069928
v 0.0141735 1.57215701 -0.24147871
v 0.16929867 1.61012879 -0.22779858
v 0.33542344 1.24663633 -0.55467275
v 0.27671986 1.60496196 -0.14937751
v 0.28231941 1.60709272 -0.14196074
v 0.56086967 1.14811666 -0.27957575
v 0.27003351 1.61821925 -0.05997311
v 0.2820377 1.60495741 -0.00620992
v 0.28231941 1.60709272 -0.14196074
v 0.28198125 1.58780339 0.06535359
v 0.25520266 1.60202437 0.12177877
v 0.2820377 1.60495741 -0.00620992
v 0.00270331 1.22817589 -0.23464676
v 0.05871881 1.22990945 -0.26388986
v 0.13893586 1.22918511 -0.22068294
v -0.10870878 1.22942167 0.16209526
v -0.08580965 1.22201189 0.19319716
v -0.06086398 1.21489446 0.21591242
v 0.35220997 1.1999412 -0.09349873
v 0.30715717 1.18276286 -0.15453249
v 0.31663875 1.23398722 0.03280521
v -0.20142256 1.22850054 -0.08231937
v -0.25307043 1.18517845 0.06785953
v -0.10052 1.2007329 -0.21154759
v 0.05860113 1.22783746 0.26639703
v 0.2243506 1.18252957 0.22731032
v 0.24071981 1.17766242 0.21920387
v 0.32996585 1.2213702 0.08553161
v 0.20925992 1.21166409 -0.2025926
v -0.36419194 1.18837548 0.20105037
v -0.36340677 1.199508 0.25872591
v -0.24518305 1.19195256 0.09604672
v -0.00032052 1.93104302 -0.08854734
v 0.05997254 1.91680042 -0.09839376
v -0.2947557 1.6314705 -0.26797228
v 0.07212285 1.91968315 -0.09586964
v -0.0286658 1.55553119 -0.39921195
v 0.07212285 1.91968315 -0.09586964
v 0.14069563 1.93117208 -0.0709966
v 0.12013379 1.93362045 -0.07365277
v 0.18692695 1.91573245 -0.01939301
v 0.14069563 1.93117208 -0.0709966
v 0.19076243 1.9183143 -0.00798676
v 0.48715166 1.64346749 -0.15990407
v 0.42291942 1.70507318 0.02626301
v 0.19076243 1.9183143 -0.00798676
v 0.51498815 1.60505586 -0.00427954
v 0.14842272 1.93495793 0.05111918
v 0.16034264 1.93151905 0.03981044
v 0.52696819 1.5879629 0.06585238
v 0.13277808 1.55921288 0.50410483
v 0.10025622 1.93403369 0.10961535
v 0.03861822 1.91765324 0.11965197
v 0.11024787 1.93457881 0.11034232
v -0.0075147 1.55453591 0.40850618
v -0.03254588 1.92662122 0.09691365
v 0.01938087 1.91287294 0.12127714
v 0.03861822 1.91765324 0.11965197
v -0.07923157 1.91831778 0.03507506
v -0.37788978 1.63639951 0.2647968
v -0.03254588 1.92662122 0.09691365
v -0.03950181 1.93162397 0.07090376
v 0.10093881 1.58889016 0.1732899
v -0.0075147 1.55453591 0.40850618
v 0.1184845 1.59321433 0.16877004
v 0.18523897 1.61255071 0.13308942
v -0.03732776 1.92803329 -0.03409976
v -0.42705268 1.56600947 -0.01434338
v -0.07309382 1.91449234 0.01160784
v -0.07923157 1.91831778 0.03507506
v -0.0128663 1.92745014 -0.07489383
v -0.03732776 1.92803329 -0.03409976
v -0.00065192 1.93116924 -0.08775931
v -0.08264806 1.61090463 0.11109656
v -0.01873927 1.61056589 0.16538316
v 0.00608583 1.60987152 0.16387615
v 0.27671986 1.60496196 -0.14937751
v 0.28231941 1.60709272 -0.14196074
v 0.27003351 1.61821925 -0.05997311
v -0.15371395 1.58141866 0.00629146
v -0.14986246 1.58586099 -0.01290774
v -0.1377284 1.59473636 -0.04902792
v -0.10343038 1.61366315 -0.12069928
v 0.25520266 1.60202437 0.12177877
v 0.28198125 1.58780339 0.06535359
v 0.0141735 1.57215701 -0.24147871
v 0.02631645 1.57488038 -0.24197705
v 0.16929867 1.61012879 -0.22779858
v -0.10118965 1.60372657 -0.1789406
v -0.13377641 1.60044582 0.08129749
v -0.08264806 1.61090463 0.11109656
v 0.2820377 1.60495741 -0.00620992
v 0.4441096 1.59715492 0.02399055
v 0.46785981 1.60713566 -0.01566316
v -0.01360607 2.23610725 0.18423434
v -0.33122727 1.89508496 0.06211233
v -0.22510342 1.9485906 0.26779692
v -0.05521386 2.20821846 0.15806133
v -0.0638504 2.20200824 0.15306101
v -0.08806475 2.23503972 0.10067305
v -0.08925941 2.24882792 0.07631726
v -0.09012726 2.25367795 0.06654986
v -0.13778595 2.21504287 -0.00546751
v -0.13778595 2.21504287 -0.00546751
v -0.11136042 1.94555268 -0.31957317
v -0.12897215 2.19554428 -0.05212385
v -0.12911668 2.20072091 -0.04447824
v -0.08040196 2.23043958 -0.11005359
v 0.04730297 1.99964365 -0.26466887
v 0.02120234 1.91249499 -0.3364158
v 0.02236497 2.21004576 -0.16263179
v 0.08098583 1.89892421 -0.34400585
v 0.12650372 1.88913863 -0.34978336
v 0.33863082 1.95740293 -0.24133413
v 0.06539871 2.18334881 -0.18113717
v 0.1528263 2.19790301 -0.17937714
v 0.06770574 2.18672963 -0.17933418
v 0.14276167 2.19935234 -0.1777259
v 0.14019725 2.20263913 -0.17561949
v 0.21118729 2.24050395 -0.06899402
v 0.44330324 1.90662783 -0.03564965
v 0.19778622 2.21506257 -0.10962488
v 0.1528263 2.19790301 -0.17937714
v 0.25698592 2.2384319 0.03403322
v 0.39896596 1.96199586 0.1887057
v 0.25306499 2.22402285 0.00144936
v 0.21194767 2.25217133 -0.0486968
v 0.19521151 2.26051897 0.13203472
v 0.22484357 1.95136557 0.34603599
v 0.25698592 2.2384319 0.03403322
v 0.20066559 2.27448686 0.09969954
v 0.14069563 1.93117208 -0.0709966
v 0.12013379 1.93362045 -0.07365277
v 0.18692695 1.91573245 -0.01939301
v 0.19521151 2.26051897 0.13203472
v 0.13864443 2.22804521 0.1708623
v 0.09573949 2.24667193 0.17613231
v -0.01476915 1.88767017 0.37624596
v 0.03775559 2.26695307 0.16728021
v 0.04983467 2.2669567 0.16698175
v 0.11024787 1.93457881 0.11034232
v 0.10025622 1.93403369 0.10961535
v 0.14789387 1.93494768 0.05189449
v 0.14842272 1.93495793 0.05111918
v -0.00065192 1.93116924 -0.08775931
v -0.0128663 1.92745014 -0.07489383
v -0.01249324 1.9364885 -0.05815332
v -0.03950181 1.93162397 0.07090376
v -0.03254588 1.92662122 0.09691365
v 0.01938087 1.91287294 0.12127714
v 0.07212285 1.91968315 -0.09586964
v 0.05997254 1.91680042 -0.09839376
v 0.19076243 1.9183143 -0.00798676
v 0.16034264 1.93151905 0.03981044
v 0.14842272 1.93495793 0.05111918
v -0.07309382 1.91449234 0.01160784
v -0.03732776 1.92803329 -0.03409976
v -0.07923157 1.91831778 0.03507506
v -0.07309382 1.91449234 0.01160784
v 0.01938087 1.91287294 0.12127714
v 0.03861822 1.91765324 0.11965197
v 0.10025622 1.93403369 0.10961535
v 0.01069051 1.91663047 -0.30058372
v -0.00032052 1.93104302 -0.08854734
v 0.04391694 1.91006336 -0.28143203
v 0.00143539 2.45473953 -0.11099218
v -0.23638799 2.16685824 -0.08557082
v -0.02839199 2.4896077 -0.07995762
v -0.08826987 2.24915715 -0.18648563
v 0.0049231 2.44994913 -0.11499005
v 0.04094757 2.48041472 -0.11590123
v 0.04094757 2.48041472 -0.11590123
v 0.10590576 2.51064649 -0.07531317
v 0.14618861 2.49178327 -0.05263437
v 0.1375803 2.49845483 -0.05610158
v 0.16493217 2.51885652 -0.02320468
v 0.33344276 2.21102148 -0.01067764
v 0.17290637 2.50037798 0.05321854
v 0.16493217 2.51885652 -0.02320468
v 0.3162681 2.22509098 -0.03906235
v 0.25159819 2.3645403 -0.03944375
v 0.2937001 2.24376013 -0.07635224
v 0.1477241 2.49749858 0.1399005
v 0.31753157 2.29051407 0.16160435
v 0.15712846 2.50591198 0.09501241
v 0.15505552 2.51325203 0.08883249
v 0.16906321 2.50400304 0.05940524
v 0.17312813 2.49749794 0.0576431
v 0.17290637 2.50037798 0.05321854
v 0.06149639 2.50858455 0.14032469
v 0.1997041 2.20298473 0.29194092
v 0.1477241 2.49749858 0.1399005
v 0.13272106 2.50041917 0.13938733
v 0.08790121 2.52810869 0.12691112
v 0.06149639 2.50858455 0.14032469
v 0.02834582 2.27683129 0.33054791
v 0.04533556 2.49683198 0.14774186
v -0.01519228 2.52179434 0.13554675
v -0.05612095 2.49879896 0.0619392
v -0.15344957 2.16112378 0.25705088
v -0.02138032 2.53573194 0.09823993
v 0.19521151 2.26051897 0.13203472
v 0.13864443 2.22804521 0.1708623
v 0.20066559 2.27448686 0.09969954
v -0.0806065 2.49405005 -0.00305881
v -0.2218603 2.25049309 0.1161329
v -0.07745192 2.47539873 0.03796736
v -0.05612095 2.49879896 0.0619392
v -0.0806065 2.49405005 -0.00305881
v -0.05521386 2.20821846 0.15806133
v -0.01360607 2.23610725 0.18423434
v 0.03775559 2.26695307 0.16728021
v 0.04983467 2.2669567 0.16698175
v 0.14276167 2.19935234 -0.1777259
v 0.14019725 2.20263913 -0.17561949
v 0.1528263 2.19790301 -0.17937714
v 0.19778622 2.21506257 -0.10962488
v -0.12911668 2.20072091 -0.04447824
v -0.13778595 2.21504287 -0.00546751
v -0.08925941 2.24882792 0.07631726
v -0.09012726 2.25367795 0.06654986
v 0.25698592 2.2384319 0.03403322
v 0.25306499 2.22402285 0.00144936
v 0.09573949 2.24667193 0.17613231
v 0.06539871 2.18334881 -0.18113717
v 0.06770574 2.18672963 -0.17933418
v 0.02236497 2.21004576 -0.16263179
v -0.12897215 2.19554428 -0.05212385
v -0.08040196 2.23043958 -0.11005359
v -0.08925941 2.24882792 0.07631726
v -0.08806475 2.23503972 0.10067305
v -0.0638504 2.20200824 0.15306101
v -0.05521386 2.20821846 0.15806133
v 0.21118729 2.24050395 -0.06899402
v 0.21194767 2.25217133 -0.0486968
v 0.26136168 2.23950034 -0.04533614
v 0.26537147 2.2488077 -0.07287652
v 0.25333064 2.53884847 -0.03067136
v 0.06496172 2.78653759 -0.09635705
v 0.14043844 2.73733927 -0.04042933
v 0.14618603 2.70050932 -0.07014621
v 0.12346338 2.7342538 -0.09364437
v 0.14436946 2.70344206 -0.07174994
v 0.14043844 2.73733927 -0.04042933
v 0.08671954 2.51946889 0.19595563
v 0.10758668 2.76681373 0.04483685
v 0.08677416 2.77384801 0.04703514
v -0.08249145 2.54023298 0.15149569
v 0.03094669 2.79989082 0.04609085
v 0.02510679 2.78686515 0.04786584
v 0.03654367 2.7883006 0.05900612
v -0.142026 2.45362818 0.04699195
v 0.00288551 2.78757483 0.02409129
v -0.12775574 2.5178163 -0.08103442
v -0.01361274 2.77221692 0.01497396
v -0.02939424 2.78298323 -0.0098774
v -0.00705075 2.77855035 -0.056699
v -0.03269534 2.41246976 -0.17325324
v -0.02939424 2.78298323 -0.0098774
v -0.01154302 2.80295766 -0.0307048
v -0.07745192 2.47539873 0.03796736
v -0.05612095 2.49879896 0.0619392
v -0.02138032 2.53573194 0.09823993
v 0.00253619 2.73273599 -0.10396522
v -0.00705075 2.77855035 -0.056699
v 0.00388059 2.73343084 -0.10589914
v 0.00143539 2.45473953 -0.11099218
v 0.15712846 2.50591198 0.09501241
v 0.15505552 2.51325203 0.08883249
v 0.1477241 2.49749858 0.1399005
v 0.13272106 2.50041917 0.13938733
v 0.1375803 2.49845483 -0.05610158
v -0.01519228 2.52179434 0.13554675
v 0.04533556 2.49683198 0.14774186
v -0.0806065 2.49405005 -0.00305881
v -0.07745192 2.47539873 0.03796736
v 0.16906321 2.50400304 0.05940524
v 0.15505552 2.51325203 0.08883249
v 0.17312813 2.49749794 0.0576431
v 0.17290637 2.50037798 0.05321854
v 0.14618861 2.49178327 -0.05263437
v 0.16493217 2.51885652 -0.02320468
v 0.16248154 2.53031879 -0.00675079
v 0.0049231 2.44994913 -0.11499005
v 0.04094757 2.48041472 -0.11590123
v 0.07588485 2.5139926 -0.08648098
v 0.04533556 2.49683198 0.14774186
v 0.06149639 2.50858455 0.14032469
v 0.07404024 2.51413543 0.16678483
v 0.08790121 2.52810869 0.12691112
v 0.09140246 2.52497037 0.17571025
v 0.13272106 2.50041917 0.13938733
v -0.01154302 2.80295766 -0.0307048
v -0.00705075 2.77855035 -0.056699
v 0.00253619 2.73273599 -0.10396522
v 0.14436946 2.70344206 -0.07174994
v 0.02510679 2.78686515 0.04786584
v 0.03094669 2.79989082 0.04609085
v 0.10758668 2.76681373 0.04483685
v -0.01154302 2.80295766 -0.0307048
v -0.02939424 2.78298323 -0.0098774
v -0.01361274 2.77221692 0.01497396
v 0.00388059 2.73343084 -0.10589914
v 0.00253619 2.73273599 -0.10396522
v 0.06496172 2.78653759 -0.09635705
v 0.03094669 2.79989082 0.04609085
v 0.08677416 2.77384801 0.04703514
v 0.10632378 2.75867817 0.05283304
v 0.10701328 2.75789497 0.05262113
v 0.14602764 2.70152413 -0.07125928
v 0.14043844 2.73733927 -0.04042933
v 0.12206763 2.78361118 -0.00158522
v 0.14436946 2.70344206 -0.07174994
v 0.14618603 2.70050932 -0.07014621
v -0.01361274 2.77221692 0.01497396
vn -0.32635 -0.58394 0.74331
vn 0.41303 0.51823 0.7489
vn 0.32635 0.58394 -0.74331
vn -0.93514 -0.07937 -0.34526
vn -0.60047 0.36955 0.70913
vn -0.41303 -0.51823 -0.7489
vn 0.80668 -0.54228 0.23493
vn -0.20742 0.86099 0.46441
vn 0.60047 -0.36955 -0.70913
vn 0.51934 0.8264 0.21759
vn 0.35964 0.85444 0.37496
vn 0.29626 0.78303 -0.54689
vn 0.87615 0.18003 0.44716
vn -0.73317 0.52078 0.43733
vn -0.17394 0.41022 0.89524
vn 0.20742 -0.86099 -0.46441
vn 0.97704 -0.18051 0.11321
vn 0.35324 0.86742 0.35042
vn 0.75917 -0.51684 0.39564
vn 0.91928 0.02729 0.39266
vn 0.72285 -0.59193 -0.35652
vn -0.0477 -0.92507 0.3768
vn -0.86415 -0.35574 0.35594
vn -0.63344 -0.39614 -0.66469
vn 0.32393 -0.83783 0.43945
vn 0.32537 -0.83732 0.43935
vn -0.66803 -0.6359 0.38648
vn 0.73316 -0.52078 -0.43733
vn 0.21964 -0.2556 0.9415
vn -0.75917 0.51684 -0.39564
vn -0.35964 -0.85444 -0.37496
vn 0.45735 0.05291 0.88771
vn -0.87615 -0.18003 -0.44716
vn -0.51723 -0.84556 0.13229
vn 0.6981 -0.66403 0.26783
vn -0.06879 -0.95814 0.2779
vn -0.33363 -0.89927 0.28284
vn -0.42586 -0.8732 -0.237
vn -0.9116 -0.27803 0.3028
vn 0.85941 0.27353 -0.43197
vn -0.95174 -0.00755 0.30681
vn -0.39048 0.87703 0.27989
vn -0.34954 0.8946 0.2784
vn 0.74194 0.62902 0.23207
vn 0.74099 0.63013 0.23209
vn 0.93425 -0.25348 0.25085
vn -0.35324 -0.86743 -0.35042
vn -0.27956 -0.43368 0.8566
vn 0.33363 0.89927 -0.28284
vn -0.91928 -0.02729 -0.39266
vn -0.32393 0.83783 -0.43945
vn 0.19042 -0.61405 0.76595
vn -0.32537 0.83732 -0.43935
vn -0.08328 0.65686 -0.7494
vn 0.66803 0.6359 -0.38648
vn 0.34624 -0.61312 0.71007
vn 0.1923 -0.04555 -0.98028
vn -0.02842 0 -0.9996
vn 0.1923 0.04555 -0.98028
vn -0.08247 0.18337 -0.97958
vn -0.20318 0.01132 -0.97908
vn -0.08247 -0.18337 -0.97958
vn -0.35085 0.57028 0.74275
vn -0.12563 -0.23444 -0.96398
vn 0.17521 -0.00269 -0.98453
vn -0.09119 0.55072 -0.82969
vn 0.00207 -0.97052 0.241
vn 0.63094 -0.19283 0.75149
vn -0.38481 0.22394 -0.89542
vn -0.09776 0.10379 -0.98978
vn -0.22678 -0.85337 -0.46938
vn 0.45767 0.88249 0.10845
vn -0.0959 -0.11818 -0.98835
vn 0.81979 -0.29659 -0.48988
vn -0.84293 0.52218 0.12958
vn -0.18992 -0.88772 -0.41939
vn 0.08821 0.28714 0.95382
vn 0.06985 -0.96056 -0.26917
vn 0.12818 0.99013 0.05667
vn -0.76266 0.51796 -0.38738
vn 0.26517 0.90858 0.32275
vn -0.92046 0.28528 -0.26714
vn 0.87432 -0.47436 0.10273
vn -0.33421 -0.89954 0.28131
vn 0.33359 0.8991 -0.28344
vn 0.57537 0.33066 -0.74807
vn 0.34571 0.61349 0.71001
vn 0.47564 0.52654 0.70464
vn 0.70842 0.00068 0.70579
vn 0.532 -0.5533 0.64096
vn -0.34506 -0.60552 0.71713
vn -0.46587 -0.52175 0.71466
vn -0.66651 0.00308 0.74549
vn -0.46897 0.51867 0.71488
vn -0.34358 0.60664 0.71689
vn 0.09141 -5E-05 -0.99581
vn 0.00019 1E-05 -1
vn -0.02903 -0.09347 -0.9952
vn -0.05222 0.47277 -0.87964
vn -0.20317 -0.01132 -0.97908
vn -0.20315 -0.01133 -0.97908
vn -0.03024 0.09295 -0.99521
vn 0.16996 -0.40281 -0.89936
vn 0.09562 -0.17395 -0.9801
vn 0.09561 -0.17395 -0.9801
vn -0.20317 0.01132 -0.97908
vn 0.0355 0.2165 -0.97564
vn 0.03003 0.2248 -0.97394
vn 0.50377 -0.67398 0.54035
vn 0.34861 -0.69116 0.63307
vn -0.26506 -0.70565 0.65711
vn -0.71963 -0.24626 0.64922
vn -0.67373 -0.14262 0.72509
vn -0.42625 0.6047 0.67279
vn 0.24897 0.66036 0.70847
vn 0.77726 0.28667 0.56007
vn 0.7501 0.1593 0.64185
vn 0.01296 0.04436 -0.99893
vn -0.16685 0.07462 -0.98315
vn 0.00969 -0.27264 -0.96207
vn 0.04753 0.26799 -0.96225
vn 0.25845 0.0519 -0.96463
vn -0.2543 -0.06582 -0.96488
vn 0.09545 0.25971 -0.96096
vn -0.20879 0.16831 -0.96337
vn 0.18778 -0.18302 -0.96501
vn -0.1459 0.75677 0.63719
vn -0.02211 0.74785 0.6635
vn 0.49859 0.51075 0.70039
vn 0.67938 -0.10373 0.72641
vn 0.07636 -0.68566 0.7239
vn 0.01238 -0.75278 0.65816
vn -0.44426 -0.43763 0.78174
vn 0.19888 0.10421 -0.97447
vn -0.70003 0.10761 0.70596
vn -0.65666 0.19965 0.72728
vn -0.05833 -0.04181 -0.99742
vn 0.16924 -0.14485 -0.97487
vn 0.07233 0.21524 -0.97388
vn -0.09581 -0.20152 -0.97479
vn 0.24017 -0.03423 -0.97013
vn -0.20028 -0.14803 -0.96849
vn 0.03824 -0.24042 -0.96992
vn 0.00104 0.23773 -0.97133
vn -0.74532 -0.34918 0.56795
vn -0.84782 -0.07279 0.52526
vn -0.6328 0.55437 0.54059
vn -0.09453 0.83799 0.53744
vn 0.16111 0.86989 0.46619
vn 0.74394 0.36612 0.55902
vn 0.86127 0.08445 0.50108
vn 0.63471 -0.55524 0.53745
vn -0.05498 0.22079 -0.97377
vn 0.06226 -0.85155 0.52056
vn -0.18941 -0.86012 0.47362
vn 0.08458 -0.0336 -0.99585
vn 0.09193 0.07419 -0.993
vn -0.21506 0.1219 -0.96896
vn 0.22231 -0.15998 -0.96176
vn -0.02252 -0.23919 -0.97071
vn 0.03127 0.23946 -0.9704
vn 0.11544 -0.19835 -0.97331
vn 0.24803 0.06095 -0.96683
vn -0.2241 -0.05326 -0.97311
vn -0.58736 0.67467 0.44702
vn 0.07291 0.9346 0.34816
vn 0.29968 0.85759 0.41802
vn 0.84353 0.2682 0.46532
vn 0.83166 0.02827 0.55456
vn 0.33363 -0.81191 0.47906
vn 0.31017 -0.75455 0.57832
vn -0.67444 -0.58119 0.45536
vn 0.29636 0.33131 -0.89577
vn -0.64812 -0.52583 0.55086
vn -0.84152 0.27052 0.46762
vn 0.4949 -0.09083 -0.86419
vn -0.08752 -0.28437 -0.95471
vn 0.14458 -0.34756 -0.92645
vn -0.08954 -0.41265 -0.90648
vn -0.39689 -0.0067 -0.91784
vn 0.19018 -0.40807 -0.89292
vn -0.36294 -0.33947 -0.86777
vn 0.32725 0.23437 -0.91541
vn -0.12733 0.45681 -0.8804
vn -0.0135 -0.18771 -0.98213
vn 0.67451 0.65198 0.34635
vn 0.85188 -0.16111 0.49834
vn 0.83789 -0.35003 0.41884
vn 0.38101 -0.786 0.48686
vn -0.04889 -0.89747 0.43835
vn -0.84817 -0.29153 0.44229
vn -0.90965 -0.22471 0.34934
vn -0.57936 0.74306 0.33498
vn 0.34652 -0.47717 -0.80761
vn -0.53626 0.8118 0.23111
vn -0.22251 -0.61103 -0.75969
vn -0.1456 0.25824 -0.95505
vn -0.38586 -0.12966 -0.9134
vn -0.31551 0.28726 -0.9044
vn 0.24332 0.41539 -0.8765
vn -0.46836 -0.09678 -0.87822
vn -0.12098 0.50131 -0.85677
vn 0.18183 -0.55518 -0.81161
vn 0.63043 -0.09634 -0.77024
vn -0.08243 0.10183 -0.99138
vn -0.45922 -0.56774 -0.68322
vn -0.77503 0.11546 -0.62129
vn 0.36181 0.30578 -0.88068
vn -0.26272 0.51579 -0.81544
vn 0.28576 0.52314 -0.80291
vn 0.63124 -0.16703 -0.75739
vn -0.27644 0.60436 -0.74722
vn -0.63035 -0.33072 -0.70234
vn 0.08916 -0.77823 -0.62162
vn 0.08916 -0.77823 -0.62162
vn 0.17541 -0.73231 -0.65799
vt 0.47304 0.2609
vt 0.42628 0.27569
vt 0.4824 0.26911
vt 0.32899 0.26617
vt 0.33338 0.26089
vt 0.32023 0.27671
vt 0.73429 0.62323
vt 0.74674 0.62977
vt 0.73213 0.57855
vt 0.57019 0.12129
vt 0.63556 0.12129
vt 0.63556 0.16203
vt 0.44356 0.20105
vt 0.45812 0.19057
vt 0.46726 0.19427
vt 0.77939 0.62828
vt 0.79497 0.55895
vt 0.77343 0.62273
vt 0.66732 0.32914
vt 0.65041 0.34612
vt 0.67806 0.33235
vt 0.62368 0.63539
vt 0.62472 0.61204
vt 0.61769 0.62427
vt 0.65212 0.29844
vt 0.67565 0.28298
vt 0.65026 0.31552
vt 0.95598 0.50875
vt 0.95598 0.62023
vt 0.64577 0.28407
vt 0.63672 0.33098
vt 0.65626 0.28456
vt 0.43786 0.30228
vt 0.44859 0.29609
vt 0.49533 0.29986
vt 0.92849 0.51732
vt 0.69714 0.67556
vt 0.6949 0.67914
vt 0.73861 0.66214
vt 0.51861 0.25519
vt 0.53009 0.26252
vt 0.6455 0.40077
vt 0.94544 0.52438
vt 0.94418 0.52583
vt 0.65703 0.26035
vt 0.66436 0.2694
vt 0.66256 0.26677
vt 0.78003 0.70063
vt 0.81368 0.68525
vt 0.76969 0.54405
vt 0.60641 0.31365
vt 0.6386 0.33275
vt 0.63716 0.33225
vt 0.49892 0.29272
vt 0.49533 0.29287
vt 0.50658 0.30847
vt 0.53743 0.27679
vt 0.55969 0.28866
vt 0.42968 0.27042
vt 0.39986 0.27886
vt 0.44067 0.28423
vt 0.20322 0.62663
vt 0.25683 0.62867
vt 0.25791 0.62871
vt 0.92849 0.51732
vt 0.92998 0.51772
vt 0.39457 0.66504
vt 0.37562 0.66966
vt 0.43764 0.65238
vt 0.92849 0.51732
vt 0.6622 0.66602
vt 0.65818 0.66987
vt 0.74802 0.64661
vt 0.78003 0.70063
vt 0.49533 0.62023
vt 0.49533 0.06605
vt 0.94703 0.52748
vt 0.94562 0.52977
vt 0.85788 0.66505
vt 0.49533 0.62023
vt 0.21064 0.70063
vt 0.03469 0.62023
vt 0.21064 0.70063
vt 0.11642 0.62334
vt 0.21754 0.62718
vt 0.21721 0.62717
vt 0.92849 0.51732
vt 0.93032 0.51772
vt 0.39818 0.66472
vt 0.38156 0.66855
vt 0.41404 0.65932
vt 0.67438 0.62072
vt 0.68858 0.63243
vt 0.67869 0.61714
vt 0.59918 0.65075
vt 0.60146 0.65555
vt 0.68858 0.63243
vt 0.65297 0.63405
vt 0.63364 0.6422
vt 0.63686 0.6514
vt 0.49533 0.27278
vt 0.60734 0.31572
vt 0.49866 0.64657
vt 0.53227 0.63708
vt 0.47789 0.63708
vt 0.56587 0.64657
vt 0.54133 0.63964
vt 0.54365 0.64026
vt 0.56594 0.64658
vt 0.32296 0.27342
vt 0.38889 0.30331
vt 0.41526 0.66222
vt 0.52169 0.63225
vt 0.55451 0.10679
vt 0.63556 0.11815
vt 0.72313 0.09225
vt 0.6947 0.12129
vt 0.49533 0.20106
vt 0.55489 0.19881
vt 0.12839 0.66304
vt 0.37714 0.63325
vt 0.43573 0.65838
vt 0.9444 0.5227
vt 0.9432 0.52381
vt 0.92984 0.51773
vt 0.35653 0.37545
vt 0.49533 0.24806
vt 0.49533 0.27083
vt 0.54784 0.27165
vt 0.59516 0.28857
vt 0.66211 0.31608
vt 0.59516 0.28857
vt 0.6905 0.30085
vt 0.67387 0.28084
vt 0.66382 0.26755
vt 0.61855 0.32029
vt 0.60734 0.31572
vt 0.67387 0.28084
vt 0.40013 0.27825
vt 0.41687 0.28493
vt 0.29485 0.30725
vt 0.38477 0.27129
vt 0.29485 0.30725
vt 0.28962 0.31353
vt 0.3235 0.27277
vt 0.3737 0.30545
vt 0.39109 0.29841
vt 0.32647 0.27189
vt 0.39109 0.29841
vt 0.45838 0.27231
vt 0.49061 0.63852
vt 0.49671 0.63978
vt 0.49758 0.64026
vt 0.50476 0.64378
vt 0.5062 0.64365
vt 0.50892 0.64329
vt 0.53719 0.63898
vt 0.54133 0.63964
vt 0.49671 0.63978
vt 0.49758 0.64026
vt 0.50476 0.64378
vt 0.50888 0.6433
vt 0.53718 0.63898
vt 0.54129 0.63962
vt 0.58664 0.63708
vt 0.58664 0.62392
vt 0.59842 0.62024
vt 0.59842 0.62024
vt 0.59846 0.62083
vt 0.59159 0.63528
vt 0.59084 0.63688
vt 0.54216 0.63986
vt 0.54365 0.64026
vt 0.56596 0.64659
vt 0.59609 0.62588
vt 0.59084 0.63688
vt 0.59601 0.624
vt 0.58247 0.64278
vt 0.56594 0.64658
vt 0.56602 0.64657
vt 0.58229 0.64295
vt 0.59018 0.63737
vt 0.537 0.26961
vt 0.59388 0.28571
vt 0.49533 0.28336
vt 0.65039 0.27002
vt 0.66468 0.26979
vt 0.60643 0.28986
vt 0.59388 0.28571
vt 0.67383 0.28079
vt 0.66441 0.26828
vt 0.67383 0.28079
vt 0.6372 0.29958
vt 0.59325 0.2843
vt 0.62246 0.29514
vt 0.49533 0.27772
vt 0.53093 0.26677
vt 0.39595 0.30607
vt 0.32296 0.27342
vt 0.31599 0.28181
vt 0.31752 0.27997
vt 0.37268 0.26705
vt 0.39961 0.27943
vt 0.31752 0.27997
vt 0.44632 0.29704
vt 0.49533 0.28336
vt 0.39961 0.27943
vt 0.36093 0.63263
vt 0.32617 0.63131
vt 0.34541 0.63204
vt 0.70422 0.63171
vt 0.72496 0.60649
vt 0.73846 0.58367
vt 0.40561 0.65811
vt 0.3647 0.67171
vt 0.51583 0.62958
vt 0.52471 0.63304
vt 0.65646 0.66943
vt 0.39981 0.65593
vt 0.75552 0.63305
vt 0.69028 0.67139
vt 0.68036 0.67547
vt 0.55554 0.64025
vt 0.34587 0.64715
vt 0.78675 0.66722
vt 0.83328 0.65822
vt 0.67771 0.66382
vt 0.49533 0.2031
vt 0.55385 0.2197
vt 0.56249 0.21575
vt 0.56249 0.21575
vt 0.61215 0.20659
vt 0.59391 0.20163
vt 0.63079 0.22852
vt 0.61215 0.20659
vt 0.62824 0.22595
vt 0.62824 0.22595
vt 0.55573 0.19898
vt 0.57221 0.2067
vt 0.48648 0.20093
vt 0.42726 0.21779
vt 0.49533 0.20106
vt 0.19646 0.69415
vt 0.37658 0.20891
vt 0.41087 0.22449
vt 0.42726 0.21779
vt 0.36731 0.22007
vt 0.37658 0.20891
vt 0.38216 0.20221
vt 0.43573 0.65838
vt 0.29024 0.68569
vt 0.45123 0.65375
vt 0.52413 0.63336
vt 0.43364 0.20357
vt 0.38397 0.22376
vt 0.36731 0.22007
vt 0.47739 0.20675
vt 0.43364 0.20357
vt 0.49459 0.20289
vt 0.35564 0.63243
vt 0.35886 0.63255
vt 0.37714 0.63325
vt 0.80139 0.56196
vt 0.7996 0.56959
vt 0.7286 0.6306
vt 0.38575 0.66776
vt 0.40291 0.66255
vt 0.43858 0.65207
vt 0.51645 0.62986
vt 0.58122 0.64856
vt 0.64244 0.6659
vt 0.68956 0.67779
vt 0.69832 0.6747
vt 0.78624 0.63684
vt 0.56217 0.6419
vt 0.34284 0.64553
vt 0.35563 0.63243
vt 0.69635 0.64627
vt 0.49533 0.3434
vt 0.55762 0.3735
vt 0.57028 0.38018
vt 0.62464 0.35428
vt 0.63929 0.3391
vt 0.64561 0.33365
vt 0.74137 0.36205
vt 0.74137 0.36205
vt 0.75596 0.37747
vt 0.75202 0.37299
vt 0.72961 0.34789
vt 0.63583 0.37923
vt 0.59714 0.40146
vt 0.49533 0.38262
vt 0.59344 0.39811
vt 0.50599 0.38178
vt 0.50769 0.37882
vt 0.3647 0.35723
vt 0.40388 0.37638
vt 0.49533 0.38262
vt 0.2587 0.35073
vt 0.28081 0.36697
vt 0.35293 0.34463
vt 0.27781 0.32774
vt 0.2587 0.35073
vt 0.28798 0.3155
vt 0.50545 0.63837
vt 0.52567 0.63407
vt 0.41659 0.66197
vt 0.27781 0.32774
vt 0.32358 0.36178
vt 0.36943 0.34668
vt 0.44256 0.32084
vt 0.42833 0.3223
vt 0.35923 0.63257
vt 0.3685 0.63292
vt 0.38258 0.63345
vt 0.38287 0.63346
vt 0.64253 0.63453
vt 0.64099 0.61752
vt 0.62472 0.61204
vt 0.52503 0.63377
vt 0.49418 0.6408
vt 0.42629 0.66015
vt 0.5877 0.65163
vt 0.60045 0.65529
vt 0.40248 0.65866
vt 0.38333 0.63878
vt 0.38287 0.63346
vt 0.60967 0.65762
vt 0.62292 0.63856
vt 0.59268 0.65249
vt 0.60967 0.65762
vt 0.42629 0.66015
vt 0.41148 0.65382
vt 0.3685 0.63292
vt 0.64299 0.63471
vt 0.58178 0.38455
vt 0.49533 0.29986
vt 0.59243 0.39546
vt 0.64426 0.398
vt 0.64426 0.398
vt 0.67565 0.28298
vt 0.69558 0.30579
vt 0.68933 0.29836
vt 0.67772 0.28547
vt 0.62136 0.34696
vt 0.67772 0.28547
vt 0.49533 0.35761
vt 0.55499 0.34419
vt 0.55815 0.33521
vt 0.60925 0.34332
vt 0.61717 0.35067
vt 0.62136 0.34696
vt 0.37625 0.33148
vt 0.49533 0.35761
vt 0.47511 0.3519
vt 0.42486 0.31335
vt 0.37625 0.33148
vt 0.34895 0.34594
vt 0.28324 0.32121
vt 0.31041 0.28852
vt 0.31321 0.28516
vt 0.46017 0.64267
vt 0.36132 0.67235
vt 0.51496 0.62918
vt 0.35639 0.37576
vt 0.3144 0.3473
vt 0.31041 0.28852
vt 0.35639 0.37576
vt 0.25405 0.62857
vt 0.23959 0.62802
vt 0.30035 0.63033
vt 0.30775 0.63061
vt 0.89329 0.53029
vt 0.88784 0.52999
vt 0.90097 0.53665
vt 0.82051 0.62641
vt 0.50982 0.62684
vt 0.446 0.64373
vt 0.36035 0.67253
vt 0.37153 0.66939
vt 0.65745 0.66802
vt 0.7068 0.68214
vt 0.32414 0.65216
vt 0.874 0.62397
vt 0.87084 0.62086
vt 0.81457 0.64728
vt 0.52006 0.62956
vt 0.6565 0.66757
vt 0.36035 0.67253
vt 0.32138 0.66194
vt 0.2521 0.63195
vt 0.25405 0.62857
vt 0.77374 0.64483
vt 0.74452 0.65243
vt 0.49533 0.24806
vt 0.69991 0.31217
vt 0.70316 0.39928
vt 0.6455 0.40077
vt 0.69863 0.39871
vt 0.69991 0.31217
vt 0.63848 0.31698
vt 0.60641 0.31365
vt 0.47754 0.27468
vt 0.46303 0.28977
vt 0.49533 0.29287
vt 0.39986 0.27886
vt 0.3576 0.29782
vt 0.31419 0.28398
vt 0.34659 0.245
vt 0.31419 0.28398
vt 0.34889 0.24223
vt 0.30869 0.68223
vt 0.38753 0.66098
vt 0.51191 0.62779
vt 0.35374 0.37219
vt 0.34659 0.245
vt 0.35653 0.37545
vt 0.19908 0.62648
vt 0.79597 0.564
vt 0.78174 0.56308
vt 0.8411 0.60553
vt 0.81536 0.62664
vt 0.51824 0.63068
vt 0.58207 0.64642
vt 0.70306 0.6812
vt 0.23875 0.65802
vt 0.30869 0.68223
vt 0.76937 0.62131
vt 0.78174 0.56308
vt 0.77676 0.6284
vt 0.76918 0.63142
vt 0.5328 0.6345
vt 0.62871 0.66126
vt 0.65818 0.66987
vt 0.19349 0.6285
vt 0.25995 0.65327
vt 0.37562 0.66966
vt 0.70306 0.6812
vt 0.71519 0.67002
vt 0.73116 0.65152
vt 0.81536 0.62664
vt 0.51689 0.63006
vt 0.43377 0.65012
vt 0.27971 0.68767
vt 0.13794 0.62415
vt 0.67211 0.60783
vt 0.65499 0.6026
vt 0.51992 0.63144
vt 0.51689 0.63006
vt 0.59934 0.65268
vt 0.64116 0.66557
vt 0.27234 0.68667
vt 0.27971 0.68767
vt 0.21093 0.63394
vt 0.65499 0.6026
vt 0.55514 0.6418
vt 0.53189 0.63449
vt 0.52973 0.63387
vt 0.13379 0.62471
vt 0.23099 0.64568
vt 0.38156 0.66855
vt 0.13794 0.62415
vt 0.13396 0.62496
vt 0.64116 0.66557
usemtl mat1
f 245/208/117 246/209/117 247/210/117
f 248/211/118 249/212/118 250/213/118
f 251/214/119 252/215/119 253/216/119
f 254/217/120 255/218/120 256/219/120
f 257/220/121 258/221/121 259/222/121
f 260/223/122 261/224/122 262/225/122
f 263/218/123 264/219/123 265/217/123
f 266/226/124 267/227/124 268/228/124
f 269/229/125 270/230/125 271/231/125
f 272/218/126 273/219/126 274/217/126
f 275/232/127 276/233/127 277/234/127
f 278/235/128 279/236/128 280/236/128
f 281/237/129 282/238/129 283/239/129
f 284/240/130 285/241/130 286/242/130
f 280/236/131 287/243/131 278/235/131
f 288/244/132 289/245/132 290/246/132
f 291/218/133 292/219/133 293/217/133
f 294/247/134 295/248/134 296/249/134
f 297/236/135 298/250/135 299/251/135
f 300/252/136 301/253/136 302/254/136
f 303/235/137 297/236/137 304/236/137
f 305/255/138 306/256/138 307/257/138
f 307/257/139 308/258/139 305/255/139
f 308/258/140 309/259/140 310/260/140
f 311/261/141 312/262/141 313/263/141
f 314/264/142 313/263/142 315/265/142
f 316/266/143 317/267/143 318/268/143
f 319/269/144 320/270/144 321/271/144
f 322/272/145 297/236/145 303/235/145
f 297/236/146 322/272/146 323/273/146
f 324/274/147 325/275/147 326/276/147
f 327/277/148 303/235/148 304/236/148
f 328/278/149 329/279/149 330/280/149
f 331/218/150 332/219/150 333/217/150
f 334/281/151 335/282/151 336/283/151
f 336/283/152 337/236/152 334/281/152
f 338/236/153 339/284/153 340/285/153
f 341/235/154 338/236/154 337/236/154
f 338/236/155 336/283/155 342/255/155
f 343/286/156 338/236/156 342/255/156
f 336/283/157 344/287/157 342/255/157
f 344/287/158 336/283/158 345/288/158
f 336/283/159 346/289/159 345/288/159
f 336/283/160 347/289/160 346/289/160
f 336/283/161 348/290/161 347/289/161
f 336/283/162 335/282/162 348/290/162
f 349/291/163 350/292/163 351/293/163
f 338/236/164 341/235/164 352/294/164
f 338/236/165 352/294/165 353/295/165
f 338/236/165 352/294/165 353/295/165
f 354/296/166 355/297/166 356/298/166
f 357/299/167 358/300/167 359/301/167
f 352/294/168 341/235/168 337/236/168
f 360/302/169 361/303/169 362/304/169
f 363/256/170 364/305/170 338/236/170
f 365/306/171 364/305/171 366/307/171
f 367/308/172 368/287/172 369/255/172
f 367/308/172 369/255/172 370/309/172
f 368/287/173 371/288/173 372/310/173
f 368/287/173 372/310/173 373/311/173
f 374/289/174 375/289/174 376/312/174
f 374/289/174 376/312/174 377/312/174
f 378/290/175 379/282/175 380/311/175
f 378/290/175 380/311/175 381/310/175
f 371/288/176 374/289/176 377/312/176
f 371/288/176 377/312/176 372/310/176
f 382/313/177 383/314/177 384/315/177
f 382/313/177 384/315/177 385/316/177
f 375/289/178 378/290/178 381/310/178
f 375/289/178 381/310/178 376/312/178
f 386/317/179 387/289/179 388/288/179
f 386/317/179 388/288/179 389/318/179
f 390/287/180 388/288/180 391/319/180
f 390/287/180 391/319/180 392/320/180
f 252/215/181 393/236/181 394/235/181
f 252/215/181 394/235/181 253/216/181
f 395/321/182 396/322/182 255/218/182
f 395/321/182 255/218/182 254/217/182
f 397/323/183 398/324/183 255/218/183
f 397/323/183 255/218/183 396/322/183
f 399/325/184 400/287/184 401/255/184
f 399/325/184 401/255/184 402/326/184
f 403/327/185 404/289/185 405/328/185
f 403/327/185 405/328/185 406/329/185
f 407/236/186 408/235/186 261/224/186
f 407/236/186 261/224/186 260/223/186
f 409/321/187 410/322/187 263/218/187
f 409/321/187 263/218/187 265/217/187
f 411/323/188 412/324/188 263/218/188
f 411/323/188 263/218/188 410/322/188
f 413/235/189 270/230/189 269/229/189
f 413/235/189 269/229/189 414/236/189
f 415/321/190 416/322/190 272/218/190
f 415/321/190 272/218/190 274/217/190
f 417/323/191 418/324/191 272/218/191
f 417/323/191 272/218/191 416/322/191
f 419/330/192 420/331/192 280/236/192
f 419/330/192 280/236/192 279/236/192
f 278/235/193 287/243/193 421/332/193
f 278/235/193 421/332/193 279/236/193
f 422/321/194 423/322/194 291/218/194
f 422/321/194 291/218/194 293/217/194
f 424/323/195 425/324/195 291/218/195
f 424/323/195 291/218/195 423/322/195
f 304/236/196 297/236/196 298/250/196
f 304/236/196 298/250/196 299/251/196
f 426/282/197 427/290/197 428/333/197
f 426/282/197 428/333/197 429/334/197
f 430/321/198 431/322/198 331/218/198
f 430/321/198 331/218/198 333/217/198
f 432/323/199 433/324/199 331/218/199
f 432/323/199 331/218/199 431/322/199
f 340/285/200 337/236/200 336/283/200
f 340/285/200 336/283/200 338/236/200
f 337/236/201 338/236/201 339/284/201
f 337/236/201 339/284/201 340/285/201
f 361/303/202 334/281/202 337/236/202
f 361/303/202 337/236/202 362/304/202
f 434/335/203 435/281/203 379/282/203
f 435/281/203 434/335/203 436/336/203
f 435/281/203 436/336/203 437/337/203
f 438/338/204 435/281/204 439/339/204
f 435/281/204 438/338/204 440/340/204
f 435/281/204 440/340/204 441/236/204
f 442/341/205 440/340/205 443/342/205
f 440/340/205 442/341/205 444/236/205
f 440/340/205 444/236/205 445/235/205
f 440/340/205 445/235/205 441/236/205
f 369/255/206 446/343/206 447/344/206
f 446/343/206 369/255/206 448/345/206
f 448/345/206 369/255/206 449/286/206
f 448/345/206 449/286/206 444/236/206
f 368/287/207 450/346/207 371/288/207
f 450/346/207 368/287/207 451/347/207
f 451/347/207 368/287/207 246/209/207
f 246/209/207 368/287/207 247/210/207
f 247/210/207 368/287/207 367/308/207
f 371/288/208 452/348/208 374/289/208
f 452/348/208 371/288/208 450/346/208
f 452/348/208 450/346/208 453/349/208
f 454/350/209 375/289/209 374/289/209
f 375/289/209 454/350/209 455/351/209
f 456/352/209 375/289/209 455/351/209
f 456/352/210 378/290/210 375/289/210
f 378/290/210 456/352/210 457/353/210
f 378/290/210 457/353/210 458/354/210
f 457/353/210 456/352/210 459/355/210
f 460/356/211 379/282/211 378/290/211
f 379/282/211 460/356/211 461/357/211
f 379/282/211 461/357/211 434/335/211
f 381/310/212 377/312/212 376/312/212
f 377/312/212 381/310/212 462/358/212
f 462/358/212 381/310/212 463/359/212
f 463/359/212 381/310/212 464/360/212
f 464/360/212 381/310/212 465/361/212
f 465/361/212 381/310/212 380/311/212
f 465/361/212 380/311/212 466/362/212
f 466/362/212 380/311/212 467/363/212
f 467/363/212 380/311/212 468/364/212
f 468/364/212 380/311/212 469/365/212
f 462/358/212 372/310/212 377/312/212
f 372/310/212 462/358/212 470/366/212
f 372/310/212 470/366/212 471/367/212
f 372/310/212 471/367/212 472/368/212
f 372/310/212 472/368/212 373/311/212
f 373/311/212 472/368/212 473/369/212
f 373/311/212 473/369/212 474/370/212
f 373/311/212 474/370/212 475/371/212
f 463/359/213 470/366/213 462/358/213
f 470/366/213 463/359/213 471/367/213
f 471/367/213 463/359/213 464/360/213
f 471/367/213 464/360/213 472/368/213
f 472/368/213 464/360/213 465/361/213
f 472/368/213 465/361/213 466/362/213
f 472/368/213 466/362/213 473/369/213
f 473/369/213 466/362/213 467/363/213
f 473/369/213 467/363/213 474/370/213
f 474/370/213 467/363/213 468/364/213
f 474/370/213 468/364/213 475/371/213
f 475/371/213 468/364/213 469/365/213
f 475/371/213 469/365/213 476/313/213
f 476/313/213 469/365/213 382/313/213
f 476/313/213 382/313/213 477/372/213
f 476/313/213 477/372/213 478/372/213
f 478/372/213 477/372/213 479/373/213
f 445/235/214 480/374/214 481/375/214
f 480/374/214 445/235/214 482/376/214
f 483/377/214 444/236/214 484/378/214
f 444/236/214 483/377/214 482/376/214
f 444/236/214 482/376/214 445/235/214
f 481/375/215 478/372/215 479/373/215
f 478/372/215 481/375/215 484/378/215
f 484/378/215 481/375/215 483/377/215
f 483/377/215 481/375/215 482/376/215
f 482/376/215 481/375/215 480/374/215
f 373/311/216 369/255/216 368/287/216
f 369/255/216 373/311/216 475/371/216
f 369/255/216 475/371/216 485/379/216
f 369/255/216 485/379/216 486/380/216
f 369/255/216 486/380/216 487/381/216
f 476/313/217 485/379/217 475/371/217
f 485/379/217 476/313/217 486/380/217
f 486/380/217 476/313/217 487/381/217
f 441/236/218 488/382/218 489/383/218
f 488/382/218 441/236/218 490/374/218
f 490/374/218 441/236/218 445/235/218
f 490/374/218 491/384/218 488/382/218
f 488/382/219 491/384/219 489/383/219
f 489/383/219 479/373/219 477/372/219
f 479/373/219 489/383/219 491/384/219
f 479/373/219 491/384/219 490/374/219
f 435/281/220 492/385/220 493/386/220
f 492/385/220 435/281/220 489/383/220
f 489/383/220 435/281/220 441/236/220
f 493/386/221 477/372/221 382/313/221
f 477/372/221 493/386/221 492/385/221
f 477/372/221 492/385/221 489/383/221
f 435/281/222 380/311/222 379/282/222
f 380/311/222 435/281/222 383/314/222
f 383/314/222 435/281/222 384/315/222
f 384/315/222 435/281/222 385/316/222
f 494/387/223 369/255/223 487/381/223
f 369/255/223 494/387/223 495/388/223
f 369/255/223 495/388/223 496/389/223
f 369/255/223 496/389/223 484/378/223
f 369/255/223 484/378/223 497/256/223
f 497/256/223 484/378/223 444/236/223
f 478/372/224 487/381/224 476/313/224
f 487/381/224 478/372/224 494/387/224
f 494/387/224 478/372/224 495/388/224
f 495/388/224 478/372/224 496/389/224
f 496/389/224 478/372/224 484/378/224
f 498/281/225 499/390/225 500/391/225
f 499/390/225 498/281/225 501/392/225
f 501/392/225 498/281/225 502/282/225
f 393/236/226 503/393/226 504/394/226
f 503/393/226 393/236/226 505/395/226
f 505/395/226 393/236/226 498/281/226
f 505/395/226 498/281/226 506/396/226
f 394/235/227 507/397/227 508/236/227
f 507/397/227 394/235/227 509/398/227
f 509/398/227 394/235/227 393/236/227
f 509/398/227 393/236/227 504/394/227
f 508/236/228 510/257/228 511/286/228
f 512/399/228 513/400/228 508/236/228
f 514/256/228 515/401/228 516/255/228
f 515/401/228 514/256/228 510/257/228
f 515/401/228 510/257/228 517/402/228
f 517/402/228 510/257/228 508/236/228
f 517/402/228 508/236/228 513/400/228
f 516/255/229 518/403/229 390/287/229
f 518/403/229 516/255/229 515/401/229
f 518/403/229 515/401/229 519/404/229
f 518/403/230 388/288/230 390/287/230
f 388/288/230 518/403/230 520/405/230
f 388/288/230 520/405/230 389/318/230
f 521/406/231 522/289/231 387/289/231
f 522/289/231 521/406/231 248/211/231
f 522/289/231 248/211/231 250/213/231
f 522/289/231 250/213/231 523/407/231
f 522/289/231 523/407/231 524/408/231
f 525/290/232 526/409/232 527/410/232
f 526/409/232 525/290/232 528/411/232
f 528/411/232 525/290/232 522/289/232
f 502/282/233 529/412/233 530/413/233
f 529/412/233 502/282/233 525/290/233
f 529/412/233 525/290/233 531/414/233
f 522/289/234 532/415/234 387/289/234
f 532/415/234 522/289/234 533/416/234
f 533/416/234 522/289/234 534/417/234
f 535/418/235 394/235/235 508/236/235
f 394/235/235 535/418/235 536/419/235
f 394/235/235 536/419/235 537/420/235
f 394/235/235 537/420/235 253/216/235
f 525/290/236 538/421/236 539/422/236
f 538/421/236 502/282/236 540/423/236
f 502/282/236 538/421/236 525/290/236
f 390/287/237 541/424/237 516/255/237
f 541/424/237 390/287/237 392/320/237
f 516/255/237 541/424/237 542/425/237
f 387/289/238 391/319/238 388/288/238
f 391/319/238 387/289/238 543/426/238
f 543/426/238 387/289/238 532/415/238
f 544/427/239 393/236/239 252/215/239
f 393/236/239 544/427/239 545/428/239
f 393/236/239 545/428/239 498/281/239
f 498/281/239 545/428/239 546/429/239
f 502/282/240 547/430/240 540/423/240
f 547/430/240 502/282/240 498/281/240
f 498/281/240 546/429/240 547/430/240
f 522/289/241 548/431/241 534/417/241
f 548/431/241 522/289/241 539/422/241
f 539/422/241 522/289/241 525/290/241
f 542/425/242 514/256/242 516/255/242
f 514/256/242 542/425/242 549/432/242
f 549/432/242 542/425/242 550/433/242
f 550/433/242 542/425/242 508/236/242
f 508/236/242 542/425/242 551/434/242
f 508/236/242 551/434/242 535/418/242
f 508/236/242 511/286/242 550/433/242
f 552/435/243 553/436/243 554/282/243
f 554/282/243 555/437/243 556/281/243
f 555/437/243 554/282/243 553/436/243
f 557/438/244 407/236/244 556/281/244
f 407/236/244 557/438/244 558/439/244
f 558/439/244 557/438/244 559/440/244
f 560/441/245 407/236/245 561/442/245
f 407/236/245 560/441/245 562/443/245
f 407/236/245 562/443/245 563/236/245
f 407/236/245 563/236/245 408/235/245
f 564/257/246 563/236/246 565/444/246
f 563/236/246 564/257/246 566/286/246
f 401/255/246 567/445/246 402/326/246
f 567/445/246 401/255/246 568/446/246
f 568/446/246 401/255/246 565/444/246
f 565/444/246 401/255/246 564/257/246
f 564/257/246 401/255/246 569/256/246
f 570/288/247 571/447/247 572/448/247
f 571/447/247 570/288/247 573/449/247
f 573/449/247 570/288/247 400/287/247
f 574/450/248 575/451/248 404/289/248
f 575/451/248 574/450/248 576/452/248
f 576/452/248 574/450/248 570/288/248
f 576/452/248 570/288/248 577/453/248
f 404/289/249 578/454/249 579/289/249
f 578/454/249 404/289/249 580/455/249
f 578/454/249 580/455/249 581/456/249
f 582/457/250 570/288/250 583/458/250
f 570/288/250 582/457/250 584/459/250
f 570/288/250 584/459/250 585/460/250
f 570/288/250 585/460/250 400/287/250
f 579/289/251 586/461/251 587/290/251
f 586/461/251 579/289/251 588/462/251
f 588/462/251 579/289/251 589/463/251
f 259/222/252 590/464/252 257/220/252
f 591/465/252 554/282/252 587/290/252
f 554/282/252 591/465/252 590/464/252
f 554/282/252 590/464/252 552/435/252
f 590/464/252 591/465/252 257/220/252
f 552/435/252 590/464/252 592/466/252
f 593/467/253 404/289/253 579/289/253
f 404/289/253 593/467/253 594/468/253
f 404/289/253 594/468/253 595/469/253
f 408/235/254 596/470/254 261/224/254
f 596/470/254 408/235/254 597/471/254
f 597/471/254 563/236/254 598/472/254
f 563/236/254 597/471/254 408/235/254
f 554/282/255 599/473/255 587/290/255
f 599/473/255 554/282/255 600/474/255
f 600/474/255 554/282/255 601/475/255
f 601/475/255 554/282/255 602/476/255
f 603/477/256 400/287/256 585/460/256
f 400/287/256 603/477/256 604/478/256
f 400/287/256 604/478/256 401/255/256
f 407/236/257 605/479/257 556/281/257
f 605/479/257 407/236/257 606/480/257
f 606/480/257 407/236/257 607/481/257
f 607/481/257 407/236/257 260/223/257
f 554/282/258 608/482/258 602/476/258
f 608/482/258 554/282/258 556/281/258
f 608/482/258 556/281/258 605/479/258
f 599/473/259 579/289/259 587/290/259
f 579/289/259 599/473/259 609/483/259
f 579/289/259 609/483/259 610/484/259
f 563/236/260 611/485/260 598/472/260
f 611/485/260 563/236/260 612/432/260
f 612/432/260 563/236/260 613/433/260
f 613/433/260 563/236/260 566/286/260
f 611/485/260 401/255/260 604/478/260
f 401/255/260 611/485/260 612/432/260
f 401/255/260 612/432/260 569/256/260
f 614/486/261 615/281/261 616/282/261
f 615/281/261 614/486/261 617/487/261
f 615/281/261 617/487/261 618/488/261
f 615/281/261 618/488/261 619/489/261
f 620/490/262 615/281/262 619/489/262
f 615/281/262 620/490/262 621/491/262
f 615/281/262 621/491/262 622/492/262
f 615/281/262 622/492/262 414/236/262
f 623/493/263 413/235/263 414/236/263
f 413/235/263 623/493/263 624/236/263
f 624/236/263 623/493/263 625/494/263
f 625/494/263 623/493/263 626/495/263
f 624/236/263 625/494/263 627/496/263
f 624/236/264 628/257/264 629/286/264
f 628/257/264 624/236/264 627/496/264
f 628/257/264 627/496/264 630/497/264
f 630/497/264 627/496/264 267/227/264
f 267/227/264 627/496/264 268/228/264
f 631/256/264 630/497/264 632/255/264
f 630/497/264 631/256/264 628/257/264
f 630/497/265 633/287/265 632/255/265
f 633/287/265 630/497/265 634/498/265
f 634/498/265 635/499/265 633/287/265
f 635/499/265 634/498/265 636/500/265
f 635/499/265 636/500/265 637/501/265
f 637/501/265 636/500/265 638/502/265
f 633/287/266 639/503/266 640/288/266
f 639/503/266 633/287/266 641/504/266
f 641/504/266 633/287/266 642/505/266
f 640/288/267 643/506/267 644/289/267
f 643/506/267 640/288/267 645/507/267
f 645/507/267 640/288/267 646/508/267
f 646/508/267 640/288/267 639/503/267
f 644/289/268 647/509/268 648/289/268
f 647/509/268 644/289/268 649/510/268
f 647/509/268 649/510/268 650/511/268
f 633/287/269 651/512/269 652/513/269
f 651/512/269 633/287/269 653/514/269
f 653/514/269 633/287/269 640/288/269
f 654/515/270 655/516/270 648/289/270
f 648/289/270 656/517/270 657/290/270
f 656/517/270 648/289/270 655/516/270
f 656/517/271 616/282/271 657/290/271
f 616/282/271 656/517/271 614/486/271
f 614/486/271 656/517/271 658/518/271
f 658/518/271 656/517/271 659/519/271
f 660/520/272 648/289/272 661/521/272
f 648/289/272 660/520/272 662/522/272
f 648/289/272 662/522/272 663/523/272
f 648/289/272 663/523/272 644/289/272
f 664/524/273 665/525/273 624/236/273
f 624/236/273 666/526/273 413/235/273
f 666/526/273 624/236/273 665/525/273
f 667/527/274 657/290/274 616/282/274
f 657/290/274 667/527/274 668/528/274
f 657/290/274 668/528/274 669/529/274
f 632/255/275 670/530/275 671/531/275
f 670/530/275 632/255/275 652/513/275
f 652/513/275 632/255/275 633/287/275
f 640/288/276 672/532/276 653/514/276
f 672/532/276 640/288/276 644/289/276
f 673/533/276 644/289/276 674/534/276
f 644/289/276 673/533/276 672/532/276
f 414/236/277 675/535/277 615/281/277
f 675/535/277 414/236/277 676/536/277
f 676/536/277 414/236/277 269/229/277
f 667/527/278 616/282/278 677/537/278
f 678/538/278 616/282/278 615/281/278
f 616/282/278 678/538/278 677/537/278
f 679/539/279 648/289/279 657/290/279
f 648/289/279 679/539/279 680/540/279
f 648/289/279 680/540/279 681/541/279
f 624/236/280 682/433/280 664/524/280
f 682/433/280 624/236/280 629/286/280
f 664/524/280 682/433/280 683/542/280
f 682/433/280 671/531/280 683/542/280
f 671/531/280 682/433/280 684/432/280
f 671/531/280 684/432/280 631/256/280
f 671/531/280 631/256/280 632/255/280
f 685/543/281 686/282/281 687/544/281
f 686/282/281 685/543/281 688/281/281
f 688/281/281 685/543/281 689/545/281
f 688/281/281 689/545/281 690/546/281
f 688/281/282 276/233/282 280/236/282
f 276/233/282 688/281/282 691/547/282
f 276/233/282 691/547/282 277/234/282
f 692/548/283 420/331/283 280/236/283
f 420/331/283 692/548/283 693/549/283
f 693/549/283 692/548/283 694/550/283
f 419/330/283 695/551/283 279/236/283
f 695/551/283 419/330/283 420/331/283
f 695/551/283 420/331/283 693/549/283
f 696/255/284 282/238/284 697/552/284
f 282/238/284 696/255/284 283/239/284
f 283/239/284 696/255/284 698/553/284
f 698/553/284 696/255/284 699/256/284
f 698/553/284 699/256/284 700/257/284
f 698/553/284 700/257/284 279/236/284
f 279/236/284 700/257/284 701/286/284
f 696/255/285 702/554/285 703/287/285
f 702/554/285 696/255/285 704/555/285
f 704/555/285 696/255/285 705/556/285
f 705/556/285 696/255/285 706/557/285
f 706/557/285 696/255/285 707/558/285
f 707/558/285 696/255/285 708/559/285
f 703/287/286 709/560/286 710/288/286
f 709/560/286 703/287/286 711/561/286
f 709/560/286 711/561/286 712/562/286
f 709/560/286 712/562/286 713/563/286
f 714/564/287 715/289/287 710/288/287
f 715/289/287 714/564/287 716/565/287
f 717/566/287 715/289/287 716/565/287
f 715/289/288 718/567/288 719/289/288
f 718/567/288 715/289/288 717/566/288
f 718/567/288 717/566/288 720/568/288
f 721/569/289 710/288/289 722/570/289
f 710/288/289 721/569/289 723/571/289
f 710/288/289 723/571/289 703/287/289
f 724/572/290 725/290/290 726/573/290
f 727/574/290 725/290/290 719/289/290
f 725/290/290 727/574/290 726/573/290
f 728/575/291 686/282/291 725/290/291
f 686/282/291 728/575/291 284/240/291
f 686/282/291 284/240/291 286/242/291
f 729/576/292 715/289/292 719/289/292
f 715/289/292 729/576/292 730/577/292
f 715/289/292 730/577/292 731/578/292
f 715/289/292 731/578/292 732/579/292
f 287/243/293 733/580/293 734/581/293
f 733/580/293 287/243/293 735/582/293
f 735/582/293 287/243/293 421/332/293
f 735/582/293 421/332/293 279/236/293
f 735/582/293 279/236/293 736/583/293
f 737/584/294 725/290/294 686/282/294
f 725/290/294 737/584/294 738/585/294
f 738/585/294 739/586/294 725/290/294
f 739/586/294 738/585/294 740/587/294
f 696/255/295 741/588/295 742/589/295
f 741/588/295 696/255/295 703/287/295
f 703/287/295 723/571/295 741/588/295
f 732/579/296 710/288/296 715/289/296
f 710/288/296 732/579/296 743/590/296
f 710/288/296 743/590/296 722/570/296
f 287/243/297 744/591/297 280/236/297
f 744/591/297 287/243/297 745/592/297
f 745/592/297 287/243/297 734/581/297
f 280/236/298 289/245/298 688/281/298
f 289/245/298 280/236/298 290/246/298
f 290/246/298 280/236/298 746/593/298
f 746/593/298 280/236/298 744/591/298
f 686/282/299 747/594/299 737/584/299
f 747/594/299 686/282/299 688/281/299
f 747/594/299 688/281/299 748/595/299
f 748/595/299 688/281/299 289/245/299
f 749/596/300 719/289/300 725/290/300
f 719/289/300 749/596/300 750/597/300
f 719/289/300 750/597/300 751/598/300
f 719/289/300 751/598/300 752/599/300
f 279/236/301 753/600/301 736/583/301
f 753/600/301 279/236/301 754/601/301
f 754/601/301 279/236/301 742/589/301
f 742/589/301 279/236/301 755/432/301
f 755/432/301 279/236/301 756/433/301
f 756/433/301 279/236/301 701/286/301
f 755/432/301 696/255/301 742/589/301
f 696/255/301 755/432/301 699/256/301
f 426/282/302 296/249/302 757/281/302
f 296/249/302 426/282/302 758/602/302
f 758/602/302 294/247/302 296/249/302
f 757/281/303 759/603/303 304/236/303
f 759/603/303 757/281/303 760/604/303
f 760/604/303 757/281/303 761/605/303
f 760/604/303 761/605/303 762/606/303
f 299/251/304 301/253/304 297/236/304
f 301/253/304 299/251/304 304/236/304
f 301/253/304 304/236/304 763/607/304
f 301/253/304 763/607/304 302/254/304
f 301/253/305 764/286/305 297/236/305
f 764/286/305 301/253/305 307/257/305
f 307/257/305 301/253/305 309/259/305
f 309/259/305 301/253/305 765/608/305
f 308/258/305 307/257/305 309/259/305
f 315/265/306 313/263/306 766/609/306
f 766/609/306 767/287/306 305/255/306
f 767/287/306 766/609/306 313/263/306
f 767/287/306 313/263/306 312/262/306
f 768/610/307 769/611/307 770/612/307
f 770/612/307 771/288/307 767/287/307
f 771/288/307 770/612/307 769/611/307
f 771/288/307 769/611/307 318/268/307
f 771/288/307 318/268/307 317/267/307
f 772/613/308 773/289/308 771/288/308
f 773/289/308 772/613/308 774/614/308
f 773/289/308 774/614/308 775/615/308
f 773/289/309 776/616/309 777/289/309
f 776/616/309 773/289/309 778/617/309
f 776/616/309 778/617/309 779/618/309
f 780/619/310 767/287/310 771/288/310
f 767/287/310 780/619/310 781/620/310
f 767/287/310 781/620/310 782/621/310
f 777/289/311 783/622/311 427/290/311
f 783/622/311 777/289/311 784/623/311
f 785/624/311 427/290/311 783/622/311
f 777/289/312 321/271/312 773/289/312
f 321/271/312 777/289/312 319/269/312
f 319/269/312 777/289/312 786/625/312
f 322/272/313 787/626/313 788/627/313
f 787/626/313 322/272/313 297/236/313
f 297/236/313 322/272/313 323/273/313
f 789/628/313 297/236/313 790/629/313
f 297/236/313 789/628/313 787/626/313
f 427/290/314 326/276/314 325/275/314
f 326/276/314 427/290/314 426/282/314
f 326/276/314 426/282/314 791/630/314
f 767/287/315 792/631/315 305/255/315
f 792/631/315 767/287/315 782/621/315
f 305/255/315 792/631/315 793/632/315
f 321/271/316 794/633/316 773/289/316
f 773/289/316 795/634/316 771/288/316
f 795/634/316 773/289/316 794/633/316
f 796/635/317 327/277/317 797/636/317
f 327/277/317 796/635/317 798/637/317
f 327/277/317 798/637/317 304/236/317
f 757/281/318 330/280/318 329/279/318
f 330/280/318 757/281/318 304/236/318
f 330/280/318 798/637/318 799/638/318
f 798/637/318 330/280/318 304/236/318
f 426/282/319 800/639/319 791/630/319
f 800/639/319 426/282/319 801/640/319
f 801/640/319 757/281/319 802/641/319
f 757/281/319 801/640/319 426/282/319
f 777/289/320 803/642/320 786/625/320
f 803/642/320 777/289/320 427/290/320
f 803/642/320 427/290/320 804/643/320
f 804/643/320 427/290/320 805/644/320
f 806/645/321 306/256/321 305/255/321
f 306/256/321 806/645/321 807/646/321
f 306/256/321 807/646/321 808/432/321
f 808/432/321 807/646/321 809/647/321
f 808/432/321 809/647/321 810/433/321
f 810/433/321 809/647/321 811/648/321
f 810/433/321 297/236/321 764/286/321
f 297/236/321 810/433/321 811/648/321
f 345/288/322 812/649/322 344/287/322
f 812/649/322 345/288/322 813/650/322
f 813/650/322 345/288/322 814/651/322
f 346/289/323 349/291/323 351/293/323
f 349/291/323 347/289/323 815/652/323
f 347/289/323 349/291/323 346/289/323
f 364/305/324 352/294/324 338/236/324
f 352/294/324 364/305/324 816/653/324
f 352/294/324 816/653/324 817/654/324
f 348/290/325 356/298/325 355/297/325
f 356/298/325 348/290/325 335/282/325
f 335/282/325 818/655/325 356/298/325
f 819/656/326 820/657/326 344/287/326
f 344/287/326 821/658/326 342/255/326
f 821/658/326 344/287/326 820/657/326
f 345/288/327 822/659/327 823/660/327
f 822/659/327 345/288/327 346/289/327
f 822/659/327 346/289/327 824/661/327
f 824/661/327 346/289/327 351/293/327
f 825/662/328 337/236/328 352/294/328
f 337/236/328 825/662/328 359/301/328
f 337/236/328 359/301/328 358/300/328
f 826/663/329 334/281/329 361/303/329
f 334/281/329 826/663/329 827/664/329
f 334/281/329 827/664/329 828/665/329
f 334/281/329 828/665/329 818/655/329
f 334/281/329 818/655/329 335/282/329
f 348/290/330 829/666/331 347/289/330
f 829/666/331 348/290/330 830/667/330
f 830/667/330 348/290/330 831/668/330
f 832/669/330 833/670/330 829/666/331
f 834/671/332 363/256/332 342/255/332
f 363/256/332 834/671/332 366/307/332
f 363/256/332 366/307/332 364/305/332
# Vertices: 590, normals: 216, texture coordinates: 464, faces: 648

o obj3
v -0.01675434 -0.14254011 -0.22080123
v -0.01675442 -0.12312134 -0.0087023
v 0.02462411 -0.14254011 -0.21672581
v 0.0644124 -0.14254011 -0.20465616
v 0.10108148 -0.14254011 -0.18505612
v 0.13322221 -0.1425401 -0.1586789
v 0.15959943 -0.1425401 -0.12653817
v 0.17919946 -0.14254009 -0.08986907
v 0.19126909 -0.14254008 -0.05008079
v 0.19534452 -0.14254008 -0.00870235
v 0.19126909 -0.14254007 0.03267608
v 0.17919944 -0.14254006 0.07246436
v 0.1595994 -0.14254006 0.10913344
v 0.13322218 -0.14254005 0.14127417
v 0.10108146 -0.14254005 0.16765139
v 0.06441237 -0.14254004 0.18725142
v 0.02462409 -0.14254004 0.19932105
v -0.01675433 -0.14254004 0.20339647
v -0.05813275 -0.14254004 0.19932105
v -0.09792103 -0.14254004 0.1872514
v -0.13459011 -0.14254005 0.16765136
v -0.16673082 -0.14254005 0.14127414
v -0.19310803 -0.14254006 0.10913343
v -0.21270805 -0.14254006 0.07246434
v -0.22477768 -0.14254007 0.03267607
v -0.22885309 -0.14254008 -0.00870235
v -0.22477767 -0.14254008 -0.05008077
v -0.21270802 -0.14254009 -0.08986903
v -0.19310798 -0.1425401 -0.1265381
v -0.16673076 -0.1425401 -0.15867882
v -0.13459004 -0.14254011 -0.185056
v -0.09792096 -0.14254011 -0.20465601
v -0.0581327 -0.14254011 -0.21672563
v -0.01675434 -0.93657642 -1.07499495
v -0.01675434 -0.74699177 -1.01312804
v 0.17919941 -0.74699177 -0.99382826
v 0.19126906 -0.93657642 -1.05450639
v -0.01675434 -0.20005003 -0.42474921
v 0.06441239 -0.20005003 -0.41675499
v -0.01675434 -0.29344103 -0.6127087
v 0.10108147 -0.29344103 -0.60110288
v -0.01675434 -0.41912417 -0.77745655
v 0.13322218 -0.41912417 -0.76268514
v -0.01675434 -0.5722695 -0.91266163
v 0.15959939 -0.57226949 -0.89529227
v 0.32917591 -0.57226948 -0.8438517
v 0.36762278 -0.74699176 -0.93667068
v 0.39129823 -0.93657641 -0.99382823
v 0.14245991 -0.20005002 -0.39307954
v 0.21438891 -0.29344102 -0.56673139
v 0.27743519 -0.41912416 -0.7189386
v 0.21438892 -0.20005002 -0.35463267
v 0.31881363 -0.29344101 -0.5109152
v 0.41034267 -0.41912415 -0.64789809
v 0.48545852 -0.57226947 -0.76031689
v 0.54127472 -0.74699174 -0.84385174
v 0.57564615 -0.9365764 -0.89529221
v 0.69348189 -0.74699172 -0.71893849
v 0.73722842 -0.93657637 -0.76268499
v 0.27743526 -0.20005001 -0.30289188
v 0.41034267 -0.293441 -0.43579925
v 0.52683696 -0.41912414 -0.55229365
v 0.62244131 -0.57226945 -0.64789794
v 0.32917604 -0.20005 -0.23984558
v 0.48545859 -0.29344099 -0.34427021
v 0.62244138 -0.41912412 -0.43579926
v 0.73486026 -0.57226943 -0.51091509
v 0.81839507 -0.7469917 -0.56673132
v 0.86983557 -0.93657635 -0.60110265
v 0.91121395 -0.74699167 -0.39307938
v 0.96837153 -0.93657632 -0.4167547
v 0.36762288 -0.20004998 -0.16791655
v 0.54127472 -0.29344097 -0.23984548
v 0.69348189 -0.4191241 -0.30289181
v 0.81839501 -0.57226941 -0.35463245
v 0.57564608 -0.29344095 -0.12653805
v 0.73722842 -0.41912407 -0.15867884
v 0.86983544 -0.57226938 -0.18505595
v 0.96837153 -0.74699164 -0.20465604
v 1.02904969 -0.93657628 -0.21672556
v 0.39129833 -0.20004997 -0.08986901
v 0.39929252 -0.20004996 -0.00870229
v 0.58725183 -0.29344093 -0.00870228
v 0.75199977 -0.41912405 -0.00870233
v 0.88720474 -0.57226935 -0.00870226
v 0.98767125 -0.74699161 -0.00870231
v 1.04953819 -0.93657625 -0.0087022
v 0.57564602 -0.29344091 0.10913347
v 0.73722835 -0.41912402 0.14127415
v 0.86983538 -0.57226932 0.16765141
v 0.96837146 -0.74699158 0.1872514
v 1.02904962 -0.93657622 0.19932115
v 0.3912983 -0.20004995 0.07246443
v 0.36762285 -0.20004993 0.15051195
v 0.54127452 -0.29344089 0.22244087
v 0.69348182 -0.419124 0.28548711
v 0.81839488 -0.57226929 0.33722789
v 0.91121388 -0.74699155 0.37567472
v 0.9683714 -0.93657618 0.39935027
v 0.62244131 -0.41912398 0.41839456
v 0.73486006 -0.57226927 0.49351044
v 0.81839495 -0.74699152 0.54932666
v 0.86983538 -0.93657615 0.58369812
v 0.32917598 -0.20004992 0.22244095
v 0.48545836 -0.29344088 0.32686553
v 0.27743519 -0.20004991 0.28548727
v 0.41034244 -0.29344086 0.41839454
v 0.52683693 -0.41912396 0.53488891
v 0.62244112 -0.57226924 0.63049322
v 0.69348176 -0.74699149 0.70153383
v 0.73722822 -0.93657613 0.74528039
v 0.48545833 -0.57226923 0.74291211
v 0.54127459 -0.74699147 0.82644702
v 0.57564589 -0.93657611 0.87788748
v 0.21438889 -0.2000499 0.33722799
v 0.31881343 -0.29344085 0.49351045
v 0.41034257 -0.41912394 0.63049333
v 0.14245988 -0.2000499 0.37567483
v 0.21438874 -0.29344084 0.54932659
v 0.27743516 -0.41912393 0.70153384
v 0.32917575 -0.57226921 0.82644686
v 0.36762268 -0.74699146 0.91926589
v 0.39129797 -0.93657609 0.97642344
v 0.15959929 -0.5722692 0.87788729
v 0.17919938 -0.74699145 0.97642347
v 0.19126888 -0.93657608 1.03710153
v 0.06441235 -0.20004989 0.39935028
v 0.10108135 -0.29344083 0.58369801
v 0.1332222 -0.41912392 0.74528037
v -0.01675437 -0.20004989 0.40734447
v -0.01675441 -0.29344083 0.59530377
v -0.01675429 -0.41912392 0.76005172
v -0.01675435 -0.5722692 0.89525659
v -0.01675432 -0.74699145 0.99572319
v -0.01675441 -0.93657608 1.05759003
v -0.212708 -0.74699145 0.97642341
v -0.22477772 -0.93657608 1.03710147
v -0.09792108 -0.20004989 0.39935025
v -0.13459015 -0.29344083 0.58369795
v -0.16673076 -0.41912392 0.74528031
v -0.19310798 -0.5722692 0.87788723
v -0.1759686 -0.2000499 0.37567476
v -0.24789753 -0.29344084 0.54932646
v -0.3109437 -0.41912393 0.70153377
v -0.36268439 -0.57226921 0.82644679
v -0.40113126 -0.74699146 0.91926583
v -0.42480677 -0.93657609 0.97642331
v -0.5747832 -0.74699147 0.82644695
v -0.60915462 -0.93657611 0.87788729
v -0.24789759 -0.2000499 0.3372279
v -0.35232217 -0.29344085 0.49351026
v -0.44385111 -0.41912394 0.63049326
v -0.51896693 -0.57226923 0.74291204
v -0.44385111 -0.29344086 0.41839434
v -0.56034541 -0.41912396 0.53488885
v -0.65594972 -0.57226924 0.63049316
v -0.72699036 -0.74699149 0.70153376
v -0.77073683 -0.93657613 0.74528013
v -0.31094386 -0.20004991 0.28548711
v -0.36268459 -0.20004992 0.22244082
v -0.51896697 -0.29344088 0.32686534
v -0.65594985 -0.41912398 0.41839453
v -0.76836861 -0.57226927 0.49351037
v -0.85190355 -0.74699152 0.54932659
v -0.90334392 -0.93657615 0.58369786
v -0.72699036 -0.419124 0.28548711
v -0.85190336 -0.57226929 0.33722779
v -0.94472243 -0.74699155 0.37567466
v -1.00187988 -0.93657618 0.39934998
v -0.40113139 -0.20004993 0.15051183
v -0.57478307 -0.29344089 0.22244068
v -0.42480681 -0.20004995 0.07246432
v -0.60915449 -0.29344091 0.10913331
v -0.77073689 -0.41912402 0.14127417
v -0.90334386 -0.57226932 0.16765133
v -1.00188001 -0.74699158 0.18725135
v -1.06255797 -0.93657622 0.1993209
v -0.78550825 -0.41912405 -0.00870228
v -0.92071315 -0.57226935 -0.00870231
v -1.02117973 -0.74699161 -0.00870233
v -1.08304647 -0.93657625 -0.00870238
v -0.432801 -0.20004996 -0.00870237
v -0.62076025 -0.29344093 -0.00870241
v -0.42480674 -0.20004997 -0.08986904
v -0.60915443 -0.29344095 -0.12653812
v -0.77073683 -0.41912407 -0.15867874
v -0.90334379 -0.57226938 -0.18505593
v -1.00187994 -0.74699164 -0.204656
v -1.06255791 -0.93657628 -0.21672566
v -0.85190336 -0.57226941 -0.35463238
v -0.94472236 -0.74699167 -0.39307925
v -1.00187975 -0.93657632 -0.4167547
v -0.40113126 -0.20004998 -0.16791653
v -0.574783 -0.29344097 -0.23984545
v -0.7269903 -0.4191241 -0.30289168
v -0.36268439 -0.20005 -0.2398455
v -0.5189668 -0.29344099 -0.34427008
v -0.65594985 -0.41912412 -0.43579906
v -0.76836861 -0.57226943 -0.51091492
v -0.85190349 -0.7469917 -0.56673112
v -0.90334373 -0.93657635 -0.60110252
v -0.65594972 -0.57226945 -0.64789768
v -0.7269903 -0.74699172 -0.71893829
v -0.77073663 -0.93657637 -0.76268473
v -0.31094364 -0.20005001 -0.30289175
v -0.44385085 -0.293441 -0.43579902
v -0.56034544 -0.41912414 -0.55229339
v -0.24789737 -0.20005002 -0.35463247
v -0.35232185 -0.29344101 -0.51091487
v -0.44385108 -0.41912415 -0.64789777
v -0.5189669 -0.57226947 -0.76031656
v -0.57478313 -0.74699174 -0.84385148
v -0.60915436 -0.9365764 -0.89529182
v -0.40113119 -0.74699176 -0.93667035
v -0.42480645 -0.93657641 -0.99382777
v -0.17596839 -0.20005002 -0.39307931
v -0.2478972 -0.29344102 -0.56673094
v -0.31094367 -0.41912416 -0.71893828
v -0.36268433 -0.57226948 -0.84385125
v -0.13458987 -0.29344103 -0.6011023
v -0.16673074 -0.41912417 -0.76268481
v -0.1931079 -0.57226949 -0.89529168
v -0.21270789 -0.74699177 -0.99382787
v -0.22477738 -0.93657642 -1.05450587
v -0.0979209 -0.20005003 -0.41675473
vn 0 0.20097 0.9796
vn 0 0 1
vn 0.03919 0.19709 0.9796
vn 0.07691 0.18565 0.9796
vn 0.11164 0.16709 0.9796
vn 0.1421 0.1421 0.9796
vn 0.16709 0.11164 0.9796
vn 0.18565 0.07691 0.9796
vn 0.19709 0.03919 0.9796
vn 0.20097 0 0.9796
vn 0.19709 -0.03919 0.9796
vn 0.18565 -0.07691 0.9796
vn 0.16709 -0.11164 0.9796
vn 0.1421 -0.1421 0.9796
vn 0.11164 -0.16709 0.9796
vn 0.07688 -0.18565 0.9796
vn 0.03919 -0.19709 0.9796
vn 0 -0.20097 0.9796
vn -0.03919 -0.19709 0.9796
vn -0.07691 -0.18565 0.9796
vn -0.11164 -0.16709 0.9796
vn -0.1421 -0.1421 0.9796
vn -0.16709 -0.11164 0.9796
vn -0.18565 -0.07691 0.9796
vn -0.19709 -0.03919 0.9796
vn -0.20097 0 0.9796
vn -0.19709 0.03919 0.9796
vn -0.18565 0.07691 0.9796
vn -0.16709 0.11164 0.9796
vn -0.1421 0.1421 0.9796
vn -0.11164 0.16709 0.9796
vn -0.07688 0.18565 0.9796
vn -0.03919 0.19709 0.9796
vn 0 0.95695 0.29026
vn 0 0.92476 0.38054
vn 0.1804 0.907 0.38054
vn 0.18669 0.93856 0.29027
vn 0 0.38787 0.92171
vn 0.07566 0.38042 0.92171
vn 0 0.55977 0.82864
vn 0.1092 0.54901 0.82865
vn 0 0.71015 0.70405
vn 0.13853 0.69651 0.70405
vn 0 0.83334 0.55275
vn 0.16257 0.81733 0.55276
vn 0.3189 0.76991 0.55276
vn 0.35387 0.85438 0.38054
vn 0.3662 0.88411 0.29027
vn 0.14842 0.35836 0.92171
vn 0.21421 0.51715 0.82866
vn 0.27175 0.65609 0.70406
vn 0.2155 0.3225 0.92171
vn 0.31099 0.46542 0.82866
vn 0.39453 0.59046 0.70406
vn 0.46297 0.6929 0.55276
vn 0.51376 0.76892 0.38054
vn 0.53165 0.79567 0.29027
vn 0.65391 0.65391 0.38054
vn 0.67666 0.67666 0.29026
vn 0.27428 0.27428 0.92171
vn 0.3958 0.3958 0.82866
vn 0.50214 0.50214 0.70406
vn 0.58926 0.58926 0.55276
vn 0.3225 0.2155 0.92171
vn 0.46542 0.31099 0.82866
vn 0.59046 0.39453 0.70406
vn 0.6929 0.46297 0.55276
vn 0.76892 0.51376 0.38054
vn 0.79567 0.53165 0.29027
vn 0.85438 0.35387 0.38054
vn 0.88411 0.3662 0.29027
vn 0.35836 0.14842 0.92171
vn 0.51715 0.21421 0.82866
vn 0.65609 0.27175 0.70406
vn 0.76991 0.3189 0.55276
vn 0.54901 0.1092 0.82865
vn 0.69651 0.13853 0.70405
vn 0.81733 0.16257 0.55276
vn 0.907 0.1804 0.38054
vn 0.93856 0.18669 0.29027
vn 0.38042 0.07566 0.92171
vn 0.38787 0 0.92171
vn 0.55977 0 0.82864
vn 0.71015 0 0.70405
vn 0.83334 0 0.55275
vn 0.92476 0 0.38054
vn 0.95695 0 0.29026
vn 0.54901 -0.1092 0.82865
vn 0.69651 -0.13853 0.70405
vn 0.81733 -0.16257 0.55276
vn 0.907 -0.1804 0.38054
vn 0.93856 -0.18669 0.29027
vn 0.38042 -0.07566 0.92171
vn 0.35836 -0.14842 0.92171
vn 0.51715 -0.21421 0.82866
vn 0.65609 -0.27175 0.70406
vn 0.76991 -0.3189 0.55276
vn 0.85438 -0.35387 0.38054
vn 0.88411 -0.3662 0.29027
vn 0.59046 -0.39453 0.70406
vn 0.6929 -0.46297 0.55276
vn 0.76892 -0.51376 0.38054
vn 0.79567 -0.53165 0.29027
vn 0.3225 -0.2155 0.92171
vn 0.46542 -0.31099 0.82866
vn 0.27428 -0.27428 0.92171
vn 0.3958 -0.3958 0.82866
vn 0.50214 -0.50214 0.70406
vn 0.58926 -0.58926 0.55276
vn 0.65391 -0.65391 0.38054
vn 0.67666 -0.67666 0.29026
vn 0.46297 -0.6929 0.55276
vn 0.51376 -0.76892 0.38054
vn 0.53165 -0.79567 0.29027
vn 0.2155 -0.3225 0.92171
vn 0.31099 -0.46542 0.82866
vn 0.39453 -0.59046 0.70406
vn 0.14842 -0.35836 0.92171
vn 0.21421 -0.51715 0.82866
vn 0.27175 -0.65609 0.70406
vn 0.3189 -0.76991 0.55276
vn 0.35387 -0.85438 0.38054
vn 0.3662 -0.88411 0.29027
vn 0.16257 -0.81733 0.55276
vn 0.1804 -0.907 0.38054
vn 0.18669 -0.93856 0.29027
vn 0.07566 -0.38042 0.92171
vn 0.1092 -0.54901 0.82865
vn 0.13853 -0.69651 0.70405
vn 0 -0.38787 0.92171
vn 0 -0.55977 0.82864
vn 0 -0.71015 0.70405
vn 0 -0.83334 0.55275
vn 0 -0.92476 0.38054
vn 0 -0.95695 0.29026
vn -0.1804 -0.907 0.38054
vn -0.18669 -0.93856 0.29027
vn -0.07566 -0.38042 0.92171
vn -0.1092 -0.54901 0.82865
vn -0.13853 -0.69651 0.70405
vn -0.16257 -0.81733 0.55276
vn -0.14842 -0.35836 0.92171
vn -0.21421 -0.51715 0.82866
vn -0.27175 -0.65609 0.70406
vn -0.3189 -0.76991 0.55276
vn -0.35387 -0.85438 0.38054
vn -0.3662 -0.88411 0.29027
vn -0.51376 -0.76892 0.38054
vn -0.53165 -0.79567 0.29027
vn -0.2155 -0.3225 0.92171
vn -0.31099 -0.46542 0.82866
vn -0.39453 -0.59046 0.70406
vn -0.46297 -0.6929 0.55276
vn -0.3958 -0.3958 0.82866
vn -0.50214 -0.50214 0.70406
vn -0.58926 -0.58926 0.55276
vn -0.65391 -0.65391 0.38054
vn -0.67666 -0.67666 0.29026
vn -0.27428 -0.27428 0.92171
vn -0.3225 -0.2155 0.92171
vn -0.46542 -0.31099 0.82866
vn -0.59046 -0.39453 0.70406
vn -0.6929 -0.46297 0.55276
vn -0.76892 -0.51376 0.38054
vn -0.79567 -0.53165 0.29027
vn -0.65609 -0.27175 0.70406
vn -0.76991 -0.3189 0.55276
vn -0.85438 -0.35387 0.38054
vn -0.88411 -0.3662 0.29027
vn -0.35836 -0.14842 0.92171
vn -0.51715 -0.21421 0.82866
vn -0.38042 -0.07566 0.92171
vn -0.54901 -0.1092 0.82865
vn -0.69651 -0.13853 0.70405
vn -0.81733 -0.16257 0.55276
vn -0.907 -0.1804 0.38054
vn -0.93856 -0.18669 0.29027
vn -0.71015 0 0.70405
vn -0.83334 0 0.55275
vn -0.92476 0 0.38054
vn -0.95695 0 0.29026
vn -0.38787 0 0.92171
vn -0.55977 0 0.82864
vn -0.38042 0.07566 0.92171
vn -0.54901 0.1092 0.82865
vn -0.69651 0.13853 0.70405
vn -0.81733 0.16257 0.55276
vn -0.907 0.1804 0.38054
vn -0.93856 0.18669 0.29027
vn -0.76991 0.3189 0.55276
vn -0.85438 0.35387 0.38054
vn -0.88411 0.3662 0.29027
vn -0.35836 0.14842 0.92171
vn -0.51715 0.21421 0.82866
vn -0.65609 0.27175 0.70406
vn -0.3225 0.2155 0.92171
vn -0.46542 0.31099 0.82866
vn -0.59046 0.39453 0.70406
vn -0.6929 0.46297 0.55276
vn -0.76892 0.51376 0.38054
vn -0.79567 0.53165 0.29027
vn -0.58926 0.58926 0.55276
vn -0.65391 0.65391 0.38054
vn -0.67666 0.67666 0.29026
vn -0.27428 0.27428 0.92171
vn -0.3958 0.3958 0.82866
vn -0.50214 0.50214 0.70406
vn -0.2155 0.3225 0.92171
vn -0.31099 0.46542 0.82866
vn -0.39453 0.59046 0.70406
vn -0.46297 0.6929 0.55276
vn -0.51376 0.76892 0.38054
vn -0.53165 0.79567 0.29027
vn -0.35387 0.85438 0.38054
vn -0.3662 0.88411 0.29027
vn -0.14842 0.35836 0.92171
vn -0.21421 0.51715 0.82866
vn -0.27175 0.65609 0.70406
vn -0.3189 0.76991 0.55276
vn -0.1092 0.54901 0.82865
vn -0.13853 0.69651 0.70405
vn -0.16257 0.81733 0.55276
vn -0.1804 0.907 0.38054
vn -0.18669 0.93856 0.29027
vn -0.07566 0.38042 0.92171
vt 0.49238 0.3924
vt 0.49238 0.488
vt 0.51097 0.39424
vt 0.52885 0.39968
vt 0.54532 0.40852
vt 0.55976 0.4204
vt 0.57161 0.43489
vt 0.58042 0.45142
vt 0.58584 0.46935
vt 0.58767 0.488
vt 0.58584 0.50665
vt 0.58042 0.52458
vt 0.57161 0.54111
vt 0.55976 0.5556
vt 0.54532 0.56749
vt 0.52885 0.57632
vt 0.51097 0.58176
vt 0.49238 0.5836
vt 0.47379 0.58176
vt 0.45592 0.57632
vt 0.43944 0.56749
vt 0.425 0.5556
vt 0.41315 0.54111
vt 0.40435 0.52458
vt 0.39892 0.50665
vt 0.39709 0.488
vt 0.39892 0.46935
vt 0.40435 0.45142
vt 0.41315 0.43489
vt 0.425 0.4204
vt 0.43944 0.40852
vt 0.45592 0.39968
vt 0.47379 0.39424
vt 0.49238 0.00741
vt 0.49238 0.03529
vt 0.58042 0.04399
vt 0.58584 0.01664
vt 0.49238 0.30048
vt 0.52885 0.30409
vt 0.49238 0.21577
vt 0.54532 0.221
vt 0.49238 0.14151
vt 0.55976 0.14817
vt 0.49238 0.08057
vt 0.57161 0.0884
vt 0.6478 0.11159
vt 0.66507 0.06975
vt 0.67571 0.04399
vt 0.56391 0.31476
vt 0.59623 0.23649
vt 0.62455 0.16789
vt 0.59623 0.33208
vt 0.64314 0.26165
vt 0.68426 0.19991
vt 0.71801 0.14924
vt 0.74309 0.11159
vt 0.75853 0.0884
vt 0.81147 0.16789
vt 0.83112 0.14817
vt 0.62455 0.35541
vt 0.68426 0.2955
vt 0.7366 0.243
vt 0.77955 0.19991
vt 0.6478 0.38382
vt 0.71801 0.33676
vt 0.77955 0.2955
vt 0.83006 0.26165
vt 0.86759 0.23649
vt 0.8907 0.221
vt 0.90929 0.31476
vt 0.93497 0.30409
vt 0.66507 0.41624
vt 0.74309 0.38382
vt 0.81147 0.35541
vt 0.86759 0.33208
vt 0.75853 0.43489
vt 0.83112 0.4204
vt 0.8907 0.40852
vt 0.93497 0.39968
vt 0.96223 0.39424
vt 0.67571 0.45142
vt 0.6793 0.488
vt 0.76374 0.488
vt 0.83776 0.488
vt 0.8985 0.488
vt 0.94364 0.488
vt 0.97143 0.488
vt 0.75853 0.54111
vt 0.83112 0.5556
vt 0.8907 0.56749
vt 0.93497 0.57632
vt 0.96223 0.58176
vt 0.67571 0.52458
vt 0.66507 0.55976
vt 0.74309 0.59218
vt 0.81147 0.6206
vt 0.86759 0.64392
vt 0.90929 0.66124
vt 0.93497 0.67192
vt 0.77955 0.6805
vt 0.83006 0.71435
vt 0.86759 0.73951
vt 0.8907 0.755
vt 0.6478 0.59218
vt 0.71801 0.63925
vt 0.62455 0.6206
vt 0.68426 0.6805
vt 0.7366 0.733
vt 0.77955 0.7761
vt 0.81147 0.80811
vt 0.83112 0.82783
vt 0.71801 0.82676
vt 0.74309 0.86441
vt 0.75853 0.8876
vt 0.59623 0.64392
vt 0.64314 0.71435
vt 0.68426 0.7761
vt 0.56391 0.66124
vt 0.59623 0.73951
vt 0.62455 0.80811
vt 0.6478 0.86441
vt 0.66507 0.90625
vt 0.67571 0.93201
vt 0.57161 0.8876
vt 0.58042 0.93201
vt 0.58584 0.95936
vt 0.52885 0.67192
vt 0.54532 0.755
vt 0.55976 0.82783
vt 0.49238 0.67552
vt 0.49238 0.76023
vt 0.49238 0.83449
vt 0.49238 0.89543
vt 0.49238 0.94071
vt 0.49238 0.96859
vt 0.40435 0.93201
vt 0.39892 0.95936
vt 0.45592 0.67192
vt 0.43944 0.755
vt 0.425 0.82783
vt 0.41315 0.8876
vt 0.42085 0.66124
vt 0.38854 0.73951
vt 0.36021 0.80811
vt 0.33697 0.86441
vt 0.31969 0.90625
vt 0.30906 0.93201
vt 0.24168 0.86441
vt 0.22623 0.8876
vt 0.38854 0.64392
vt 0.34162 0.71435
vt 0.3005 0.7761
vt 0.26675 0.82676
vt 0.3005 0.6805
vt 0.24816 0.733
vt 0.20521 0.7761
vt 0.1733 0.80811
vt 0.15364 0.82783
vt 0.36021 0.6206
vt 0.33697 0.59218
vt 0.26675 0.63925
vt 0.20521 0.6805
vt 0.15471 0.71435
vt 0.11718 0.73951
vt 0.09407 0.755
vt 0.1733 0.6206
vt 0.11718 0.64392
vt 0.07548 0.66124
vt 0.0498 0.67192
vt 0.31969 0.55976
vt 0.24168 0.59218
vt 0.30906 0.52458
vt 0.22624 0.54111
vt 0.15364 0.5556
vt 0.09407 0.56749
vt 0.0498 0.57632
vt 0.02254 0.58176
vt 0.14701 0.488
vt 0.08626 0.488
vt 0.04113 0.488
vt 0.01333 0.488
vt 0.30547 0.488
vt 0.22102 0.488
vt 0.30906 0.45142
vt 0.22624 0.43489
vt 0.15364 0.4204
vt 0.09407 0.40852
vt 0.0498 0.39968
vt 0.02254 0.39424
vt 0.11718 0.33208
vt 0.07548 0.31476
vt 0.0498 0.30409
vt 0.31969 0.41624
vt 0.24168 0.38382
vt 0.1733 0.35541
vt 0.33697 0.38382
vt 0.26675 0.33676
vt 0.20521 0.2955
vt 0.15471 0.26165
vt 0.11718 0.23649
vt 0.09407 0.221
vt 0.20521 0.19991
vt 0.1733 0.16789
vt 0.15364 0.14817
vt 0.36021 0.35541
vt 0.3005 0.2955
vt 0.24816 0.243
vt 0.38854 0.33208
vt 0.34162 0.26165
vt 0.3005 0.19991
vt 0.26675 0.14924
vt 0.24168 0.11159
vt 0.22624 0.0884
vt 0.31969 0.06975
vt 0.30906 0.04399
vt 0.42085 0.31476
vt 0.38854 0.23649
vt 0.36021 0.16789
vt 0.33697 0.11159
vt 0.43944 0.221
vt 0.425 0.14817
vt 0.41315 0.0884
vt 0.40435 0.04399
vt 0.39892 0.01664
vt 0.45592 0.30409
usemtl mat2
f 835/672/333 836/673/334 837/674/335
f 837/674/335 836/673/334 838/675/336
f 838/675/336 836/673/334 839/676/337
f 839/676/337 836/673/334 840/677/338
f 840/677/338 836/673/334 841/678/339
f 841/678/339 836/673/334 842/679/340
f 842/679/340 836/673/334 843/680/341
f 843/680/341 836/673/334 844/681/342
f 844/681/342 836/673/334 845/682/343
f 845/682/343 836/673/334 846/683/344
f 846/683/344 836/673/334 847/684/345
f 847/684/345 836/673/334 848/685/346
f 848/685/346 836/673/334 849/686/347
f 849/686/347 836/673/334 850/687/348
f 850/687/348 836/673/334 851/688/349
f 851/688/349 836/673/334 852/689/350
f 852/689/350 836/673/334 853/690/351
f 853/690/351 836/673/334 854/691/352
f 854/691/352 836/673/334 855/692/353
f 855/692/353 836/673/334 856/693/354
f 856/693/354 836/673/334 857/694/355
f 857/694/355 836/673/334 858/695/356
f 858/695/356 836/673/334 859/696/357
f 859/696/357 836/673/334 860/697/358
f 860/697/358 836/673/334 861/698/359
f 861/698/359 836/673/334 862/699/360
f 862/699/360 836/673/334 863/700/361
f 863/700/361 836/673/334 864/701/362
f 864/701/362 836/673/334 865/702/363
f 865/702/363 836/673/334 866/703/364
f 866/703/364 836/673/334 867/704/365
f 867/704/365 836/673/334 835/672/333
f 868/705/366 869/706/367 870/707/368
f 868/705/366 870/707/368 871/708/369
f 872/709/370 835/672/333 837/674/335
f 872/709/370 837/674/335 873/710/371
f 874/711/372 872/709/370 873/710/371
f 874/711/372 873/710/371 875/712/373
f 876/713/374 874/711/372 875/712/373
f 876/713/374 875/712/373 877/714/375
f 878/715/376 876/713/374 877/714/375
f 878/715/376 877/714/375 879/716/377
f 869/706/367 878/715/376 879/716/377
f 869/706/367 879/716/377 870/707/368
f 870/707/368 879/716/377 880/717/378
f 870/707/368 880/717/378 881/718/379
f 871/708/369 870/707/368 881/718/379
f 871/708/369 881/718/379 882/719/380
f 873/710/371 837/674/335 838/675/336
f 873/710/371 838/675/336 883/720/381
f 875/712/373 873/710/371 883/720/381
f 875/712/373 883/720/381 884/721/382
f 877/714/375 875/712/373 884/721/382
f 877/714/375 884/721/382 885/722/383
f 879/716/377 877/714/375 885/722/383
f 879/716/377 885/722/383 880/717/378
f 884/721/382 883/720/381 886/723/384
f 884/721/382 886/723/384 887/724/385
f 885/722/383 884/721/382 887/724/385
f 885/722/383 887/724/385 888/725/386
f 880/717/378 885/722/383 888/725/386
f 880/717/378 888/725/386 889/726/387
f 881/718/379 880/717/378 889/726/387
f 881/718/379 889/726/387 890/727/388
f 882/719/380 881/718/379 890/727/388
f 882/719/380 890/727/388 891/728/389
f 883/720/381 838/675/336 839/676/337
f 883/720/381 839/676/337 886/723/384
f 891/728/389 890/727/388 892/729/390
f 891/728/389 892/729/390 893/730/391
f 886/723/384 839/676/337 840/677/338
f 886/723/384 840/677/338 894/731/392
f 887/724/385 886/723/384 894/731/392
f 887/724/385 894/731/392 895/732/393
f 888/725/386 887/724/385 895/732/393
f 888/725/386 895/732/393 896/733/394
f 889/726/387 888/725/386 896/733/394
f 889/726/387 896/733/394 897/734/395
f 890/727/388 889/726/387 897/734/395
f 890/727/388 897/734/395 892/729/390
f 895/732/393 894/731/392 898/735/396
f 895/732/393 898/735/396 899/736/397
f 896/733/394 895/732/393 899/736/397
f 896/733/394 899/736/397 900/737/398
f 897/734/395 896/733/394 900/737/398
f 897/734/395 900/737/398 901/738/399
f 892/729/390 897/734/395 901/738/399
f 892/729/390 901/738/399 902/739/400
f 893/730/391 892/729/390 902/739/400
f 893/730/391 902/739/400 903/740/401
f 894/731/392 840/677/338 841/678/339
f 894/731/392 841/678/339 898/735/396
f 903/740/401 902/739/400 904/741/402
f 903/740/401 904/741/402 905/742/403
f 898/735/396 841/678/339 842/679/340
f 898/735/396 842/679/340 906/743/404
f 899/736/397 898/735/396 906/743/404
f 899/736/397 906/743/404 907/744/405
f 900/737/398 899/736/397 907/744/405
f 900/737/398 907/744/405 908/745/406
f 901/738/399 900/737/398 908/745/406
f 901/738/399 908/745/406 909/746/407
f 902/739/400 901/738/399 909/746/407
f 902/739/400 909/746/407 904/741/402
f 908/745/406 907/744/405 910/747/408
f 908/745/406 910/747/408 911/748/409
f 909/746/407 908/745/406 911/748/409
f 909/746/407 911/748/409 912/749/410
f 904/741/402 909/746/407 912/749/410
f 904/741/402 912/749/410 913/750/411
f 905/742/403 904/741/402 913/750/411
f 905/742/403 913/750/411 914/751/412
f 906/743/404 842/679/340 843/680/341
f 906/743/404 843/680/341 915/752/413
f 907/744/405 906/743/404 915/752/413
f 907/744/405 915/752/413 910/747/408
f 915/752/413 843/680/341 844/681/342
f 915/752/413 844/681/342 916/753/414
f 910/747/408 915/752/413 916/753/414
f 910/747/408 916/753/414 917/754/415
f 911/748/409 910/747/408 917/754/415
f 911/748/409 917/754/415 918/755/416
f 912/749/410 911/748/409 918/755/416
f 912/749/410 918/755/416 919/756/417
f 913/750/411 912/749/410 919/756/417
f 913/750/411 919/756/417 920/757/418
f 914/751/412 913/750/411 920/757/418
f 914/751/412 920/757/418 921/758/419
f 918/755/416 917/754/415 922/759/420
f 918/755/416 922/759/420 923/760/421
f 919/756/417 918/755/416 923/760/421
f 919/756/417 923/760/421 924/761/422
f 920/757/418 919/756/417 924/761/422
f 920/757/418 924/761/422 925/762/423
f 921/758/419 920/757/418 925/762/423
f 921/758/419 925/762/423 926/763/424
f 916/753/414 844/681/342 845/682/343
f 916/753/414 845/682/343 927/764/425
f 917/754/415 916/753/414 927/764/425
f 917/754/415 927/764/425 922/759/420
f 927/764/425 845/682/343 846/683/344
f 927/764/425 846/683/344 928/765/426
f 922/759/420 927/764/425 928/765/426
f 922/759/420 928/765/426 929/766/427
f 923/760/421 922/759/420 929/766/427
f 923/760/421 929/766/427 930/767/428
f 924/761/422 923/760/421 930/767/428
f 924/761/422 930/767/428 931/768/429
f 925/762/423 924/761/422 931/768/429
f 925/762/423 931/768/429 932/769/430
f 926/763/424 925/762/423 932/769/430
f 926/763/424 932/769/430 933/770/431
f 931/768/429 930/767/428 934/771/432
f 931/768/429 934/771/432 935/772/433
f 932/769/430 931/768/429 935/772/433
f 932/769/430 935/772/433 936/773/434
f 933/770/431 932/769/430 936/773/434
f 933/770/431 936/773/434 937/774/435
f 928/765/426 846/683/344 847/684/345
f 928/765/426 847/684/345 938/775/436
f 929/766/427 928/765/426 938/775/436
f 929/766/427 938/775/436 939/776/437
f 930/767/428 929/766/427 939/776/437
f 930/767/428 939/776/437 934/771/432
f 938/775/436 847/684/345 848/685/346
f 938/775/436 848/685/346 940/777/438
f 939/776/437 938/775/436 940/777/438
f 939/776/437 940/777/438 941/778/439
f 934/771/432 939/776/437 941/778/439
f 934/771/432 941/778/439 942/779/440
f 935/772/433 934/771/432 942/779/440
f 935/772/433 942/779/440 943/780/441
f 936/773/434 935/772/433 943/780/441
f 936/773/434 943/780/441 944/781/442
f 937/774/435 936/773/434 944/781/442
f 937/774/435 944/781/442 945/782/443
f 944/781/442 943/780/441 946/783/444
f 944/781/442 946/783/444 947/784/445
f 945/782/443 944/781/442 947/784/445
f 945/782/443 947/784/445 948/785/446
f 940/777/438 848/685/346 849/686/347
f 940/777/438 849/686/347 949/786/447
f 941/778/439 940/777/438 949/786/447
f 941/778/439 949/786/447 950/787/448
f 942/779/440 941/778/439 950/787/448
f 942/779/440 950/787/448 951/788/449
f 943/780/441 942/779/440 951/788/449
f 943/780/441 951/788/449 946/783/444
f 949/786/447 849/686/347 850/687/348
f 949/786/447 850/687/348 952/789/450
f 950/787/448 949/786/447 952/789/450
f 950/787/448 952/789/450 953/790/451
f 951/788/449 950/787/448 953/790/451
f 951/788/449 953/790/451 954/791/452
f 946/783/444 951/788/449 954/791/452
f 946/783/444 954/791/452 955/792/453
f 947/784/445 946/783/444 955/792/453
f 947/784/445 955/792/453 956/793/454
f 948/785/446 947/784/445 956/793/454
f 948/785/446 956/793/454 957/794/455
f 956/793/454 955/792/453 958/795/456
f 956/793/454 958/795/456 959/796/457
f 957/794/455 956/793/454 959/796/457
f 957/794/455 959/796/457 960/797/458
f 952/789/450 850/687/348 851/688/349
f 952/789/450 851/688/349 961/798/459
f 953/790/451 952/789/450 961/798/459
f 953/790/451 961/798/459 962/799/460
f 954/791/452 953/790/451 962/799/460
f 954/791/452 962/799/460 963/800/461
f 955/792/453 954/791/452 963/800/461
f 955/792/453 963/800/461 958/795/456
f 962/799/460 961/798/459 964/801/462
f 962/799/460 964/801/462 965/802/463
f 963/800/461 962/799/460 965/802/463
f 963/800/461 965/802/463 966/803/464
f 958/795/456 963/800/461 966/803/464
f 958/795/456 966/803/464 967/804/465
f 959/796/457 958/795/456 967/804/465
f 959/796/457 967/804/465 968/805/466
f 960/797/458 959/796/457 968/805/466
f 960/797/458 968/805/466 969/806/467
f 961/798/459 851/688/349 852/689/350
f 961/798/459 852/689/350 964/801/462
f 969/806/467 968/805/466 970/807/468
f 969/806/467 970/807/468 971/808/469
f 964/801/462 852/689/350 853/690/351
f 964/801/462 853/690/351 972/809/470
f 965/802/463 964/801/462 972/809/470
f 965/802/463 972/809/470 973/810/471
f 966/803/464 965/802/463 973/810/471
f 966/803/464 973/810/471 974/811/472
f 967/804/465 966/803/464 974/811/472
f 967/804/465 974/811/472 975/812/473
f 968/805/466 967/804/465 975/812/473
f 968/805/466 975/812/473 970/807/468
f 973/810/471 972/809/470 976/813/474
f 973/810/471 976/813/474 977/814/475
f 974/811/472 973/810/471 977/814/475
f 974/811/472 977/814/475 978/815/476
f 975/812/473 974/811/472 978/815/476
f 975/812/473 978/815/476 979/816/477
f 970/807/468 975/812/473 979/816/477
f 970/807/468 979/816/477 980/817/478
f 971/808/469 970/807/468 980/817/478
f 971/808/469 980/817/478 981/818/479
f 972/809/470 853/690/351 854/691/352
f 972/809/470 854/691/352 976/813/474
f 981/818/479 980/817/478 982/819/480
f 981/818/479 982/819/480 983/820/481
f 976/813/474 854/691/352 855/692/353
f 976/813/474 855/692/353 984/821/482
f 977/814/475 976/813/474 984/821/482
f 977/814/475 984/821/482 985/822/483
f 978/815/476 977/814/475 985/822/483
f 978/815/476 985/822/483 986/823/484
f 979/816/477 978/815/476 986/823/484
f 979/816/477 986/823/484 987/824/485
f 980/817/478 979/816/477 987/824/485
f 980/817/478 987/824/485 982/819/480
f 986/823/484 985/822/483 988/825/486
f 986/823/484 988/825/486 989/826/487
f 987/824/485 986/823/484 989/826/487
f 987/824/485 989/826/487 990/827/488
f 982/819/480 987/824/485 990/827/488
f 982/819/480 990/827/488 991/828/489
f 983/820/481 982/819/480 991/828/489
f 983/820/481 991/828/489 992/829/490
f 984/821/482 855/692/353 856/693/354
f 984/821/482 856/693/354 993/830/491
f 985/822/483 984/821/482 993/830/491
f 985/822/483 993/830/491 988/825/486
f 993/830/491 856/693/354 857/694/355
f 993/830/491 857/694/355 994/831/492
f 988/825/486 993/830/491 994/831/492
f 988/825/486 994/831/492 995/832/493
f 989/826/487 988/825/486 995/832/493
f 989/826/487 995/832/493 996/833/494
f 990/827/488 989/826/487 996/833/494
f 990/827/488 996/833/494 997/834/495
f 991/828/489 990/827/488 997/834/495
f 991/828/489 997/834/495 998/835/496
f 992/829/490 991/828/489 998/835/496
f 992/829/490 998/835/496 999/836/497
f 997/834/495 996/833/494 1000/837/498
f 997/834/495 1000/837/498 1001/838/499
f 998/835/496 997/834/495 1001/838/499
f 998/835/496 1001/838/499 1002/839/500
f 999/836/497 998/835/496 1002/839/500
f 999/836/497 1002/839/500 1003/840/501
f 994/831/492 857/694/355 858/695/356
f 994/831/492 858/695/356 1004/841/502
f 995/832/493 994/831/492 1004/841/502
f 995/832/493 1004/841/502 1005/842/503
f 996/833/494 995/832/493 1005/842/503
f 996/833/494 1005/842/503 1000/837/498
f 1004/841/502 858/695/356 859/696/357
f 1004/841/502 859/696/357 1006/843/504
f 1005/842/503 1004/841/502 1006/843/504
f 1005/842/503 1006/843/504 1007/844/505
f 1000/837/498 1005/842/503 1007/844/505
f 1000/837/498 1007/844/505 1008/845/506
f 1001/838/499 1000/837/498 1008/845/506
f 1001/838/499 1008/845/506 1009/846/507
f 1002/839/500 1001/838/499 1009/846/507
f 1002/839/500 1009/846/507 1010/847/508
f 1003/840/501 1002/839/500 1010/847/508
f 1003/840/501 1010/847/508 1011/848/509
f 1009/846/507 1008/845/506 1012/849/510
f 1009/846/507 1012/849/510 1013/850/511
f 1010/847/508 1009/846/507 1013/850/511
f 1010/847/508 1013/850/511 1014/851/512
f 1011/848/509 1010/847/508 1014/851/512
f 1011/848/509 1014/851/512 1015/852/513
f 1006/843/504 859/696/357 860/697/358
f 1006/843/504 860/697/358 1016/853/514
f 1007/844/505 1006/843/504 1016/853/514
f 1007/844/505 1016/853/514 1017/854/515
f 1008/845/506 1007/844/505 1017/854/515
f 1008/845/506 1017/854/515 1012/849/510
f 1016/853/514 860/697/358 861/698/359
f 1016/853/514 861/698/359 1018/855/516
f 1017/854/515 1016/853/514 1018/855/516
f 1017/854/515 1018/855/516 1019/856/517
f 1012/849/510 1017/854/515 1019/856/517
f 1012/849/510 1019/856/517 1020/857/518
f 1013/850/511 1012/849/510 1020/857/518
f 1013/850/511 1020/857/518 1021/858/519
f 1014/851/512 1013/850/511 1021/858/519
f 1014/851/512 1021/858/519 1022/859/520
f 1015/852/513 1014/851/512 1022/859/520
f 1015/852/513 1022/859/520 1023/860/521
f 1022/859/520 1021/858/519 1024/861/522
f 1022/859/520 1024/861/522 1025/862/523
f 1023/860/521 1022/859/520 1025/862/523
f 1023/860/521 1025/862/523 1026/863/524
f 1018/855/516 861/698/359 862/699/360
f 1018/855/516 862/699/360 1027/864/525
f 1019/856/517 1018/855/516 1027/864/525
f 1019/856/517 1027/864/525 1028/865/526
f 1020/857/518 1019/856/517 1028/865/526
f 1020/857/518 1028/865/526 1029/866/527
f 1021/858/519 1020/857/518 1029/866/527
f 1021/858/519 1029/866/527 1024/861/522
f 1027/864/525 862/699/360 863/700/361
f 1027/864/525 863/700/361 1030/867/528
f 1028/865/526 1027/864/525 1030/867/528
f 1028/865/526 1030/867/528 1031/868/529
f 1029/866/527 1028/865/526 1031/868/529
f 1029/866/527 1031/868/529 1032/869/530
f 1024/861/522 1029/866/527 1032/869/530
f 1024/861/522 1032/869/530 1033/870/531
f 1025/862/523 1024/861/522 1033/870/531
f 1025/862/523 1033/870/531 1034/871/532
f 1026/863/524 1025/862/523 1034/871/532
f 1026/863/524 1034/871/532 1035/872/533
f 1034/871/532 1033/870/531 1036/873/534
f 1034/871/532 1036/873/534 1037/874/535
f 1035/872/533 1034/871/532 1037/874/535
f 1035/872/533 1037/874/535 1038/875/536
f 1030/867/528 863/700/361 864/701/362
f 1030/867/528 864/701/362 1039/876/537
f 1031/868/529 1030/867/528 1039/876/537
f 1031/868/529 1039/876/537 1040/877/538
f 1032/869/530 1031/868/529 1040/877/538
f 1032/869/530 1040/877/538 1041/878/539
f 1033/870/531 1032/869/530 1041/878/539
f 1033/870/531 1041/878/539 1036/873/534
f 1040/877/538 1039/876/537 1042/879/540
f 1040/877/538 1042/879/540 1043/880/541
f 1041/878/539 1040/877/538 1043/880/541
f 1041/878/539 1043/880/541 1044/881/542
f 1036/873/534 1041/878/539 1044/881/542
f 1036/873/534 1044/881/542 1045/882/543
f 1037/874/535 1036/873/534 1045/882/543
f 1037/874/535 1045/882/543 1046/883/544
f 1038/875/536 1037/874/535 1046/883/544
f 1038/875/536 1046/883/544 1047/884/545
f 1039/876/537 864/701/362 865/702/363
f 1039/876/537 865/702/363 1042/879/540
f 1047/884/545 1046/883/544 1048/885/546
f 1047/884/545 1048/885/546 1049/886/547
f 1042/879/540 865/702/363 866/703/364
f 1042/879/540 866/703/364 1050/887/548
f 1043/880/541 1042/879/540 1050/887/548
f 1043/880/541 1050/887/548 1051/888/549
f 1044/881/542 1043/880/541 1051/888/549
f 1044/881/542 1051/888/549 1052/889/550
f 1045/882/543 1044/881/542 1052/889/550
f 1045/882/543 1052/889/550 1053/890/551
f 1046/883/544 1045/882/543 1053/890/551
f 1046/883/544 1053/890/551 1048/885/546
f 1052/889/550 1051/888/549 1054/891/552
f 1052/889/550 1054/891/552 1055/892/553
f 1053/890/551 1052/889/550 1055/892/553
f 1053/890/551 1055/892/553 1056/893/554
f 1048/885/546 1053/890/551 1056/893/554
f 1048/885/546 1056/893/554 1057/894/555
f 1049/886/547 1048/885/546 1057/894/555
f 1049/886/547 1057/894/555 1058/895/556
f 1050/887/548 866/703/364 867/704/365
f 1050/887/548 867/704/365 1059/896/557
f 1051/888/549 1050/887/548 1059/896/557
f 1051/888/549 1059/896/557 1054/891/552
f 1059/896/557 867/704/365 835/672/333
f 1059/896/557 835/672/333 872/709/370
f 1054/891/552 1059/896/557 872/709/370
f 1054/891/552 872/709/370 874/711/372
f 1055/892/553 1054/891/552 874/711/372
f 1055/892/553 874/711/372 876/713/374
f 1056/893/554 1055/892/553 876/713/374
f 1056/893/554 876/713/374 878/715/376
f 1057/894/555 1056/893/554 878/715/376
f 1057/894/555 878/715/376 869/706/367
f 1058/895/556 1057/894/555 869/706/367
f 1058/895/556 869/706/367 868/705/366
# Vertices: 225, normals: 225, texture coordinates: 225, faces: 416

